run_idx,stage,metric,alpha,rho,eta,T,D_theta,D_pi,per_run_metric_1
1,grid,0.8010638064134422,0.0006,0.01,1e-05,2000,0.01,0.012,0.8010638064134422
2,grid,0.8010638064134422,0.0006,0.01,1e-05,2000,0.1,0.12,0.8010638064134422
3,grid,0.8010638064134422,0.0006,0.01,1e-05,2000,0.5,0.6,0.8010638064134422
4,grid,0.8010638064134422,0.0006,0.01,1e-05,2000,1.0,1.2,0.8010638064134422
5,grid,0.7701747508724991,0.0006,0.01,1e-05,2000,5.0,6.0,0.7701747508724991
6,grid,0.8360796376047933,0.0006,0.01,1e-05,2000,10.0,12.0,0.8360796376047933
7,grid,0.8424521740342549,0.0006,0.01,1e-05,2000,20.0,24.0,0.8424521740342549
8,grid,0.8010638064134422,0.0006,0.1,1e-05,2000,0.01,0.012,0.8010638064134422
9,grid,0.8010638064134422,0.0006,0.1,1e-05,2000,0.1,0.12,0.8010638064134422
10,grid,0.8010638064134422,0.0006,0.1,1e-05,2000,0.5,0.6,0.8010638064134422
11,grid,0.8010638064134422,0.0006,0.1,1e-05,2000,1.0,1.2,0.8010638064134422
12,grid,0.7701747508724991,0.0006,0.1,1e-05,2000,5.0,6.0,0.7701747508724991
13,grid,0.8360796376047933,0.0006,0.1,1e-05,2000,10.0,12.0,0.8360796376047933
14,grid,0.8424521740342549,0.0006,0.1,1e-05,2000,20.0,24.0,0.8424521740342549
15,grid,0.8010638064134422,0.0006,1.0,1e-05,2000,0.01,0.012,0.8010638064134422
16,grid,0.8010638064134422,0.0006,1.0,1e-05,2000,0.1,0.12,0.8010638064134422
17,grid,0.8010638064134422,0.0006,1.0,1e-05,2000,0.5,0.6,0.8010638064134422
18,grid,0.8010638064134422,0.0006,1.0,1e-05,2000,1.0,1.2,0.8010638064134422
19,grid,0.7701747508724991,0.0006,1.0,1e-05,2000,5.0,6.0,0.7701747508724991
20,grid,0.8360796376047933,0.0006,1.0,1e-05,2000,10.0,12.0,0.8360796376047933
21,grid,0.8424521740342549,0.0006,1.0,1e-05,2000,20.0,24.0,0.8424521740342549
22,grid,0.8010638064134422,0.0006,10.0,1e-05,2000,0.01,0.012,0.8010638064134422
23,grid,0.8010638064134422,0.0006,10.0,1e-05,2000,0.1,0.12,0.8010638064134422
24,grid,0.8010638064134422,0.0006,10.0,1e-05,2000,0.5,0.6,0.8010638064134422
25,grid,0.8010638064134422,0.0006,10.0,1e-05,2000,1.0,1.2,0.8010638064134422
26,grid,0.7701747508724991,0.0006,10.0,1e-05,2000,5.0,6.0,0.7701747508724991
27,grid,0.8360796376047933,0.0006,10.0,1e-05,2000,10.0,12.0,0.8360796376047933
28,grid,0.8424521740342549,0.0006,10.0,1e-05,2000,20.0,24.0,0.8424521740342549
29,grid,0.8010638064134422,0.0006,100.0,1e-05,2000,0.01,0.012,0.8010638064134422
30,grid,0.8010638064134422,0.0006,100.0,1e-05,2000,0.1,0.12,0.8010638064134422
31,grid,0.8010638064134422,0.0006,100.0,1e-05,2000,0.5,0.6,0.8010638064134422
32,grid,0.8010638064134422,0.0006,100.0,1e-05,2000,1.0,1.2,0.8010638064134422
33,grid,0.7701747508724991,0.0006,100.0,1e-05,2000,5.0,6.0,0.7701747508724991
34,grid,0.7786061986229071,0.0006,100.0,1e-05,2000,10.0,12.0,0.7786061986229071
35,grid,0.8424521740342549,0.0006,100.0,1e-05,2000,20.0,24.0,0.8424521740342549
36,grid,0.8010638064134422,0.0006,0.01,0.0001,2000,0.01,0.012,0.8010638064134422
37,grid,0.8010638064134422,0.0006,0.01,0.0001,2000,0.1,0.12,0.8010638064134422
38,grid,0.8010638064134422,0.0006,0.01,0.0001,2000,0.5,0.6,0.8010638064134422
39,grid,0.7701747508724991,0.0006,0.01,0.0001,2000,1.0,1.2,0.7701747508724991
40,grid,0.7013087630484035,0.0006,0.01,0.0001,2000,5.0,6.0,0.7013087630484035
41,grid,0.5815858712239,0.0006,0.01,0.0001,2000,10.0,12.0,0.5815858712239
42,grid,0.5239297721800001,0.0006,0.01,0.0001,2000,20.0,24.0,0.5239297721800001
43,grid,0.8010638064134422,0.0006,0.1,0.0001,2000,0.01,0.012,0.8010638064134422
44,grid,0.8010638064134422,0.0006,0.1,0.0001,2000,0.1,0.12,0.8010638064134422
45,grid,0.8010638064134422,0.0006,0.1,0.0001,2000,0.5,0.6,0.8010638064134422
46,grid,0.7701747508724991,0.0006,0.1,0.0001,2000,1.0,1.2,0.7701747508724991
47,grid,0.7013087630484035,0.0006,0.1,0.0001,2000,5.0,6.0,0.7013087630484035
48,grid,0.5815858712239,0.0006,0.1,0.0001,2000,10.0,12.0,0.5815858712239
49,grid,0.5274165565810002,0.0006,0.1,0.0001,2000,20.0,24.0,0.5274165565810002
50,grid,0.8010638064134422,0.0006,1.0,0.0001,2000,0.01,0.012,0.8010638064134422
51,grid,0.8010638064134422,0.0006,1.0,0.0001,2000,0.1,0.12,0.8010638064134422
52,grid,0.8010638064134422,0.0006,1.0,0.0001,2000,0.5,0.6,0.8010638064134422
53,grid,0.7701747508724991,0.0006,1.0,0.0001,2000,1.0,1.2,0.7701747508724991
54,grid,0.7013087630484035,0.0006,1.0,0.0001,2000,5.0,6.0,0.7013087630484035
55,grid,0.5815858712239,0.0006,1.0,0.0001,2000,10.0,12.0,0.5815858712239
56,grid,0.5274165565810002,0.0006,1.0,0.0001,2000,20.0,24.0,0.5274165565810002
57,grid,0.8010638064134422,0.0006,10.0,0.0001,2000,0.01,0.012,0.8010638064134422
58,grid,0.8010638064134422,0.0006,10.0,0.0001,2000,0.1,0.12,0.8010638064134422
59,grid,0.8010638064134422,0.0006,10.0,0.0001,2000,0.5,0.6,0.8010638064134422
60,grid,0.7701747508724991,0.0006,10.0,0.0001,2000,1.0,1.2,0.7701747508724991
61,grid,0.7138342306048461,0.0006,10.0,0.0001,2000,5.0,6.0,0.7138342306048461
62,grid,0.6724145356053215,0.0006,10.0,0.0001,2000,10.0,12.0,0.6724145356053215
63,grid,0.6724145356053215,0.0006,10.0,0.0001,2000,20.0,24.0,0.6724145356053215
64,grid,0.8010638064134422,0.0006,100.0,0.0001,2000,0.01,0.012,0.8010638064134422
65,grid,0.8010638064134422,0.0006,100.0,0.0001,2000,0.1,0.12,0.8010638064134422
66,grid,0.8010638064134422,0.0006,100.0,0.0001,2000,0.5,0.6,0.8010638064134422
67,grid,0.8010638064134422,0.0006,100.0,0.0001,2000,1.0,1.2,0.8010638064134422
68,grid,0.7701747508724991,0.0006,100.0,0.0001,2000,5.0,6.0,0.7701747508724991
69,grid,0.7891883030638501,0.0006,100.0,0.0001,2000,10.0,12.0,0.7891883030638501
70,grid,0.8424521740342549,0.0006,100.0,0.0001,2000,20.0,24.0,0.8424521740342549
71,grid,0.8010638064134422,0.0006,0.01,0.001,2000,0.01,0.012,0.8010638064134422
72,grid,0.8010638064134422,0.0006,0.01,0.001,2000,0.1,0.12,0.8010638064134422
73,grid,0.8010638064134422,0.0006,0.01,0.001,2000,0.5,0.6,0.8010638064134422
74,grid,0.8010638064134422,0.0006,0.01,0.001,2000,1.0,1.2,0.8010638064134422
75,grid,0.6949362266189419,0.0006,0.01,0.001,2000,5.0,6.0,0.6949362266189419
76,grid,0.5191468031800002,0.0006,0.01,0.001,2000,10.0,12.0,0.5191468031800002
77,grid,0.46470178810000007,0.0006,0.01,0.001,2000,20.0,24.0,0.46470178810000007
78,grid,0.8010638064134422,0.0006,0.1,0.001,2000,0.01,0.012,0.8010638064134422
79,grid,0.8010638064134422,0.0006,0.1,0.001,2000,0.1,0.12,0.8010638064134422
80,grid,0.8010638064134422,0.0006,0.1,0.001,2000,0.5,0.6,0.8010638064134422
81,grid,0.8010638064134422,0.0006,0.1,0.001,2000,1.0,1.2,0.8010638064134422
82,grid,0.6949362266189419,0.0006,0.1,0.001,2000,5.0,6.0,0.6949362266189419
83,grid,0.5191468031800002,0.0006,0.1,0.001,2000,10.0,12.0,0.5191468031800002
84,grid,0.46470178810000007,0.0006,0.1,0.001,2000,20.0,24.0,0.46470178810000007
85,grid,0.8010638064134422,0.0006,1.0,0.001,2000,0.01,0.012,0.8010638064134422
86,grid,0.8010638064134422,0.0006,1.0,0.001,2000,0.1,0.12,0.8010638064134422
87,grid,0.8010638064134422,0.0006,1.0,0.001,2000,0.5,0.6,0.8010638064134422
88,grid,0.8010638064134422,0.0006,1.0,0.001,2000,1.0,1.2,0.8010638064134422
89,grid,0.686504778868534,0.0006,1.0,0.001,2000,5.0,6.0,0.686504778868534
90,grid,0.5191468031800002,0.0006,1.0,0.001,2000,10.0,12.0,0.5191468031800002
91,grid,0.46470178810000007,0.0006,1.0,0.001,2000,20.0,24.0,0.46470178810000007
92,grid,0.8010638064134422,0.0006,10.0,0.001,2000,0.01,0.012,0.8010638064134422
93,grid,0.8010638064134422,0.0006,10.0,0.001,2000,0.1,0.12,0.8010638064134422
94,grid,0.8010638064134422,0.0006,10.0,0.001,2000,0.5,0.6,0.8010638064134422
95,grid,0.7701747508724991,0.0006,10.0,0.001,2000,1.0,1.2,0.7701747508724991
96,grid,0.7013087630484035,0.0006,10.0,0.001,2000,5.0,6.0,0.7013087630484035
97,grid,0.6660419991758599,0.0006,10.0,0.001,2000,10.0,12.0,0.6660419991758599
98,grid,0.6189622010643784,0.0006,10.0,0.001,2000,20.0,24.0,0.6189622010643784
99,grid,0.8010638064134422,0.0006,100.0,0.001,2000,0.01,0.012,0.8010638064134422
100,grid,0.8010638064134422,0.0006,100.0,0.001,2000,0.1,0.12,0.8010638064134422
101,grid,0.8010638064134422,0.0006,100.0,0.001,2000,0.5,0.6,0.8010638064134422
102,grid,0.8010638064134422,0.0006,100.0,0.001,2000,1.0,1.2,0.8010638064134422
103,grid,0.7701747508724991,0.0006,100.0,0.001,2000,5.0,6.0,0.7701747508724991
104,grid,0.7891883030638501,0.0006,100.0,0.001,2000,10.0,12.0,0.7891883030638501
105,grid,0.8424521740342549,0.0006,100.0,0.001,2000,20.0,24.0,0.8424521740342549
106,grid,0.8010638064134422,0.0006,0.01,0.01,2000,0.01,0.012,0.8010638064134422
107,grid,0.8010638064134422,0.0006,0.01,0.01,2000,0.1,0.12,0.8010638064134422
108,grid,0.8010638064134422,0.0006,0.01,0.01,2000,0.5,0.6,0.8010638064134422
109,grid,0.8010638064134422,0.0006,0.01,0.01,2000,1.0,1.2,0.8010638064134422
110,grid,0.6949362266189419,0.0006,0.01,0.01,2000,5.0,6.0,0.6949362266189419
111,grid,0.5191468031800002,0.0006,0.01,0.01,2000,10.0,12.0,0.5191468031800002
112,grid,0.45460440910000005,0.0006,0.01,0.01,2000,20.0,24.0,0.45460440910000005
113,grid,0.8010638064134422,0.0006,0.1,0.01,2000,0.01,0.012,0.8010638064134422
114,grid,0.8010638064134422,0.0006,0.1,0.01,2000,0.1,0.12,0.8010638064134422
115,grid,0.8010638064134422,0.0006,0.1,0.01,2000,0.5,0.6,0.8010638064134422
116,grid,0.8010638064134422,0.0006,0.1,0.01,2000,1.0,1.2,0.8010638064134422
117,grid,0.686504778868534,0.0006,0.1,0.01,2000,5.0,6.0,0.686504778868534
118,grid,0.5191468031800002,0.0006,0.1,0.01,2000,10.0,12.0,0.5191468031800002
119,grid,0.45460440910000005,0.0006,0.1,0.01,2000,20.0,24.0,0.45460440910000005
120,grid,0.8010638064134422,0.0006,1.0,0.01,2000,0.01,0.012,0.8010638064134422
121,grid,0.8010638064134422,0.0006,1.0,0.01,2000,0.1,0.12,0.8010638064134422
122,grid,0.8010638064134422,0.0006,1.0,0.01,2000,0.5,0.6,0.8010638064134422
123,grid,0.8010638064134422,0.0006,1.0,0.01,2000,1.0,1.2,0.8010638064134422
124,grid,0.686504778868534,0.0006,1.0,0.01,2000,5.0,6.0,0.686504778868534
125,grid,0.5191468031800002,0.0006,1.0,0.01,2000,10.0,12.0,0.5191468031800002
126,grid,0.46470178810000007,0.0006,1.0,0.01,2000,20.0,24.0,0.46470178810000007
127,grid,0.8010638064134422,0.0006,10.0,0.01,2000,0.01,0.012,0.8010638064134422
128,grid,0.8010638064134422,0.0006,10.0,0.01,2000,0.1,0.12,0.8010638064134422
129,grid,0.8010638064134422,0.0006,10.0,0.01,2000,0.5,0.6,0.8010638064134422
130,grid,0.7701747508724991,0.0006,10.0,0.01,2000,1.0,1.2,0.7701747508724991
131,grid,0.6928773152979956,0.0006,10.0,0.01,2000,5.0,6.0,0.6928773152979956
132,grid,0.6660419991758599,0.0006,10.0,0.01,2000,10.0,12.0,0.6660419991758599
133,grid,0.6660419991758599,0.0006,10.0,0.01,2000,20.0,24.0,0.6660419991758599
134,grid,0.8010638064134422,0.0006,100.0,0.01,2000,0.01,0.012,0.8010638064134422
135,grid,0.8010638064134422,0.0006,100.0,0.01,2000,0.1,0.12,0.8010638064134422
136,grid,0.8010638064134422,0.0006,100.0,0.01,2000,0.5,0.6,0.8010638064134422
137,grid,0.8010638064134422,0.0006,100.0,0.01,2000,1.0,1.2,0.8010638064134422
138,grid,0.7701747508724991,0.0006,100.0,0.01,2000,5.0,6.0,0.7701747508724991
139,grid,0.7891883030638501,0.0006,100.0,0.01,2000,10.0,12.0,0.7891883030638501
140,grid,0.8424521740342549,0.0006,100.0,0.01,2000,20.0,24.0,0.8424521740342549
141,grid,0.8010638064134422,0.0006,0.01,0.1,2000,0.01,0.012,0.8010638064134422
142,grid,0.8010638064134422,0.0006,0.01,0.1,2000,0.1,0.12,0.8010638064134422
143,grid,0.8010638064134422,0.0006,0.01,0.1,2000,0.5,0.6,0.8010638064134422
144,grid,0.8010638064134422,0.0006,0.01,0.1,2000,1.0,1.2,0.8010638064134422
145,grid,0.6949362266189419,0.0006,0.01,0.1,2000,5.0,6.0,0.6949362266189419
146,grid,0.5191468031800002,0.0006,0.01,0.1,2000,10.0,12.0,0.5191468031800002
147,grid,0.45460440910000005,0.0006,0.01,0.1,2000,20.0,24.0,0.45460440910000005
148,grid,0.8010638064134422,0.0006,0.1,0.1,2000,0.01,0.012,0.8010638064134422
149,grid,0.8010638064134422,0.0006,0.1,0.1,2000,0.1,0.12,0.8010638064134422
150,grid,0.8010638064134422,0.0006,0.1,0.1,2000,0.5,0.6,0.8010638064134422
151,grid,0.8010638064134422,0.0006,0.1,0.1,2000,1.0,1.2,0.8010638064134422
152,grid,0.686504778868534,0.0006,0.1,0.1,2000,5.0,6.0,0.686504778868534
153,grid,0.5191468031800002,0.0006,0.1,0.1,2000,10.0,12.0,0.5191468031800002
154,grid,0.45460440910000005,0.0006,0.1,0.1,2000,20.0,24.0,0.45460440910000005
155,grid,0.8010638064134422,0.0006,1.0,0.1,2000,0.01,0.012,0.8010638064134422
156,grid,0.8010638064134422,0.0006,1.0,0.1,2000,0.1,0.12,0.8010638064134422
157,grid,0.8010638064134422,0.0006,1.0,0.1,2000,0.5,0.6,0.8010638064134422
158,grid,0.8010638064134422,0.0006,1.0,0.1,2000,1.0,1.2,0.8010638064134422
159,grid,0.686504778868534,0.0006,1.0,0.1,2000,5.0,6.0,0.686504778868534
160,grid,0.5191468031800002,0.0006,1.0,0.1,2000,10.0,12.0,0.5191468031800002
161,grid,0.48409997509,0.0006,1.0,0.1,2000,20.0,24.0,0.48409997509
162,grid,0.8010638064134422,0.0006,10.0,0.1,2000,0.01,0.012,0.8010638064134422
163,grid,0.8010638064134422,0.0006,10.0,0.1,2000,0.1,0.12,0.8010638064134422
164,grid,0.8010638064134422,0.0006,10.0,0.1,2000,0.5,0.6,0.8010638064134422
165,grid,0.7701747508724991,0.0006,10.0,0.1,2000,1.0,1.2,0.7701747508724991
166,grid,0.7094876400384035,0.0006,10.0,0.1,2000,5.0,6.0,0.7094876400384035
167,grid,0.7094876400384035,0.0006,10.0,0.1,2000,10.0,12.0,0.7094876400384035
168,grid,0.7094876400384035,0.0006,10.0,0.1,2000,20.0,24.0,0.7094876400384035
169,grid,0.8010638064134422,0.0006,100.0,0.1,2000,0.01,0.012,0.8010638064134422
170,grid,0.8010638064134422,0.0006,100.0,0.1,2000,0.1,0.12,0.8010638064134422
171,grid,0.8010638064134422,0.0006,100.0,0.1,2000,0.5,0.6,0.8010638064134422
172,grid,0.8010638064134422,0.0006,100.0,0.1,2000,1.0,1.2,0.8010638064134422
173,grid,0.7701747508724991,0.0006,100.0,0.1,2000,5.0,6.0,0.7701747508724991
174,grid,0.7891883030638501,0.0006,100.0,0.1,2000,10.0,12.0,0.7891883030638501
175,grid,0.8360796376047933,0.0006,100.0,0.1,2000,20.0,24.0,0.8360796376047933
176,grid,0.8010638064134422,0.001,0.01,1e-05,2000,0.01,0.02,0.8010638064134422
177,grid,0.8010638064134422,0.001,0.01,1e-05,2000,0.1,0.2,0.8010638064134422
178,grid,0.8010638064134422,0.001,0.01,1e-05,2000,0.5,1.0,0.8010638064134422
179,grid,0.8010638064134422,0.001,0.01,1e-05,2000,1.0,2.0,0.8010638064134422
180,grid,0.7786061986229071,0.001,0.01,1e-05,2000,5.0,10.0,0.7786061986229071
181,grid,0.8424521740342549,0.001,0.01,1e-05,2000,10.0,20.0,0.8424521740342549
182,grid,0.8424521740342549,0.001,0.01,1e-05,2000,20.0,40.0,0.8424521740342549
183,grid,0.8010638064134422,0.001,0.1,1e-05,2000,0.01,0.02,0.8010638064134422
184,grid,0.8010638064134422,0.001,0.1,1e-05,2000,0.1,0.2,0.8010638064134422
185,grid,0.8010638064134422,0.001,0.1,1e-05,2000,0.5,1.0,0.8010638064134422
186,grid,0.8010638064134422,0.001,0.1,1e-05,2000,1.0,2.0,0.8010638064134422
187,grid,0.7786061986229071,0.001,0.1,1e-05,2000,5.0,10.0,0.7786061986229071
188,grid,0.8424521740342549,0.001,0.1,1e-05,2000,10.0,20.0,0.8424521740342549
189,grid,0.8424521740342549,0.001,0.1,1e-05,2000,20.0,40.0,0.8424521740342549
190,grid,0.8010638064134422,0.001,1.0,1e-05,2000,0.01,0.02,0.8010638064134422
191,grid,0.8010638064134422,0.001,1.0,1e-05,2000,0.1,0.2,0.8010638064134422
192,grid,0.8010638064134422,0.001,1.0,1e-05,2000,0.5,1.0,0.8010638064134422
193,grid,0.8010638064134422,0.001,1.0,1e-05,2000,1.0,2.0,0.8010638064134422
194,grid,0.7786061986229071,0.001,1.0,1e-05,2000,5.0,10.0,0.7786061986229071
195,grid,0.8424521740342549,0.001,1.0,1e-05,2000,10.0,20.0,0.8424521740342549
196,grid,0.8424521740342549,0.001,1.0,1e-05,2000,20.0,40.0,0.8424521740342549
197,grid,0.8010638064134422,0.001,10.0,1e-05,2000,0.01,0.02,0.8010638064134422
198,grid,0.8010638064134422,0.001,10.0,1e-05,2000,0.1,0.2,0.8010638064134422
199,grid,0.8010638064134422,0.001,10.0,1e-05,2000,0.5,1.0,0.8010638064134422
200,grid,0.8010638064134422,0.001,10.0,1e-05,2000,1.0,2.0,0.8010638064134422
201,grid,0.7786061986229071,0.001,10.0,1e-05,2000,5.0,10.0,0.7786061986229071
202,grid,0.8424521740342549,0.001,10.0,1e-05,2000,10.0,20.0,0.8424521740342549
203,grid,0.8424521740342549,0.001,10.0,1e-05,2000,20.0,40.0,0.8424521740342549
204,grid,0.8010638064134422,0.001,100.0,1e-05,2000,0.01,0.02,0.8010638064134422
205,grid,0.8010638064134422,0.001,100.0,1e-05,2000,0.1,0.2,0.8010638064134422
206,grid,0.8010638064134422,0.001,100.0,1e-05,2000,0.5,1.0,0.8010638064134422
207,grid,0.8010638064134422,0.001,100.0,1e-05,2000,1.0,2.0,0.8010638064134422
208,grid,0.7701747508724991,0.001,100.0,1e-05,2000,5.0,10.0,0.7701747508724991
209,grid,0.8360796376047933,0.001,100.0,1e-05,2000,10.0,20.0,0.8360796376047933
210,grid,0.8424521740342549,0.001,100.0,1e-05,2000,20.0,40.0,0.8424521740342549
211,grid,0.8010638064134422,0.001,0.01,0.0001,2000,0.01,0.02,0.8010638064134422
212,grid,0.8010638064134422,0.001,0.01,0.0001,2000,0.1,0.2,0.8010638064134422
213,grid,0.8010638064134422,0.001,0.01,0.0001,2000,0.5,1.0,0.8010638064134422
214,grid,0.7701747508724991,0.001,0.01,0.0001,2000,1.0,2.0,0.7701747508724991
215,grid,0.686504778868534,0.001,0.01,0.0001,2000,5.0,10.0,0.686504778868534
216,grid,0.51527259829,0.001,0.01,0.0001,2000,10.0,20.0,0.51527259829
217,grid,0.5027890492,0.001,0.01,0.0001,2000,20.0,40.0,0.5027890492
218,grid,0.8010638064134422,0.001,0.1,0.0001,2000,0.01,0.02,0.8010638064134422
219,grid,0.8010638064134422,0.001,0.1,0.0001,2000,0.1,0.2,0.8010638064134422
220,grid,0.8010638064134422,0.001,0.1,0.0001,2000,0.5,1.0,0.8010638064134422
221,grid,0.7701747508724991,0.001,0.1,0.0001,2000,1.0,2.0,0.7701747508724991
222,grid,0.686504778868534,0.001,0.1,0.0001,2000,5.0,10.0,0.686504778868534
223,grid,0.51527259829,0.001,0.1,0.0001,2000,10.0,20.0,0.51527259829
224,grid,0.5027890492,0.001,0.1,0.0001,2000,20.0,40.0,0.5027890492
225,grid,0.8010638064134422,0.001,1.0,0.0001,2000,0.01,0.02,0.8010638064134422
226,grid,0.8010638064134422,0.001,1.0,0.0001,2000,0.1,0.2,0.8010638064134422
227,grid,0.8010638064134422,0.001,1.0,0.0001,2000,0.5,1.0,0.8010638064134422
228,grid,0.7701747508724991,0.001,1.0,0.0001,2000,1.0,2.0,0.7701747508724991
229,grid,0.686504778868534,0.001,1.0,0.0001,2000,5.0,10.0,0.686504778868534
230,grid,0.51527259829,0.001,1.0,0.0001,2000,10.0,20.0,0.51527259829
231,grid,0.5027890492,0.001,1.0,0.0001,2000,20.0,40.0,0.5027890492
232,grid,0.8010638064134422,0.001,10.0,0.0001,2000,0.01,0.02,0.8010638064134422
233,grid,0.8010638064134422,0.001,10.0,0.0001,2000,0.1,0.2,0.8010638064134422
234,grid,0.8010638064134422,0.001,10.0,0.0001,2000,0.5,1.0,0.8010638064134422
235,grid,0.7701747508724991,0.001,10.0,0.0001,2000,1.0,2.0,0.7701747508724991
236,grid,0.7094876400384035,0.001,10.0,0.0001,2000,5.0,10.0,0.7094876400384035
237,grid,0.6777806967984604,0.001,10.0,0.0001,2000,10.0,20.0,0.6777806967984604
238,grid,0.6724145356053215,0.001,10.0,0.0001,2000,20.0,40.0,0.6724145356053215
239,grid,0.8010638064134422,0.001,100.0,0.0001,2000,0.01,0.02,0.8010638064134422
240,grid,0.8010638064134422,0.001,100.0,0.0001,2000,0.1,0.2,0.8010638064134422
241,grid,0.8010638064134422,0.001,100.0,0.0001,2000,0.5,1.0,0.8010638064134422
242,grid,0.8010638064134422,0.001,100.0,0.0001,2000,1.0,2.0,0.8010638064134422
243,grid,0.7786061986229071,0.001,100.0,0.0001,2000,5.0,10.0,0.7786061986229071
244,grid,0.8360796376047933,0.001,100.0,0.0001,2000,10.0,20.0,0.8360796376047933
245,grid,0.8424521740342549,0.001,100.0,0.0001,2000,20.0,40.0,0.8424521740342549
246,grid,0.8010638064134422,0.001,0.01,0.001,2000,0.01,0.02,0.8010638064134422
247,grid,0.8010638064134422,0.001,0.01,0.001,2000,0.1,0.2,0.8010638064134422
248,grid,0.8010638064134422,0.001,0.01,0.001,2000,0.5,1.0,0.8010638064134422
249,grid,0.7701747508724991,0.001,0.01,0.001,2000,1.0,2.0,0.7701747508724991
250,grid,0.5643194859882452,0.001,0.01,0.001,2000,5.0,10.0,0.5643194859882452
251,grid,0.45460440910000005,0.001,0.01,0.001,2000,10.0,20.0,0.45460440910000005
252,grid,0.39045095110000005,0.001,0.01,0.001,2000,20.0,40.0,0.39045095110000005
253,grid,0.8010638064134422,0.001,0.1,0.001,2000,0.01,0.02,0.8010638064134422
254,grid,0.8010638064134422,0.001,0.1,0.001,2000,0.1,0.2,0.8010638064134422
255,grid,0.8010638064134422,0.001,0.1,0.001,2000,0.5,1.0,0.8010638064134422
256,grid,0.7701747508724991,0.001,0.1,0.001,2000,1.0,2.0,0.7701747508724991
257,grid,0.5643194859882452,0.001,0.1,0.001,2000,5.0,10.0,0.5643194859882452
258,grid,0.45460440910000005,0.001,0.1,0.001,2000,10.0,20.0,0.45460440910000005
259,grid,0.39045095110000005,0.001,0.1,0.001,2000,20.0,40.0,0.39045095110000005
260,grid,0.8010638064134422,0.001,1.0,0.001,2000,0.01,0.02,0.8010638064134422
261,grid,0.8010638064134422,0.001,1.0,0.001,2000,0.1,0.2,0.8010638064134422
262,grid,0.8010638064134422,0.001,1.0,0.001,2000,0.5,1.0,0.8010638064134422
263,grid,0.7701747508724991,0.001,1.0,0.001,2000,1.0,2.0,0.7701747508724991
264,grid,0.5584145859882451,0.001,1.0,0.001,2000,5.0,10.0,0.5584145859882451
265,grid,0.45460440910000005,0.001,1.0,0.001,2000,10.0,20.0,0.45460440910000005
266,grid,0.39045095110000005,0.001,1.0,0.001,2000,20.0,40.0,0.39045095110000005
267,grid,0.8010638064134422,0.001,10.0,0.001,2000,0.01,0.02,0.8010638064134422
268,grid,0.8010638064134422,0.001,10.0,0.001,2000,0.1,0.2,0.8010638064134422
269,grid,0.8010638064134422,0.001,10.0,0.001,2000,0.5,1.0,0.8010638064134422
270,grid,0.7701747508724991,0.001,10.0,0.001,2000,1.0,2.0,0.7701747508724991
271,grid,0.6660419991758599,0.001,10.0,0.001,2000,5.0,10.0,0.6660419991758599
272,grid,0.5815858712239,0.001,10.0,0.001,2000,10.0,20.0,0.5815858712239
273,grid,0.5815858712239,0.001,10.0,0.001,2000,20.0,40.0,0.5815858712239
274,grid,0.8010638064134422,0.001,100.0,0.001,2000,0.01,0.02,0.8010638064134422
275,grid,0.8010638064134422,0.001,100.0,0.001,2000,0.1,0.2,0.8010638064134422
276,grid,0.8010638064134422,0.001,100.0,0.001,2000,0.5,1.0,0.8010638064134422
277,grid,0.8010638064134422,0.001,100.0,0.001,2000,1.0,2.0,0.8010638064134422
278,grid,0.7786061986229071,0.001,100.0,0.001,2000,5.0,10.0,0.7786061986229071
279,grid,0.8360796376047933,0.001,100.0,0.001,2000,10.0,20.0,0.8360796376047933
280,grid,0.8424521740342549,0.001,100.0,0.001,2000,20.0,40.0,0.8424521740342549
281,grid,0.8010638064134422,0.001,0.01,0.01,2000,0.01,0.02,0.8010638064134422
282,grid,0.8010638064134422,0.001,0.01,0.01,2000,0.1,0.2,0.8010638064134422
283,grid,0.8010638064134422,0.001,0.01,0.01,2000,0.5,1.0,0.8010638064134422
284,grid,0.8010638064134422,0.001,0.01,0.01,2000,1.0,2.0,0.8010638064134422
285,grid,0.5584145859882451,0.001,0.01,0.01,2000,5.0,10.0,0.5584145859882451
286,grid,0.45460440910000005,0.001,0.01,0.01,2000,10.0,20.0,0.45460440910000005
287,grid,0.39045095110000005,0.001,0.01,0.01,2000,20.0,40.0,0.39045095110000005
288,grid,0.8010638064134422,0.001,0.1,0.01,2000,0.01,0.02,0.8010638064134422
289,grid,0.8010638064134422,0.001,0.1,0.01,2000,0.1,0.2,0.8010638064134422
290,grid,0.8010638064134422,0.001,0.1,0.01,2000,0.5,1.0,0.8010638064134422
291,grid,0.8010638064134422,0.001,0.1,0.01,2000,1.0,2.0,0.8010638064134422
292,grid,0.5584145859882451,0.001,0.1,0.01,2000,5.0,10.0,0.5584145859882451
293,grid,0.4627832860900001,0.001,0.1,0.01,2000,10.0,20.0,0.4627832860900001
294,grid,0.39045095110000005,0.001,0.1,0.01,2000,20.0,40.0,0.39045095110000005
295,grid,0.8010638064134422,0.001,1.0,0.01,2000,0.01,0.02,0.8010638064134422
296,grid,0.8010638064134422,0.001,1.0,0.01,2000,0.1,0.2,0.8010638064134422
297,grid,0.8010638064134422,0.001,1.0,0.01,2000,0.5,1.0,0.8010638064134422
298,grid,0.8010638064134422,0.001,1.0,0.01,2000,1.0,2.0,0.8010638064134422
299,grid,0.5584145859882451,0.001,1.0,0.01,2000,5.0,10.0,0.5584145859882451
300,grid,0.45460440910000005,0.001,1.0,0.01,2000,10.0,20.0,0.45460440910000005
301,grid,0.39045095110000005,0.001,1.0,0.01,2000,20.0,40.0,0.39045095110000005
302,grid,0.8010638064134422,0.001,10.0,0.01,2000,0.01,0.02,0.8010638064134422
303,grid,0.8010638064134422,0.001,10.0,0.01,2000,0.1,0.2,0.8010638064134422
304,grid,0.8010638064134422,0.001,10.0,0.01,2000,0.5,1.0,0.8010638064134422
305,grid,0.7701747508724991,0.001,10.0,0.01,2000,1.0,2.0,0.7701747508724991
306,grid,0.6660419991758599,0.001,10.0,0.01,2000,5.0,10.0,0.6660419991758599
307,grid,0.5815858712239,0.001,10.0,0.01,2000,10.0,20.0,0.5815858712239
308,grid,0.5923778176234352,0.001,10.0,0.01,2000,20.0,40.0,0.5923778176234352
309,grid,0.8010638064134422,0.001,100.0,0.01,2000,0.01,0.02,0.8010638064134422
310,grid,0.8010638064134422,0.001,100.0,0.01,2000,0.1,0.2,0.8010638064134422
311,grid,0.8010638064134422,0.001,100.0,0.01,2000,0.5,1.0,0.8010638064134422
312,grid,0.8010638064134422,0.001,100.0,0.01,2000,1.0,2.0,0.8010638064134422
313,grid,0.7786061986229071,0.001,100.0,0.01,2000,5.0,10.0,0.7786061986229071
314,grid,0.8360796376047933,0.001,100.0,0.01,2000,10.0,20.0,0.8360796376047933
315,grid,0.8424521740342549,0.001,100.0,0.01,2000,20.0,40.0,0.8424521740342549
316,grid,0.8010638064134422,0.001,0.01,0.1,2000,0.01,0.02,0.8010638064134422
317,grid,0.8010638064134422,0.001,0.01,0.1,2000,0.1,0.2,0.8010638064134422
318,grid,0.8010638064134422,0.001,0.01,0.1,2000,0.5,1.0,0.8010638064134422
319,grid,0.8010638064134422,0.001,0.01,0.1,2000,1.0,2.0,0.8010638064134422
320,grid,0.5584145859882451,0.001,0.01,0.1,2000,5.0,10.0,0.5584145859882451
321,grid,0.4627832860900001,0.001,0.01,0.1,2000,10.0,20.0,0.4627832860900001
322,grid,0.39045095110000005,0.001,0.01,0.1,2000,20.0,40.0,0.39045095110000005
323,grid,0.8010638064134422,0.001,0.1,0.1,2000,0.01,0.02,0.8010638064134422
324,grid,0.8010638064134422,0.001,0.1,0.1,2000,0.1,0.2,0.8010638064134422
325,grid,0.8010638064134422,0.001,0.1,0.1,2000,0.5,1.0,0.8010638064134422
326,grid,0.8010638064134422,0.001,0.1,0.1,2000,1.0,2.0,0.8010638064134422
327,grid,0.5643194859882452,0.001,0.1,0.1,2000,5.0,10.0,0.5643194859882452
328,grid,0.4627832860900001,0.001,0.1,0.1,2000,10.0,20.0,0.4627832860900001
329,grid,0.39045095110000005,0.001,0.1,0.1,2000,20.0,40.0,0.39045095110000005
330,grid,0.8010638064134422,0.001,1.0,0.1,2000,0.01,0.02,0.8010638064134422
331,grid,0.8010638064134422,0.001,1.0,0.1,2000,0.1,0.2,0.8010638064134422
332,grid,0.8010638064134422,0.001,1.0,0.1,2000,0.5,1.0,0.8010638064134422
333,grid,0.8010638064134422,0.001,1.0,0.1,2000,1.0,2.0,0.8010638064134422
334,grid,0.5535850409144201,0.001,1.0,0.1,2000,5.0,10.0,0.5535850409144201
335,grid,0.45460440910000005,0.001,1.0,0.1,2000,10.0,20.0,0.45460440910000005
336,grid,0.4029168511,0.001,1.0,0.1,2000,20.0,40.0,0.4029168511
337,grid,0.8010638064134422,0.001,10.0,0.1,2000,0.01,0.02,0.8010638064134422
338,grid,0.8010638064134422,0.001,10.0,0.1,2000,0.1,0.2,0.8010638064134422
339,grid,0.8010638064134422,0.001,10.0,0.1,2000,0.5,1.0,0.8010638064134422
340,grid,0.7701747508724991,0.001,10.0,0.1,2000,1.0,2.0,0.7701747508724991
341,grid,0.7013087630484035,0.001,10.0,0.1,2000,5.0,10.0,0.7013087630484035
342,grid,0.7013087630484035,0.001,10.0,0.1,2000,10.0,20.0,0.7013087630484035
343,grid,0.7013087630484035,0.001,10.0,0.1,2000,20.0,40.0,0.7013087630484035
344,grid,0.8010638064134422,0.001,100.0,0.1,2000,0.01,0.02,0.8010638064134422
345,grid,0.8010638064134422,0.001,100.0,0.1,2000,0.1,0.2,0.8010638064134422
346,grid,0.8010638064134422,0.001,100.0,0.1,2000,0.5,1.0,0.8010638064134422
347,grid,0.8010638064134422,0.001,100.0,0.1,2000,1.0,2.0,0.8010638064134422
348,grid,0.7786061986229071,0.001,100.0,0.1,2000,5.0,10.0,0.7786061986229071
349,grid,0.8360796376047933,0.001,100.0,0.1,2000,10.0,20.0,0.8360796376047933
350,grid,0.8424521740342549,0.001,100.0,0.1,2000,20.0,40.0,0.8424521740342549
351,grid,0.8010638064134422,0.01,0.01,1e-05,2000,0.01,0.2,0.8010638064134422
352,grid,0.8010638064134422,0.01,0.01,1e-05,2000,0.1,2.0,0.8010638064134422
353,grid,0.7701747508724991,0.01,0.01,1e-05,2000,0.5,10.0,0.7701747508724991
354,grid,0.7701747508724991,0.01,0.01,1e-05,2000,1.0,20.0,0.7701747508724991
355,grid,0.8424521740342549,0.01,0.01,1e-05,2000,5.0,100.0,0.8424521740342549
356,grid,0.8424521740342549,0.01,0.01,1e-05,2000,10.0,200.0,0.8424521740342549
357,grid,0.8424521740342549,0.01,0.01,1e-05,2000,20.0,400.0,0.8424521740342549
358,grid,0.8010638064134422,0.01,0.1,1e-05,2000,0.01,0.2,0.8010638064134422
359,grid,0.8010638064134422,0.01,0.1,1e-05,2000,0.1,2.0,0.8010638064134422
360,grid,0.7701747508724991,0.01,0.1,1e-05,2000,0.5,10.0,0.7701747508724991
361,grid,0.7701747508724991,0.01,0.1,1e-05,2000,1.0,20.0,0.7701747508724991
362,grid,0.8424521740342549,0.01,0.1,1e-05,2000,5.0,100.0,0.8424521740342549
363,grid,0.8424521740342549,0.01,0.1,1e-05,2000,10.0,200.0,0.8424521740342549
364,grid,0.8424521740342549,0.01,0.1,1e-05,2000,20.0,400.0,0.8424521740342549
365,grid,0.8010638064134422,0.01,1.0,1e-05,2000,0.01,0.2,0.8010638064134422
366,grid,0.8010638064134422,0.01,1.0,1e-05,2000,0.1,2.0,0.8010638064134422
367,grid,0.7701747508724991,0.01,1.0,1e-05,2000,0.5,10.0,0.7701747508724991
368,grid,0.7701747508724991,0.01,1.0,1e-05,2000,1.0,20.0,0.7701747508724991
369,grid,0.8424521740342549,0.01,1.0,1e-05,2000,5.0,100.0,0.8424521740342549
370,grid,0.8424521740342549,0.01,1.0,1e-05,2000,10.0,200.0,0.8424521740342549
371,grid,0.8424521740342549,0.01,1.0,1e-05,2000,20.0,400.0,0.8424521740342549
372,grid,0.8010638064134422,0.01,10.0,1e-05,2000,0.01,0.2,0.8010638064134422
373,grid,0.8010638064134422,0.01,10.0,1e-05,2000,0.1,2.0,0.8010638064134422
374,grid,0.7701747508724991,0.01,10.0,1e-05,2000,0.5,10.0,0.7701747508724991
375,grid,0.7701747508724991,0.01,10.0,1e-05,2000,1.0,20.0,0.7701747508724991
376,grid,0.8424521740342549,0.01,10.0,1e-05,2000,5.0,100.0,0.8424521740342549
377,grid,0.8424521740342549,0.01,10.0,1e-05,2000,10.0,200.0,0.8424521740342549
378,grid,0.8424521740342549,0.01,10.0,1e-05,2000,20.0,400.0,0.8424521740342549
379,grid,0.8010638064134422,0.01,100.0,1e-05,2000,0.01,0.2,0.8010638064134422
380,grid,0.8010638064134422,0.01,100.0,1e-05,2000,0.1,2.0,0.8010638064134422
381,grid,0.8010638064134422,0.01,100.0,1e-05,2000,0.5,10.0,0.8010638064134422
382,grid,0.7701747508724991,0.01,100.0,1e-05,2000,1.0,20.0,0.7701747508724991
383,grid,0.7891883030638501,0.01,100.0,1e-05,2000,5.0,100.0,0.7891883030638501
384,grid,0.8424521740342549,0.01,100.0,1e-05,2000,10.0,200.0,0.8424521740342549
385,grid,0.8424521740342549,0.01,100.0,1e-05,2000,20.0,400.0,0.8424521740342549
386,grid,0.8010638064134422,0.01,0.01,0.0001,2000,0.01,0.2,0.8010638064134422
387,grid,0.8010638064134422,0.01,0.01,0.0001,2000,0.1,2.0,0.8010638064134422
388,grid,0.7701747508724991,0.01,0.01,0.0001,2000,0.5,10.0,0.7701747508724991
389,grid,0.7013087630484035,0.01,0.01,0.0001,2000,1.0,20.0,0.7013087630484035
390,grid,0.35702200000000006,0.01,0.01,0.0001,2000,5.0,100.0,0.35702200000000006
391,grid,0.35702200000000006,0.01,0.01,0.0001,2000,10.0,200.0,0.35702200000000006
392,grid,0.39701195110000004,0.01,0.01,0.0001,2000,20.0,400.0,0.39701195110000004
393,grid,0.8010638064134422,0.01,0.1,0.0001,2000,0.01,0.2,0.8010638064134422
394,grid,0.8010638064134422,0.01,0.1,0.0001,2000,0.1,2.0,0.8010638064134422
395,grid,0.7701747508724991,0.01,0.1,0.0001,2000,0.5,10.0,0.7701747508724991
396,grid,0.7013087630484035,0.01,0.1,0.0001,2000,1.0,20.0,0.7013087630484035
397,grid,0.35702200000000006,0.01,0.1,0.0001,2000,5.0,100.0,0.35702200000000006
398,grid,0.35702200000000006,0.01,0.1,0.0001,2000,10.0,200.0,0.35702200000000006
399,grid,0.4029168511000001,0.01,0.1,0.0001,2000,20.0,400.0,0.4029168511000001
400,grid,0.8010638064134422,0.01,1.0,0.0001,2000,0.01,0.2,0.8010638064134422
401,grid,0.8010638064134422,0.01,1.0,0.0001,2000,0.1,2.0,0.8010638064134422
402,grid,0.7701747508724991,0.01,1.0,0.0001,2000,0.5,10.0,0.7701747508724991
403,grid,0.7013087630484035,0.01,1.0,0.0001,2000,1.0,20.0,0.7013087630484035
404,grid,0.3635830000000001,0.01,1.0,0.0001,2000,5.0,100.0,0.3635830000000001
405,grid,0.3635830000000001,0.01,1.0,0.0001,2000,10.0,200.0,0.3635830000000001
406,grid,0.4523480812000001,0.01,1.0,0.0001,2000,20.0,400.0,0.4523480812000001
407,grid,0.8010638064134422,0.01,10.0,0.0001,2000,0.01,0.2,0.8010638064134422
408,grid,0.8010638064134422,0.01,10.0,0.0001,2000,0.1,2.0,0.8010638064134422
409,grid,0.7701747508724991,0.01,10.0,0.0001,2000,0.5,10.0,0.7701747508724991
410,grid,0.7271576212215561,0.01,10.0,0.0001,2000,1.0,20.0,0.7271576212215561
411,grid,0.6642356586153214,0.01,10.0,0.0001,2000,5.0,100.0,0.6642356586153214
412,grid,0.5963989220643782,0.01,10.0,0.0001,2000,10.0,200.0,0.5963989220643782
413,grid,0.6498512566053213,0.01,10.0,0.0001,2000,20.0,400.0,0.6498512566053213
414,grid,0.8010638064134422,0.01,100.0,0.0001,2000,0.01,0.2,0.8010638064134422
415,grid,0.8010638064134422,0.01,100.0,0.0001,2000,0.1,2.0,0.8010638064134422
416,grid,0.8010638064134422,0.01,100.0,0.0001,2000,0.5,10.0,0.8010638064134422
417,grid,0.7701747508724991,0.01,100.0,0.0001,2000,1.0,20.0,0.7701747508724991
418,grid,0.7891883030638501,0.01,100.0,0.0001,2000,5.0,100.0,0.7891883030638501
419,grid,0.8424521740342549,0.01,100.0,0.0001,2000,10.0,200.0,0.8424521740342549
420,grid,0.8424521740342549,0.01,100.0,0.0001,2000,20.0,400.0,0.8424521740342549
421,grid,0.8010638064134422,0.01,0.01,0.001,2000,0.01,0.2,0.8010638064134422
422,grid,0.8010638064134422,0.01,0.01,0.001,2000,0.1,2.0,0.8010638064134422
423,grid,0.7525047696893464,0.01,0.01,0.001,2000,0.5,10.0,0.7525047696893464
424,grid,0.6497885710739029,0.01,0.01,0.001,2000,1.0,20.0,0.6497885710739029
425,grid,0.34390000000000004,0.01,0.01,0.001,2000,5.0,100.0,0.34390000000000004
426,grid,0.34390000000000004,0.01,0.01,0.001,2000,10.0,200.0,0.34390000000000004
427,grid,0.34390000000000004,0.01,0.01,0.001,2000,20.0,400.0,0.34390000000000004
428,grid,0.8010638064134422,0.01,0.1,0.001,2000,0.01,0.2,0.8010638064134422
429,grid,0.8010638064134422,0.01,0.1,0.001,2000,0.1,2.0,0.8010638064134422
430,grid,0.7525047696893464,0.01,0.1,0.001,2000,0.5,10.0,0.7525047696893464
431,grid,0.6497885710739029,0.01,0.1,0.001,2000,1.0,20.0,0.6497885710739029
432,grid,0.34390000000000004,0.01,0.1,0.001,2000,5.0,100.0,0.34390000000000004
433,grid,0.34390000000000004,0.01,0.1,0.001,2000,10.0,200.0,0.34390000000000004
434,grid,0.34390000000000004,0.01,0.1,0.001,2000,20.0,400.0,0.34390000000000004
435,grid,0.8010638064134422,0.01,1.0,0.001,2000,0.01,0.2,0.8010638064134422
436,grid,0.8010638064134422,0.01,1.0,0.001,2000,0.1,2.0,0.8010638064134422
437,grid,0.7525047696893464,0.01,1.0,0.001,2000,0.5,10.0,0.7525047696893464
438,grid,0.6497885710739029,0.01,1.0,0.001,2000,1.0,20.0,0.6497885710739029
439,grid,0.34390000000000004,0.01,1.0,0.001,2000,5.0,100.0,0.34390000000000004
440,grid,0.34390000000000004,0.01,1.0,0.001,2000,10.0,200.0,0.34390000000000004
441,grid,0.34390000000000004,0.01,1.0,0.001,2000,20.0,400.0,0.34390000000000004
442,grid,0.8010638064134422,0.01,10.0,0.001,2000,0.01,0.2,0.8010638064134422
443,grid,0.8010638064134422,0.01,10.0,0.001,2000,0.1,2.0,0.8010638064134422
444,grid,0.7568513602557891,0.01,10.0,0.001,2000,0.5,10.0,0.7568513602557891
445,grid,0.7013087630484035,0.01,10.0,0.001,2000,1.0,20.0,0.7013087630484035
446,grid,0.5739413142738432,0.01,10.0,0.001,2000,5.0,100.0,0.5739413142738432
447,grid,0.5174326625419001,0.01,10.0,0.001,2000,10.0,200.0,0.5174326625419001
448,grid,0.5722177660743782,0.01,10.0,0.001,2000,20.0,400.0,0.5722177660743782
449,grid,0.8010638064134422,0.01,100.0,0.001,2000,0.01,0.2,0.8010638064134422
450,grid,0.8010638064134422,0.01,100.0,0.001,2000,0.1,2.0,0.8010638064134422
451,grid,0.8010638064134422,0.01,100.0,0.001,2000,0.5,10.0,0.8010638064134422
452,grid,0.7701747508724991,0.01,100.0,0.001,2000,1.0,20.0,0.7701747508724991
453,grid,0.7891883030638501,0.01,100.0,0.001,2000,5.0,100.0,0.7891883030638501
454,grid,0.8424521740342549,0.01,100.0,0.001,2000,10.0,200.0,0.8424521740342549
455,grid,0.8424521740342549,0.01,100.0,0.001,2000,20.0,400.0,0.8424521740342549
456,grid,0.8010638064134422,0.01,0.01,0.01,2000,0.01,0.2,0.8010638064134422
457,grid,0.8010638064134422,0.01,0.01,0.01,2000,0.1,2.0,0.8010638064134422
458,grid,0.7833938252302894,0.01,0.01,0.01,2000,0.5,10.0,0.7833938252302894
459,grid,0.6016506465329599,0.01,0.01,0.01,2000,1.0,20.0,0.6016506465329599
460,grid,0.34390000000000004,0.01,0.01,0.01,2000,5.0,100.0,0.34390000000000004
461,grid,0.34390000000000004,0.01,0.01,0.01,2000,10.0,200.0,0.34390000000000004
462,grid,0.34390000000000004,0.01,0.01,0.01,2000,20.0,400.0,0.34390000000000004
463,grid,0.8010638064134422,0.01,0.1,0.01,2000,0.01,0.2,0.8010638064134422
464,grid,0.8010638064134422,0.01,0.1,0.01,2000,0.1,2.0,0.8010638064134422
465,grid,0.7833938252302894,0.01,0.1,0.01,2000,0.5,10.0,0.7833938252302894
466,grid,0.6016506465329599,0.01,0.1,0.01,2000,1.0,20.0,0.6016506465329599
467,grid,0.34390000000000004,0.01,0.1,0.01,2000,5.0,100.0,0.34390000000000004
468,grid,0.34390000000000004,0.01,0.1,0.01,2000,10.0,200.0,0.34390000000000004
469,grid,0.34390000000000004,0.01,0.1,0.01,2000,20.0,400.0,0.34390000000000004
470,grid,0.8010638064134422,0.01,1.0,0.01,2000,0.01,0.2,0.8010638064134422
471,grid,0.8010638064134422,0.01,1.0,0.01,2000,0.1,2.0,0.8010638064134422
472,grid,0.7216157141484034,0.01,1.0,0.01,2000,0.5,10.0,0.7216157141484034
473,grid,0.5932191987825519,0.01,1.0,0.01,2000,1.0,20.0,0.5932191987825519
474,grid,0.34390000000000004,0.01,1.0,0.01,2000,5.0,100.0,0.34390000000000004
475,grid,0.34390000000000004,0.01,1.0,0.01,2000,10.0,200.0,0.34390000000000004
476,grid,0.34390000000000004,0.01,1.0,0.01,2000,20.0,400.0,0.34390000000000004
477,grid,0.8010638064134422,0.01,10.0,0.01,2000,0.01,0.2,0.8010638064134422
478,grid,0.8010638064134422,0.01,10.0,0.01,2000,0.1,2.0,0.8010638064134422
479,grid,0.7568513602557891,0.01,10.0,0.01,2000,0.5,10.0,0.7568513602557891
480,grid,0.7013087630484035,0.01,10.0,0.01,2000,1.0,20.0,0.7013087630484035
481,grid,0.5739413142738432,0.01,10.0,0.01,2000,5.0,100.0,0.5739413142738432
482,grid,0.5174326625419001,0.01,10.0,0.01,2000,10.0,200.0,0.5174326625419001
483,grid,0.5174326625419001,0.01,10.0,0.01,2000,20.0,400.0,0.5174326625419001
484,grid,0.8010638064134422,0.01,100.0,0.01,2000,0.01,0.2,0.8010638064134422
485,grid,0.8010638064134422,0.01,100.0,0.01,2000,0.1,2.0,0.8010638064134422
486,grid,0.8010638064134422,0.01,100.0,0.01,2000,0.5,10.0,0.8010638064134422
487,grid,0.7701747508724991,0.01,100.0,0.01,2000,1.0,20.0,0.7701747508724991
488,grid,0.7891883030638501,0.01,100.0,0.01,2000,5.0,100.0,0.7891883030638501
489,grid,0.8424521740342549,0.01,100.0,0.01,2000,10.0,200.0,0.8424521740342549
490,grid,0.8424521740342549,0.01,100.0,0.01,2000,20.0,400.0,0.8424521740342549
491,grid,0.8010638064134422,0.01,0.01,0.1,2000,0.01,0.2,0.8010638064134422
492,grid,0.8010638064134422,0.01,0.01,0.1,2000,0.1,2.0,0.8010638064134422
493,grid,0.7967172158469995,0.01,0.01,0.1,2000,0.5,10.0,0.7967172158469995
494,grid,0.6016506465329599,0.01,0.01,0.1,2000,1.0,20.0,0.6016506465329599
495,grid,0.34390000000000004,0.01,0.01,0.1,2000,5.0,100.0,0.34390000000000004
496,grid,0.34390000000000004,0.01,0.01,0.1,2000,10.0,200.0,0.34390000000000004
497,grid,0.34390000000000004,0.01,0.01,0.1,2000,20.0,400.0,0.34390000000000004
498,grid,0.8010638064134422,0.01,0.1,0.1,2000,0.01,0.2,0.8010638064134422
499,grid,0.8010638064134422,0.01,0.1,0.1,2000,0.1,2.0,0.8010638064134422
500,grid,0.7833938252302894,0.01,0.1,0.1,2000,0.5,10.0,0.7833938252302894
501,grid,0.6016506465329599,0.01,0.1,0.1,2000,1.0,20.0,0.6016506465329599
502,grid,0.34390000000000004,0.01,0.1,0.1,2000,5.0,100.0,0.34390000000000004
503,grid,0.34390000000000004,0.01,0.1,0.1,2000,10.0,200.0,0.34390000000000004
504,grid,0.34390000000000004,0.01,0.1,0.1,2000,20.0,400.0,0.34390000000000004
505,grid,0.8010638064134422,0.01,1.0,0.1,2000,0.01,0.2,0.8010638064134422
506,grid,0.8010638064134422,0.01,1.0,0.1,2000,0.1,2.0,0.8010638064134422
507,grid,0.7216157141484034,0.01,1.0,0.1,2000,0.5,10.0,0.7216157141484034
508,grid,0.5932191987825519,0.01,1.0,0.1,2000,1.0,20.0,0.5932191987825519
509,grid,0.34390000000000004,0.01,1.0,0.1,2000,5.0,100.0,0.34390000000000004
510,grid,0.34390000000000004,0.01,1.0,0.1,2000,10.0,200.0,0.34390000000000004
511,grid,0.34390000000000004,0.01,1.0,0.1,2000,20.0,400.0,0.34390000000000004
512,grid,0.8010638064134422,0.01,10.0,0.1,2000,0.01,0.2,0.8010638064134422
513,grid,0.8010638064134422,0.01,10.0,0.1,2000,0.1,2.0,0.8010638064134422
514,grid,0.7568513602557891,0.01,10.0,0.1,2000,0.5,10.0,0.7568513602557891
515,grid,0.7013087630484035,0.01,10.0,0.1,2000,1.0,20.0,0.7013087630484035
516,grid,0.5965045932738432,0.01,10.0,0.1,2000,5.0,100.0,0.5965045932738432
517,grid,0.5699202098329001,0.01,10.0,0.1,2000,10.0,200.0,0.5699202098329001
518,grid,0.555861197986939,0.01,10.0,0.1,2000,20.0,400.0,0.555861197986939
519,grid,0.8010638064134422,0.01,100.0,0.1,2000,0.01,0.2,0.8010638064134422
520,grid,0.8010638064134422,0.01,100.0,0.1,2000,0.1,2.0,0.8010638064134422
521,grid,0.8010638064134422,0.01,100.0,0.1,2000,0.5,10.0,0.8010638064134422
522,grid,0.7701747508724991,0.01,100.0,0.1,2000,1.0,20.0,0.7701747508724991
523,grid,0.7891883030638501,0.01,100.0,0.1,2000,5.0,100.0,0.7891883030638501
524,grid,0.8424521740342549,0.01,100.0,0.1,2000,10.0,200.0,0.8424521740342549
525,grid,0.8424521740342549,0.01,100.0,0.1,2000,20.0,400.0,0.8424521740342549
526,grid,0.8010638064134422,0.1,0.01,1e-05,2000,0.01,2.0,0.8010638064134422
527,grid,0.8010638064134422,0.1,0.01,1e-05,2000,0.1,20.0,0.8010638064134422
528,grid,0.7701747508724991,0.1,0.01,1e-05,2000,0.5,100.0,0.7701747508724991
529,grid,0.7786061986229071,0.1,0.01,1e-05,2000,1.0,200.0,0.7786061986229071
530,grid,0.8424521740342549,0.1,0.01,1e-05,2000,5.0,1000.0,0.8424521740342549
531,grid,0.8424521740342549,0.1,0.01,1e-05,2000,10.0,2000.0,0.8424521740342549
532,grid,0.8424521740342549,0.1,0.01,1e-05,2000,20.0,4000.0,0.8424521740342549
533,grid,0.8010638064134422,0.1,0.1,1e-05,2000,0.01,2.0,0.8010638064134422
534,grid,0.8010638064134422,0.1,0.1,1e-05,2000,0.1,20.0,0.8010638064134422
535,grid,0.7701747508724991,0.1,0.1,1e-05,2000,0.5,100.0,0.7701747508724991
536,grid,0.7786061986229071,0.1,0.1,1e-05,2000,1.0,200.0,0.7786061986229071
537,grid,0.8424521740342549,0.1,0.1,1e-05,2000,5.0,1000.0,0.8424521740342549
538,grid,0.8424521740342549,0.1,0.1,1e-05,2000,10.0,2000.0,0.8424521740342549
539,grid,0.8424521740342549,0.1,0.1,1e-05,2000,20.0,4000.0,0.8424521740342549
540,grid,0.8010638064134422,0.1,1.0,1e-05,2000,0.01,2.0,0.8010638064134422
541,grid,0.8010638064134422,0.1,1.0,1e-05,2000,0.1,20.0,0.8010638064134422
542,grid,0.7701747508724991,0.1,1.0,1e-05,2000,0.5,100.0,0.7701747508724991
543,grid,0.7786061986229071,0.1,1.0,1e-05,2000,1.0,200.0,0.7786061986229071
544,grid,0.8424521740342549,0.1,1.0,1e-05,2000,5.0,1000.0,0.8424521740342549
545,grid,0.8424521740342549,0.1,1.0,1e-05,2000,10.0,2000.0,0.8424521740342549
546,grid,0.8424521740342549,0.1,1.0,1e-05,2000,20.0,4000.0,0.8424521740342549
547,grid,0.8010638064134422,0.1,10.0,1e-05,2000,0.01,2.0,0.8010638064134422
548,grid,0.8010638064134422,0.1,10.0,1e-05,2000,0.1,20.0,0.8010638064134422
549,grid,0.7701747508724991,0.1,10.0,1e-05,2000,0.5,100.0,0.7701747508724991
550,grid,0.7701747508724991,0.1,10.0,1e-05,2000,1.0,200.0,0.7701747508724991
551,grid,0.8424521740342549,0.1,10.0,1e-05,2000,5.0,1000.0,0.8424521740342549
552,grid,0.8424521740342549,0.1,10.0,1e-05,2000,10.0,2000.0,0.8424521740342549
553,grid,0.8424521740342549,0.1,10.0,1e-05,2000,20.0,4000.0,0.8424521740342549
554,grid,0.8010638064134422,0.1,100.0,1e-05,2000,0.01,2.0,0.8010638064134422
555,grid,0.8010638064134422,0.1,100.0,1e-05,2000,0.1,20.0,0.8010638064134422
556,grid,0.7701747508724991,0.1,100.0,1e-05,2000,0.5,100.0,0.7701747508724991
557,grid,0.7701747508724991,0.1,100.0,1e-05,2000,1.0,200.0,0.7701747508724991
558,grid,0.7891883030638501,0.1,100.0,1e-05,2000,5.0,1000.0,0.7891883030638501
559,grid,0.8424521740342549,0.1,100.0,1e-05,2000,10.0,2000.0,0.8424521740342549
560,grid,0.8424521740342549,0.1,100.0,1e-05,2000,20.0,4000.0,0.8424521740342549
561,grid,0.8010638064134422,0.1,0.01,0.0001,2000,0.01,2.0,0.8010638064134422
562,grid,0.7701747508724991,0.1,0.01,0.0001,2000,0.1,20.0,0.7701747508724991
563,grid,0.7013087630484035,0.1,0.01,0.0001,2000,0.5,100.0,0.7013087630484035
564,grid,0.49939655949100004,0.1,0.01,0.0001,2000,1.0,200.0,0.49939655949100004
565,grid,0.34390000000000004,0.1,0.01,0.0001,2000,5.0,1000.0,0.34390000000000004
566,grid,0.4679198929900001,0.1,0.01,0.0001,2000,10.0,2000.0,0.4679198929900001
567,grid,0.8437240985933897,0.1,0.01,0.0001,2000,20.0,4000.0,0.8437240985933897
568,grid,0.8010638064134422,0.1,0.1,0.0001,2000,0.01,2.0,0.8010638064134422
569,grid,0.7701747508724991,0.1,0.1,0.0001,2000,0.1,20.0,0.7701747508724991
570,grid,0.7013087630484035,0.1,0.1,0.0001,2000,0.5,100.0,0.7013087630484035
571,grid,0.49939655949100004,0.1,0.1,0.0001,2000,1.0,200.0,0.49939655949100004
572,grid,0.350461,0.1,0.1,0.0001,2000,5.0,1000.0,0.350461
573,grid,0.4679198929900001,0.1,0.1,0.0001,2000,10.0,2000.0,0.4679198929900001
574,grid,0.8437240985933897,0.1,0.1,0.0001,2000,20.0,4000.0,0.8437240985933897
575,grid,0.8010638064134422,0.1,1.0,0.0001,2000,0.01,2.0,0.8010638064134422
576,grid,0.7701747508724991,0.1,1.0,0.0001,2000,0.1,20.0,0.7701747508724991
577,grid,0.7013087630484035,0.1,1.0,0.0001,2000,0.5,100.0,0.7013087630484035
578,grid,0.5464763576024817,0.1,1.0,0.0001,2000,1.0,200.0,0.5464763576024817
579,grid,0.35702200000000006,0.1,1.0,0.0001,2000,5.0,1000.0,0.35702200000000006
580,grid,0.48822684409000006,0.1,1.0,0.0001,2000,10.0,2000.0,0.48822684409000006
581,grid,0.8424521740342549,0.1,1.0,0.0001,2000,20.0,4000.0,0.8424521740342549
582,grid,0.8010638064134422,0.1,10.0,0.0001,2000,0.01,2.0,0.8010638064134422
583,grid,0.7701747508724991,0.1,10.0,0.0001,2000,0.1,20.0,0.7701747508724991
584,grid,0.7138342306048461,0.1,10.0,0.0001,2000,0.5,100.0,0.7138342306048461
585,grid,0.7013087630484035,0.1,10.0,0.0001,2000,1.0,200.0,0.7013087630484035
586,grid,0.6498512566053213,0.1,10.0,0.0001,2000,5.0,1000.0,0.6498512566053213
587,grid,0.5929121376633782,0.1,10.0,0.0001,2000,10.0,2000.0,0.5929121376633782
588,grid,0.8317330470383506,0.1,10.0,0.0001,2000,20.0,4000.0,0.8317330470383506
589,grid,0.8010638064134422,0.1,100.0,0.0001,2000,0.01,2.0,0.8010638064134422
590,grid,0.8010638064134422,0.1,100.0,0.0001,2000,0.1,20.0,0.8010638064134422
591,grid,0.7701747508724991,0.1,100.0,0.0001,2000,0.5,100.0,0.7701747508724991
592,grid,0.7701747508724991,0.1,100.0,0.0001,2000,1.0,200.0,0.7701747508724991
593,grid,0.7891883030638501,0.1,100.0,0.0001,2000,5.0,1000.0,0.7891883030638501
594,grid,0.8424521740342549,0.1,100.0,0.0001,2000,10.0,2000.0,0.8424521740342549
595,grid,0.8424521740342549,0.1,100.0,0.0001,2000,20.0,4000.0,0.8424521740342549
596,grid,0.8010638064134422,0.1,0.01,0.001,2000,0.01,2.0,0.8010638064134422
597,grid,0.7568513602557891,0.1,0.01,0.001,2000,0.1,20.0,0.7568513602557891
598,grid,0.514936425772,0.1,0.01,0.001,2000,0.5,100.0,0.514936425772
599,grid,0.39701195110000004,0.1,0.01,0.001,2000,1.0,200.0,0.39701195110000004
600,grid,0.34390000000000004,0.1,0.01,0.001,2000,5.0,1000.0,0.34390000000000004
601,grid,0.34390000000000004,0.1,0.01,0.001,2000,10.0,2000.0,0.34390000000000004
602,grid,0.8304007079766796,0.1,0.01,0.001,2000,20.0,4000.0,0.8304007079766796
603,grid,0.8010638064134422,0.1,0.1,0.001,2000,0.01,2.0,0.8010638064134422
604,grid,0.7568513602557891,0.1,0.1,0.001,2000,0.1,20.0,0.7568513602557891
605,grid,0.5257283721715351,0.1,0.1,0.001,2000,0.5,100.0,0.5257283721715351
606,grid,0.39701195110000004,0.1,0.1,0.001,2000,1.0,200.0,0.39701195110000004
607,grid,0.34390000000000004,0.1,0.1,0.001,2000,5.0,1000.0,0.34390000000000004
608,grid,0.34390000000000004,0.1,0.1,0.001,2000,10.0,2000.0,0.34390000000000004
609,grid,0.8449940398625838,0.1,0.1,0.001,2000,20.0,4000.0,0.8449940398625838
610,grid,0.8010638064134422,0.1,1.0,0.001,2000,0.01,2.0,0.8010638064134422
611,grid,0.7568513602557891,0.1,1.0,0.001,2000,0.1,20.0,0.7568513602557891
612,grid,0.5241281442715351,0.1,1.0,0.001,2000,0.5,100.0,0.5241281442715351
613,grid,0.4029168511000001,0.1,1.0,0.001,2000,1.0,200.0,0.4029168511000001
614,grid,0.34390000000000004,0.1,1.0,0.001,2000,5.0,1000.0,0.34390000000000004
615,grid,0.3635830000000001,0.1,1.0,0.001,2000,10.0,2000.0,0.3635830000000001
616,grid,0.8304007079766796,0.1,1.0,0.001,2000,20.0,4000.0,0.8304007079766796
617,grid,0.8010638064134422,0.1,10.0,0.001,2000,0.01,2.0,0.8010638064134422
618,grid,0.7701747508724991,0.1,10.0,0.001,2000,0.1,20.0,0.7701747508724991
619,grid,0.7013087630484035,0.1,10.0,0.001,2000,0.5,100.0,0.7013087630484035
620,grid,0.6829777140803068,0.1,10.0,0.001,2000,1.0,200.0,0.6829777140803068
621,grid,0.5704545298728432,0.1,10.0,0.001,2000,5.0,1000.0,0.5704545298728432
622,grid,0.5847332606733783,0.1,10.0,0.001,2000,10.0,2000.0,0.5847332606733783
623,grid,0.8437240985933897,0.1,10.0,0.001,2000,20.0,4000.0,0.8437240985933897
624,grid,0.8010638064134422,0.1,100.0,0.001,2000,0.01,2.0,0.8010638064134422
625,grid,0.8010638064134422,0.1,100.0,0.001,2000,0.1,20.0,0.8010638064134422
626,grid,0.7701747508724991,0.1,100.0,0.001,2000,0.5,100.0,0.7701747508724991
627,grid,0.7701747508724991,0.1,100.0,0.001,2000,1.0,200.0,0.7701747508724991
628,grid,0.7891883030638501,0.1,100.0,0.001,2000,5.0,1000.0,0.7891883030638501
629,grid,0.8424521740342549,0.1,100.0,0.001,2000,10.0,2000.0,0.8424521740342549
630,grid,0.8424521740342549,0.1,100.0,0.001,2000,20.0,4000.0,0.8424521740342549
631,grid,0.8010638064134422,0.1,0.01,0.01,2000,0.01,2.0,0.8010638064134422
632,grid,0.7877404157967322,0.1,0.01,0.01,2000,0.1,20.0,0.7877404157967322
633,grid,0.5182232442715351,0.1,0.01,0.01,2000,0.5,100.0,0.5182232442715351
634,grid,0.4153827511000001,0.1,0.01,0.01,2000,1.0,200.0,0.4153827511000001
635,grid,0.34390000000000004,0.1,0.01,0.01,2000,5.0,1000.0,0.34390000000000004
636,grid,0.34390000000000004,0.1,0.01,0.01,2000,10.0,2000.0,0.34390000000000004
637,grid,0.34390000000000004,0.1,0.01,0.01,2000,20.0,4000.0,0.34390000000000004
638,grid,0.8010638064134422,0.1,0.1,0.01,2000,0.01,2.0,0.8010638064134422
639,grid,0.7877404157967322,0.1,0.1,0.01,2000,0.1,20.0,0.7877404157967322
640,grid,0.515935565026039,0.1,0.1,0.01,2000,0.5,100.0,0.515935565026039
641,grid,0.4153827511000001,0.1,0.1,0.01,2000,1.0,200.0,0.4153827511000001
642,grid,0.34390000000000004,0.1,0.1,0.01,2000,5.0,1000.0,0.34390000000000004
643,grid,0.34390000000000004,0.1,0.1,0.01,2000,10.0,2000.0,0.34390000000000004
644,grid,0.34390000000000004,0.1,0.1,0.01,2000,20.0,4000.0,0.34390000000000004
645,grid,0.8010638064134422,0.1,1.0,0.01,2000,0.01,2.0,0.8010638064134422
646,grid,0.7877404157967322,0.1,1.0,0.01,2000,0.1,20.0,0.7877404157967322
647,grid,0.515935565026039,0.1,1.0,0.01,2000,0.5,100.0,0.515935565026039
648,grid,0.38260990000000006,0.1,1.0,0.01,2000,1.0,200.0,0.38260990000000006
649,grid,0.34390000000000004,0.1,1.0,0.01,2000,5.0,1000.0,0.34390000000000004
650,grid,0.34390000000000004,0.1,1.0,0.01,2000,10.0,2000.0,0.34390000000000004
651,grid,0.34390000000000004,0.1,1.0,0.01,2000,20.0,4000.0,0.34390000000000004
652,grid,0.8010638064134422,0.1,10.0,0.01,2000,0.01,2.0,0.8010638064134422
653,grid,0.7701747508724991,0.1,10.0,0.01,2000,0.1,20.0,0.7701747508724991
654,grid,0.7013087630484035,0.1,10.0,0.01,2000,0.5,100.0,0.7013087630484035
655,grid,0.6829777140803068,0.1,10.0,0.01,2000,1.0,200.0,0.6829777140803068
656,grid,0.5704545298728432,0.1,10.0,0.01,2000,5.0,1000.0,0.5704545298728432
657,grid,0.682127287364903,0.1,10.0,0.01,2000,10.0,2000.0,0.682127287364903
658,grid,0.8424521740342549,0.1,10.0,0.01,2000,20.0,4000.0,0.8424521740342549
659,grid,0.8010638064134422,0.1,100.0,0.01,2000,0.01,2.0,0.8010638064134422
660,grid,0.8010638064134422,0.1,100.0,0.01,2000,0.1,20.0,0.8010638064134422
661,grid,0.7701747508724991,0.1,100.0,0.01,2000,0.5,100.0,0.7701747508724991
662,grid,0.7701747508724991,0.1,100.0,0.01,2000,1.0,200.0,0.7701747508724991
663,grid,0.7891883030638501,0.1,100.0,0.01,2000,5.0,1000.0,0.7891883030638501
664,grid,0.8424521740342549,0.1,100.0,0.01,2000,10.0,2000.0,0.8424521740342549
665,grid,0.8424521740342549,0.1,100.0,0.01,2000,20.0,4000.0,0.8424521740342549
666,grid,0.8010638064134422,0.1,0.01,0.1,2000,0.01,2.0,0.8010638064134422
667,grid,0.8010638064134422,0.1,0.01,0.1,2000,0.1,20.0,0.8010638064134422
668,grid,0.527154875026039,0.1,0.01,0.1,2000,0.5,100.0,0.527154875026039
669,grid,0.4153827511000001,0.1,0.01,0.1,2000,1.0,200.0,0.4153827511000001
670,grid,0.34390000000000004,0.1,0.01,0.1,2000,5.0,1000.0,0.34390000000000004
671,grid,0.34390000000000004,0.1,0.01,0.1,2000,10.0,2000.0,0.34390000000000004
672,grid,0.34390000000000004,0.1,0.01,0.1,2000,20.0,4000.0,0.34390000000000004
673,grid,0.8010638064134422,0.1,0.1,0.1,2000,0.01,2.0,0.8010638064134422
674,grid,0.8010638064134422,0.1,0.1,0.1,2000,0.1,20.0,0.8010638064134422
675,grid,0.527154875026039,0.1,0.1,0.1,2000,0.5,100.0,0.527154875026039
676,grid,0.39507580000000003,0.1,0.1,0.1,2000,1.0,200.0,0.39507580000000003
677,grid,0.34390000000000004,0.1,0.1,0.1,2000,5.0,1000.0,0.34390000000000004
678,grid,0.34390000000000004,0.1,0.1,0.1,2000,10.0,2000.0,0.34390000000000004
679,grid,0.34390000000000004,0.1,0.1,0.1,2000,20.0,4000.0,0.34390000000000004
680,grid,0.8010638064134422,0.1,1.0,0.1,2000,0.01,2.0,0.8010638064134422
681,grid,0.7877404157967322,0.1,1.0,0.1,2000,0.1,20.0,0.7877404157967322
682,grid,0.515935565026039,0.1,1.0,0.1,2000,0.5,100.0,0.515935565026039
683,grid,0.38260990000000006,0.1,1.0,0.1,2000,1.0,200.0,0.38260990000000006
684,grid,0.34390000000000004,0.1,1.0,0.1,2000,5.0,1000.0,0.34390000000000004
685,grid,0.34390000000000004,0.1,1.0,0.1,2000,10.0,2000.0,0.34390000000000004
686,grid,0.34390000000000004,0.1,1.0,0.1,2000,20.0,4000.0,0.34390000000000004
687,grid,0.8010638064134422,0.1,10.0,0.1,2000,0.01,2.0,0.8010638064134422
688,grid,0.7701747508724991,0.1,10.0,0.1,2000,0.1,20.0,0.7701747508724991
689,grid,0.7013087630484035,0.1,10.0,0.1,2000,0.5,100.0,0.7013087630484035
690,grid,0.6829777140803068,0.1,10.0,0.1,2000,1.0,200.0,0.6829777140803068
691,grid,0.5481748185319001,0.1,10.0,0.1,2000,5.0,1000.0,0.5481748185319001
692,grid,0.5571675269122002,0.1,10.0,0.1,2000,10.0,2000.0,0.5571675269122002
693,grid,0.5242416292324352,0.1,10.0,0.1,2000,20.0,4000.0,0.5242416292324352
694,grid,0.8010638064134422,0.1,100.0,0.1,2000,0.01,2.0,0.8010638064134422
695,grid,0.8010638064134422,0.1,100.0,0.1,2000,0.1,20.0,0.8010638064134422
696,grid,0.7701747508724991,0.1,100.0,0.1,2000,0.5,100.0,0.7701747508724991
697,grid,0.7701747508724991,0.1,100.0,0.1,2000,1.0,200.0,0.7701747508724991
698,grid,0.7891883030638501,0.1,100.0,0.1,2000,5.0,1000.0,0.7891883030638501
699,grid,0.8424521740342549,0.1,100.0,0.1,2000,10.0,2000.0,0.8424521740342549
700,grid,0.8156477588493075,0.1,100.0,0.1,2000,20.0,4000.0,0.8156477588493075
701,grid,0.8010638064134422,1.0,0.01,1e-05,2000,0.01,20.0,0.8010638064134422
702,grid,0.8010638064134422,1.0,0.01,1e-05,2000,0.1,200.0,0.8010638064134422
703,grid,0.7701747508724991,1.0,0.01,1e-05,2000,0.5,1000.0,0.7701747508724991
704,grid,0.7786061986229071,1.0,0.01,1e-05,2000,1.0,2000.0,0.7786061986229071
705,grid,0.8424521740342549,1.0,0.01,1e-05,2000,5.0,10000.0,0.8424521740342549
706,grid,0.8437240985933897,1.0,0.01,1e-05,2000,10.0,20000.0,0.8437240985933897
707,grid,0.8396278786694447,1.0,0.01,1e-05,2000,20.0,40000.0,0.8396278786694447
708,grid,0.8010638064134422,1.0,0.1,1e-05,2000,0.01,20.0,0.8010638064134422
709,grid,0.8010638064134422,1.0,0.1,1e-05,2000,0.1,200.0,0.8010638064134422
710,grid,0.7701747508724991,1.0,0.1,1e-05,2000,0.5,1000.0,0.7701747508724991
711,grid,0.7786061986229071,1.0,0.1,1e-05,2000,1.0,2000.0,0.7786061986229071
712,grid,0.8424521740342549,1.0,0.1,1e-05,2000,5.0,10000.0,0.8424521740342549
713,grid,0.8437240985933897,1.0,0.1,1e-05,2000,10.0,20000.0,0.8437240985933897
714,grid,0.8115631184933116,1.0,0.1,1e-05,2000,20.0,40000.0,0.8115631184933116
715,grid,0.8010638064134422,1.0,1.0,1e-05,2000,0.01,20.0,0.8010638064134422
716,grid,0.8010638064134422,1.0,1.0,1e-05,2000,0.1,200.0,0.8010638064134422
717,grid,0.7701747508724991,1.0,1.0,1e-05,2000,0.5,1000.0,0.7701747508724991
718,grid,0.7786061986229071,1.0,1.0,1e-05,2000,1.0,2000.0,0.7786061986229071
719,grid,0.8424521740342549,1.0,1.0,1e-05,2000,5.0,10000.0,0.8424521740342549
720,grid,0.8437240985933897,1.0,1.0,1e-05,2000,10.0,20000.0,0.8437240985933897
721,grid,0.8569850914176227,1.0,1.0,1e-05,2000,20.0,40000.0,0.8569850914176227
722,grid,0.8010638064134422,1.0,10.0,1e-05,2000,0.01,20.0,0.8010638064134422
723,grid,0.8010638064134422,1.0,10.0,1e-05,2000,0.1,200.0,0.8010638064134422
724,grid,0.7701747508724991,1.0,10.0,1e-05,2000,0.5,1000.0,0.7701747508724991
725,grid,0.7701747508724991,1.0,10.0,1e-05,2000,1.0,2000.0,0.7701747508724991
726,grid,0.8424521740342549,1.0,10.0,1e-05,2000,5.0,10000.0,0.8424521740342549
727,grid,0.8437240985933897,1.0,10.0,1e-05,2000,10.0,20000.0,0.8437240985933897
728,grid,0.7839810959965916,1.0,10.0,1e-05,2000,20.0,40000.0,0.7839810959965916
729,grid,0.8010638064134422,1.0,100.0,1e-05,2000,0.01,20.0,0.8010638064134422
730,grid,0.8010638064134422,1.0,100.0,1e-05,2000,0.1,200.0,0.8010638064134422
731,grid,0.7701747508724991,1.0,100.0,1e-05,2000,0.5,1000.0,0.7701747508724991
732,grid,0.7701747508724991,1.0,100.0,1e-05,2000,1.0,2000.0,0.7701747508724991
733,grid,0.7891883030638501,1.0,100.0,1e-05,2000,5.0,10000.0,0.7891883030638501
734,grid,0.8424521740342549,1.0,100.0,1e-05,2000,10.0,20000.0,0.8424521740342549
735,grid,0.8233015992879427,1.0,100.0,1e-05,2000,20.0,40000.0,0.8233015992879427
736,grid,0.8010638064134422,1.0,0.01,0.0001,2000,0.01,20.0,0.8010638064134422
737,grid,0.7701747508724991,1.0,0.01,0.0001,2000,0.1,200.0,0.7701747508724991
738,grid,0.6507517329000778,1.0,0.01,0.0001,2000,0.5,1000.0,0.6507517329000778
739,grid,0.45937491220000004,1.0,0.01,0.0001,2000,1.0,2000.0,0.45937491220000004
740,grid,0.690631554518942,1.0,0.01,0.0001,2000,5.0,10000.0,0.690631554518942
741,grid,0.8396278786694447,1.0,0.01,0.0001,2000,10.0,20000.0,0.8396278786694447
742,grid,0.8337107940415327,1.0,0.01,0.0001,2000,20.0,40000.0,0.8337107940415327
743,grid,0.8010638064134422,1.0,0.1,0.0001,2000,0.01,20.0,0.8010638064134422
744,grid,0.7701747508724991,1.0,0.1,0.0001,2000,0.1,200.0,0.7701747508724991
745,grid,0.6507517329000778,1.0,0.1,0.0001,2000,0.5,1000.0,0.6507517329000778
746,grid,0.45937491220000004,1.0,0.1,0.0001,2000,1.0,2000.0,0.45937491220000004
747,grid,0.690631554518942,1.0,0.1,0.0001,2000,5.0,10000.0,0.690631554518942
748,grid,0.8396278786694447,1.0,0.1,0.0001,2000,10.0,20000.0,0.8396278786694447
749,grid,0.8022608323175447,1.0,0.1,0.0001,2000,20.0,40000.0,0.8022608323175447
750,grid,0.8010638064134422,1.0,1.0,0.0001,2000,0.01,20.0,0.8010638064134422
751,grid,0.7701747508724991,1.0,1.0,0.0001,2000,0.1,200.0,0.7701747508724991
752,grid,0.680534175518942,1.0,1.0,0.0001,2000,0.5,1000.0,0.680534175518942
753,grid,0.46673590149099997,1.0,1.0,0.0001,2000,1.0,2000.0,0.46673590149099997
754,grid,0.690631554518942,1.0,1.0,0.0001,2000,5.0,10000.0,0.690631554518942
755,grid,0.8396278786694447,1.0,1.0,0.0001,2000,10.0,20000.0,0.8396278786694447
756,grid,0.7915417053216406,1.0,1.0,0.0001,2000,20.0,40000.0,0.7915417053216406
757,grid,0.8010638064134422,1.0,10.0,0.0001,2000,0.01,20.0,0.8010638064134422
758,grid,0.7701747508724991,1.0,10.0,0.0001,2000,0.1,200.0,0.7701747508724991
759,grid,0.7138342306048461,1.0,10.0,0.0001,2000,0.5,1000.0,0.7138342306048461
760,grid,0.7013087630484035,1.0,10.0,0.0001,2000,1.0,2000.0,0.7013087630484035
761,grid,0.702297215909942,1.0,10.0,0.0001,2000,5.0,10000.0,0.702297215909942
762,grid,0.8437240985933897,1.0,10.0,0.0001,2000,10.0,20000.0,0.8437240985933897
763,grid,0.8142518838725836,1.0,10.0,0.0001,2000,20.0,40000.0,0.8142518838725836
764,grid,0.8010638064134422,1.0,100.0,0.0001,2000,0.01,20.0,0.8010638064134422
765,grid,0.8010638064134422,1.0,100.0,0.0001,2000,0.1,200.0,0.8010638064134422
766,grid,0.7701747508724991,1.0,100.0,0.0001,2000,0.5,1000.0,0.7701747508724991
767,grid,0.7701747508724991,1.0,100.0,0.0001,2000,1.0,2000.0,0.7701747508724991
768,grid,0.7891883030638501,1.0,100.0,0.0001,2000,5.0,10000.0,0.7891883030638501
769,grid,0.8317330470383506,1.0,100.0,0.0001,2000,10.0,20000.0,0.8317330470383506
770,grid,0.8235150877745687,1.0,100.0,0.0001,2000,20.0,40000.0,0.8235150877745687
771,grid,0.8010638064134422,1.0,0.01,0.001,2000,0.01,20.0,0.8010638064134422
772,grid,0.6497885710739029,1.0,0.01,0.001,2000,0.1,200.0,0.6497885710739029
773,grid,0.4094778511000001,1.0,0.01,0.001,2000,0.5,1000.0,0.4094778511000001
774,grid,0.35702200000000006,1.0,0.01,0.001,2000,1.0,2000.0,0.35702200000000006
775,grid,0.34390000000000004,1.0,0.01,0.001,2000,5.0,10000.0,0.34390000000000004
776,grid,0.8304007079766796,1.0,0.01,0.001,2000,10.0,20000.0,0.8304007079766796
777,grid,0.7915417053216406,1.0,0.01,0.001,2000,20.0,40000.0,0.7915417053216406
778,grid,0.8010638064134422,1.0,0.1,0.001,2000,0.01,20.0,0.8010638064134422
779,grid,0.655102981073903,1.0,0.1,0.001,2000,0.1,200.0,0.655102981073903
780,grid,0.4094778511000001,1.0,0.1,0.001,2000,0.5,1000.0,0.4094778511000001
781,grid,0.35702200000000006,1.0,0.1,0.001,2000,1.0,2000.0,0.35702200000000006
782,grid,0.34390000000000004,1.0,0.1,0.001,2000,5.0,10000.0,0.34390000000000004
783,grid,0.8304007079766796,1.0,0.1,0.001,2000,10.0,20000.0,0.8304007079766796
784,grid,0.8784233454094309,1.0,0.1,0.001,2000,20.0,40000.0,0.8784233454094309
785,grid,0.8010638064134422,1.0,1.0,0.001,2000,0.01,20.0,0.8010638064134422
786,grid,0.7003110785258029,1.0,1.0,0.001,2000,0.1,200.0,0.7003110785258029
787,grid,0.42194375110000004,1.0,1.0,0.001,2000,0.5,1000.0,0.42194375110000004
788,grid,0.38260990000000006,1.0,1.0,0.001,2000,1.0,2000.0,0.38260990000000006
789,grid,0.5213068674319,1.0,1.0,0.001,2000,5.0,10000.0,0.5213068674319
790,grid,0.8396278786694447,1.0,1.0,0.001,2000,10.0,20000.0,0.8396278786694447
791,grid,0.8022608323175447,1.0,1.0,0.001,2000,20.0,40000.0,0.8022608323175447
792,grid,0.8010638064134422,1.0,10.0,0.001,2000,0.01,20.0,0.8010638064134422
793,grid,0.7701747508724991,1.0,10.0,0.001,2000,0.1,200.0,0.7701747508724991
794,grid,0.7013087630484035,1.0,10.0,0.001,2000,0.5,1000.0,0.7013087630484035
795,grid,0.6829777140803068,1.0,10.0,0.001,2000,1.0,2000.0,0.6829777140803068
796,grid,0.702297215909942,1.0,10.0,0.001,2000,5.0,10000.0,0.702297215909942
797,grid,0.8396278786694447,1.0,10.0,0.001,2000,10.0,20000.0,0.8396278786694447
798,grid,0.8472817191080798,1.0,10.0,0.001,2000,20.0,40000.0,0.8472817191080798
799,grid,0.8010638064134422,1.0,100.0,0.001,2000,0.01,20.0,0.8010638064134422
800,grid,0.8010638064134422,1.0,100.0,0.001,2000,0.1,200.0,0.8010638064134422
801,grid,0.7701747508724991,1.0,100.0,0.001,2000,0.5,1000.0,0.7701747508724991
802,grid,0.7701747508724991,1.0,100.0,0.001,2000,1.0,2000.0,0.7701747508724991
803,grid,0.7891883030638501,1.0,100.0,0.001,2000,5.0,10000.0,0.7891883030638501
804,grid,0.8317330470383506,1.0,100.0,0.001,2000,10.0,20000.0,0.8317330470383506
805,grid,0.8784233454094309,1.0,100.0,0.001,2000,20.0,40000.0,0.8784233454094309
806,grid,0.8010638064134422,1.0,0.01,0.01,2000,0.01,20.0,0.8010638064134422
807,grid,0.65269975362296,1.0,0.01,0.01,2000,0.1,200.0,0.65269975362296
808,grid,0.37670500000000007,1.0,0.01,0.01,2000,0.5,1000.0,0.37670500000000007
809,grid,0.34390000000000004,1.0,0.01,0.01,2000,1.0,2000.0,0.34390000000000004
810,grid,0.34390000000000004,1.0,0.01,0.01,2000,5.0,10000.0,0.34390000000000004
811,grid,0.45354339770671004,1.0,0.01,0.01,2000,10.0,20000.0,0.45354339770671004
812,grid,0.7019201860240549,1.0,0.01,0.01,2000,20.0,40000.0,0.7019201860240549
813,grid,0.8010638064134422,1.0,0.1,0.01,2000,0.01,20.0,0.8010638064134422
814,grid,0.65269975362296,1.0,0.1,0.01,2000,0.1,200.0,0.65269975362296
815,grid,0.38260990000000006,1.0,0.1,0.01,2000,0.5,1000.0,0.38260990000000006
816,grid,0.34390000000000004,1.0,0.1,0.01,2000,1.0,2000.0,0.34390000000000004
817,grid,0.34390000000000004,1.0,0.1,0.01,2000,5.0,10000.0,0.34390000000000004
818,grid,0.8784233454094309,1.0,0.1,0.01,2000,10.0,20000.0,0.8784233454094309
819,grid,0.4975623585309431,1.0,0.1,0.01,2000,20.0,40000.0,0.4975623585309431
820,grid,0.8010638064134422,1.0,1.0,0.01,2000,0.01,20.0,0.8010638064134422
821,grid,0.6754099321739029,1.0,1.0,0.01,2000,0.1,200.0,0.6754099321739029
822,grid,0.42194375110000004,1.0,1.0,0.01,2000,0.5,1000.0,0.42194375110000004
823,grid,0.38260990000000006,1.0,1.0,0.01,2000,1.0,2000.0,0.38260990000000006
824,grid,0.5065031000800001,1.0,1.0,0.01,2000,5.0,10000.0,0.5065031000800001
825,grid,0.8272526783205374,1.0,1.0,0.01,2000,10.0,20000.0,0.8272526783205374
826,grid,0.8088218323175447,1.0,1.0,0.01,2000,20.0,40000.0,0.8088218323175447
827,grid,0.8010638064134422,1.0,10.0,0.01,2000,0.01,20.0,0.8010638064134422
828,grid,0.7701747508724991,1.0,10.0,0.01,2000,0.1,200.0,0.7701747508724991
829,grid,0.7013087630484035,1.0,10.0,0.01,2000,0.5,1000.0,0.7013087630484035
830,grid,0.6829777140803068,1.0,10.0,0.01,2000,1.0,2000.0,0.6829777140803068
831,grid,0.7322397370557893,1.0,10.0,0.01,2000,5.0,10000.0,0.7322397370557893
832,grid,0.6990943536148461,1.0,10.0,0.01,2000,10.0,20000.0,0.6990943536148461
833,grid,0.8784233454094309,1.0,10.0,0.01,2000,20.0,40000.0,0.8784233454094309
834,grid,0.8010638064134422,1.0,100.0,0.01,2000,0.01,20.0,0.8010638064134422
835,grid,0.8010638064134422,1.0,100.0,0.01,2000,0.1,200.0,0.8010638064134422
836,grid,0.7701747508724991,1.0,100.0,0.01,2000,0.5,1000.0,0.7701747508724991
837,grid,0.7701747508724991,1.0,100.0,0.01,2000,1.0,2000.0,0.7701747508724991
838,grid,0.7891883030638501,1.0,100.0,0.01,2000,5.0,10000.0,0.7891883030638501
839,grid,0.8317330470383506,1.0,100.0,0.01,2000,10.0,20000.0,0.8317330470383506
840,grid,0.8449940398625838,1.0,100.0,0.01,2000,20.0,40000.0,0.8449940398625838
841,grid,0.8010638064134422,1.0,0.01,0.1,2000,0.01,20.0,0.8010638064134422
842,grid,0.65269975362296,1.0,0.01,0.1,2000,0.1,200.0,0.65269975362296
843,grid,0.39507580000000003,1.0,0.01,0.1,2000,0.5,1000.0,0.39507580000000003
844,grid,0.34390000000000004,1.0,0.01,0.1,2000,1.0,2000.0,0.34390000000000004
845,grid,0.34390000000000004,1.0,0.01,0.1,2000,5.0,10000.0,0.34390000000000004
846,grid,0.34390000000000004,1.0,0.01,0.1,2000,10.0,20000.0,0.34390000000000004
847,grid,0.34390000000000004,1.0,0.01,0.1,2000,20.0,40000.0,0.34390000000000004
848,grid,0.8010638064134422,1.0,0.1,0.1,2000,0.01,20.0,0.8010638064134422
849,grid,0.65269975362296,1.0,0.1,0.1,2000,0.1,200.0,0.65269975362296
850,grid,0.39507580000000003,1.0,0.1,0.1,2000,0.5,1000.0,0.39507580000000003
851,grid,0.34390000000000004,1.0,0.1,0.1,2000,1.0,2000.0,0.34390000000000004
852,grid,0.34390000000000004,1.0,0.1,0.1,2000,5.0,10000.0,0.34390000000000004
853,grid,0.34390000000000004,1.0,0.1,0.1,2000,10.0,20000.0,0.34390000000000004
854,grid,0.34390000000000004,1.0,0.1,0.1,2000,20.0,40000.0,0.34390000000000004
855,grid,0.8010638064134422,1.0,1.0,0.1,2000,0.01,20.0,0.8010638064134422
856,grid,0.6754099321739029,1.0,1.0,0.1,2000,0.1,200.0,0.6754099321739029
857,grid,0.42194375110000004,1.0,1.0,0.1,2000,0.5,1000.0,0.42194375110000004
858,grid,0.38260990000000006,1.0,1.0,0.1,2000,1.0,2000.0,0.38260990000000006
859,grid,0.34390000000000004,1.0,1.0,0.1,2000,5.0,10000.0,0.34390000000000004
860,grid,0.34390000000000004,1.0,1.0,0.1,2000,10.0,20000.0,0.34390000000000004
861,grid,0.8784233454094309,1.0,1.0,0.1,2000,20.0,40000.0,0.8784233454094309
862,grid,0.8010638064134422,1.0,10.0,0.1,2000,0.01,20.0,0.8010638064134422
863,grid,0.7701747508724991,1.0,10.0,0.1,2000,0.1,200.0,0.7701747508724991
864,grid,0.7013087630484035,1.0,10.0,0.1,2000,0.5,1000.0,0.7013087630484035
865,grid,0.6829777140803068,1.0,10.0,0.1,2000,1.0,2000.0,0.6829777140803068
866,grid,0.8317330470383506,1.0,10.0,0.1,2000,5.0,10000.0,0.8317330470383506
867,grid,0.6167003453244433,1.0,10.0,0.1,2000,10.0,20000.0,0.6167003453244433
868,grid,0.508938272383843,1.0,10.0,0.1,2000,20.0,40000.0,0.508938272383843
869,grid,0.8010638064134422,1.0,100.0,0.1,2000,0.01,20.0,0.8010638064134422
870,grid,0.8010638064134422,1.0,100.0,0.1,2000,0.1,200.0,0.8010638064134422
871,grid,0.7701747508724991,1.0,100.0,0.1,2000,0.5,1000.0,0.7701747508724991
872,grid,0.7701747508724991,1.0,100.0,0.1,2000,1.0,2000.0,0.7701747508724991
873,grid,0.8024492958880833,1.0,100.0,0.1,2000,5.0,10000.0,0.8024492958880833
874,grid,0.8317330470383506,1.0,100.0,0.1,2000,10.0,20000.0,0.8317330470383506
875,grid,0.8557131668584879,1.0,100.0,0.1,2000,20.0,40000.0,0.8557131668584879
