run_idx,stage,metric,alpha,rho,eta,T,D_theta,state_weight_update,c_min,D_pi,per_run_metric_1
1,grid,0.8010638064134422,0.0001,0.001,0.0001,2000,0.5,clipped,0.0,0.1,0.8010638064134422
2,grid,0.8010638064134422,0.0001,0.001,0.0001,2000,0.5,clipped,0.1,0.1,0.8010638064134422
3,grid,0.8010638064134422,0.0001,0.001,0.0001,2000,0.5,clipped,0.2,0.1,0.8010638064134422
4,grid,0.8010638064134422,0.0001,0.001,0.0001,2000,1.0,clipped,0.0,0.2,0.8010638064134422
5,grid,0.8010638064134422,0.0001,0.001,0.0001,2000,1.0,clipped,0.1,0.2,0.8010638064134422
6,grid,0.8010638064134422,0.0001,0.001,0.0001,2000,1.0,clipped,0.2,0.2,0.8010638064134422
7,grid,0.8010638064134422,0.0001,0.001,0.0001,2000,2.0,clipped,0.0,0.4,0.8010638064134422
8,grid,0.8010638064134422,0.0001,0.001,0.0001,2000,2.0,clipped,0.1,0.4,0.8010638064134422
9,grid,0.8010638064134422,0.0001,0.001,0.0001,2000,2.0,clipped,0.2,0.4,0.8010638064134422
10,grid,0.8010638064134422,0.0001,0.01,0.0001,2000,0.5,clipped,0.0,0.1,0.8010638064134422
11,grid,0.8010638064134422,0.0001,0.01,0.0001,2000,0.5,clipped,0.1,0.1,0.8010638064134422
12,grid,0.8010638064134422,0.0001,0.01,0.0001,2000,0.5,clipped,0.2,0.1,0.8010638064134422
13,grid,0.8010638064134422,0.0001,0.01,0.0001,2000,1.0,clipped,0.0,0.2,0.8010638064134422
14,grid,0.8010638064134422,0.0001,0.01,0.0001,2000,1.0,clipped,0.1,0.2,0.8010638064134422
15,grid,0.8010638064134422,0.0001,0.01,0.0001,2000,1.0,clipped,0.2,0.2,0.8010638064134422
16,grid,0.8010638064134422,0.0001,0.01,0.0001,2000,2.0,clipped,0.0,0.4,0.8010638064134422
17,grid,0.8010638064134422,0.0001,0.01,0.0001,2000,2.0,clipped,0.1,0.4,0.8010638064134422
18,grid,0.8010638064134422,0.0001,0.01,0.0001,2000,2.0,clipped,0.2,0.4,0.8010638064134422
19,grid,0.8010638064134422,0.0001,0.1,0.0001,2000,0.5,clipped,0.0,0.1,0.8010638064134422
20,grid,0.8010638064134422,0.0001,0.1,0.0001,2000,0.5,clipped,0.1,0.1,0.8010638064134422
21,grid,0.8010638064134422,0.0001,0.1,0.0001,2000,0.5,clipped,0.2,0.1,0.8010638064134422
22,grid,0.8010638064134422,0.0001,0.1,0.0001,2000,1.0,clipped,0.0,0.2,0.8010638064134422
23,grid,0.8010638064134422,0.0001,0.1,0.0001,2000,1.0,clipped,0.1,0.2,0.8010638064134422
24,grid,0.8010638064134422,0.0001,0.1,0.0001,2000,1.0,clipped,0.2,0.2,0.8010638064134422
25,grid,0.8010638064134422,0.0001,0.1,0.0001,2000,2.0,clipped,0.0,0.4,0.8010638064134422
26,grid,0.8010638064134422,0.0001,0.1,0.0001,2000,2.0,clipped,0.1,0.4,0.8010638064134422
27,grid,0.8010638064134422,0.0001,0.1,0.0001,2000,2.0,clipped,0.2,0.4,0.8010638064134422
28,grid,0.8010638064134422,0.0001,0.5,0.0001,2000,0.5,clipped,0.0,0.1,0.8010638064134422
29,grid,0.8010638064134422,0.0001,0.5,0.0001,2000,0.5,clipped,0.1,0.1,0.8010638064134422
30,grid,0.8010638064134422,0.0001,0.5,0.0001,2000,0.5,clipped,0.2,0.1,0.8010638064134422
31,grid,0.8010638064134422,0.0001,0.5,0.0001,2000,1.0,clipped,0.0,0.2,0.8010638064134422
32,grid,0.8010638064134422,0.0001,0.5,0.0001,2000,1.0,clipped,0.1,0.2,0.8010638064134422
33,grid,0.8010638064134422,0.0001,0.5,0.0001,2000,1.0,clipped,0.2,0.2,0.8010638064134422
34,grid,0.8010638064134422,0.0001,0.5,0.0001,2000,2.0,clipped,0.0,0.4,0.8010638064134422
35,grid,0.8010638064134422,0.0001,0.5,0.0001,2000,2.0,clipped,0.1,0.4,0.8010638064134422
36,grid,0.8010638064134422,0.0001,0.5,0.0001,2000,2.0,clipped,0.2,0.4,0.8010638064134422
37,grid,0.8010638064134422,0.0001,1.0,0.0001,2000,0.5,clipped,0.0,0.1,0.8010638064134422
38,grid,0.8010638064134422,0.0001,1.0,0.0001,2000,0.5,clipped,0.1,0.1,0.8010638064134422
39,grid,0.8010638064134422,0.0001,1.0,0.0001,2000,0.5,clipped,0.2,0.1,0.8010638064134422
40,grid,0.8010638064134422,0.0001,1.0,0.0001,2000,1.0,clipped,0.0,0.2,0.8010638064134422
41,grid,0.8010638064134422,0.0001,1.0,0.0001,2000,1.0,clipped,0.1,0.2,0.8010638064134422
42,grid,0.8010638064134422,0.0001,1.0,0.0001,2000,1.0,clipped,0.2,0.2,0.8010638064134422
43,grid,0.8010638064134422,0.0001,1.0,0.0001,2000,2.0,clipped,0.0,0.4,0.8010638064134422
44,grid,0.8010638064134422,0.0001,1.0,0.0001,2000,2.0,clipped,0.1,0.4,0.8010638064134422
45,grid,0.8010638064134422,0.0001,1.0,0.0001,2000,2.0,clipped,0.2,0.4,0.8010638064134422
46,grid,0.8010638064134422,0.0001,0.001,0.001,2000,0.5,clipped,0.0,0.1,0.8010638064134422
47,grid,0.8010638064134422,0.0001,0.001,0.001,2000,0.5,clipped,0.1,0.1,0.8010638064134422
48,grid,0.8010638064134422,0.0001,0.001,0.001,2000,0.5,clipped,0.2,0.1,0.8010638064134422
49,grid,0.8010638064134422,0.0001,0.001,0.001,2000,1.0,clipped,0.0,0.2,0.8010638064134422
50,grid,0.8010638064134422,0.0001,0.001,0.001,2000,1.0,clipped,0.1,0.2,0.8010638064134422
51,grid,0.8010638064134422,0.0001,0.001,0.001,2000,1.0,clipped,0.2,0.2,0.8010638064134422
52,grid,0.8010638064134422,0.0001,0.001,0.001,2000,2.0,clipped,0.0,0.4,0.8010638064134422
53,grid,0.8010638064134422,0.0001,0.001,0.001,2000,2.0,clipped,0.1,0.4,0.8010638064134422
54,grid,0.8010638064134422,0.0001,0.001,0.001,2000,2.0,clipped,0.2,0.4,0.8010638064134422
55,grid,0.8010638064134422,0.0001,0.01,0.001,2000,0.5,clipped,0.0,0.1,0.8010638064134422
56,grid,0.8010638064134422,0.0001,0.01,0.001,2000,0.5,clipped,0.1,0.1,0.8010638064134422
57,grid,0.8010638064134422,0.0001,0.01,0.001,2000,0.5,clipped,0.2,0.1,0.8010638064134422
58,grid,0.8010638064134422,0.0001,0.01,0.001,2000,1.0,clipped,0.0,0.2,0.8010638064134422
59,grid,0.8010638064134422,0.0001,0.01,0.001,2000,1.0,clipped,0.1,0.2,0.8010638064134422
60,grid,0.8010638064134422,0.0001,0.01,0.001,2000,1.0,clipped,0.2,0.2,0.8010638064134422
61,grid,0.8010638064134422,0.0001,0.01,0.001,2000,2.0,clipped,0.0,0.4,0.8010638064134422
62,grid,0.8010638064134422,0.0001,0.01,0.001,2000,2.0,clipped,0.1,0.4,0.8010638064134422
63,grid,0.8010638064134422,0.0001,0.01,0.001,2000,2.0,clipped,0.2,0.4,0.8010638064134422
64,grid,0.8010638064134422,0.0001,0.1,0.001,2000,0.5,clipped,0.0,0.1,0.8010638064134422
65,grid,0.8010638064134422,0.0001,0.1,0.001,2000,0.5,clipped,0.1,0.1,0.8010638064134422
66,grid,0.8010638064134422,0.0001,0.1,0.001,2000,0.5,clipped,0.2,0.1,0.8010638064134422
67,grid,0.8010638064134422,0.0001,0.1,0.001,2000,1.0,clipped,0.0,0.2,0.8010638064134422
68,grid,0.8010638064134422,0.0001,0.1,0.001,2000,1.0,clipped,0.1,0.2,0.8010638064134422
69,grid,0.8010638064134422,0.0001,0.1,0.001,2000,1.0,clipped,0.2,0.2,0.8010638064134422
70,grid,0.8010638064134422,0.0001,0.1,0.001,2000,2.0,clipped,0.0,0.4,0.8010638064134422
71,grid,0.8010638064134422,0.0001,0.1,0.001,2000,2.0,clipped,0.1,0.4,0.8010638064134422
72,grid,0.8010638064134422,0.0001,0.1,0.001,2000,2.0,clipped,0.2,0.4,0.8010638064134422
73,grid,0.8010638064134422,0.0001,0.5,0.001,2000,0.5,clipped,0.0,0.1,0.8010638064134422
74,grid,0.8010638064134422,0.0001,0.5,0.001,2000,0.5,clipped,0.1,0.1,0.8010638064134422
75,grid,0.8010638064134422,0.0001,0.5,0.001,2000,0.5,clipped,0.2,0.1,0.8010638064134422
76,grid,0.8010638064134422,0.0001,0.5,0.001,2000,1.0,clipped,0.0,0.2,0.8010638064134422
77,grid,0.8010638064134422,0.0001,0.5,0.001,2000,1.0,clipped,0.1,0.2,0.8010638064134422
78,grid,0.8010638064134422,0.0001,0.5,0.001,2000,1.0,clipped,0.2,0.2,0.8010638064134422
79,grid,0.8010638064134422,0.0001,0.5,0.001,2000,2.0,clipped,0.0,0.4,0.8010638064134422
80,grid,0.8010638064134422,0.0001,0.5,0.001,2000,2.0,clipped,0.1,0.4,0.8010638064134422
81,grid,0.8010638064134422,0.0001,0.5,0.001,2000,2.0,clipped,0.2,0.4,0.8010638064134422
82,grid,0.8010638064134422,0.0001,1.0,0.001,2000,0.5,clipped,0.0,0.1,0.8010638064134422
83,grid,0.8010638064134422,0.0001,1.0,0.001,2000,0.5,clipped,0.1,0.1,0.8010638064134422
84,grid,0.8010638064134422,0.0001,1.0,0.001,2000,0.5,clipped,0.2,0.1,0.8010638064134422
85,grid,0.8010638064134422,0.0001,1.0,0.001,2000,1.0,clipped,0.0,0.2,0.8010638064134422
86,grid,0.8010638064134422,0.0001,1.0,0.001,2000,1.0,clipped,0.1,0.2,0.8010638064134422
87,grid,0.8010638064134422,0.0001,1.0,0.001,2000,1.0,clipped,0.2,0.2,0.8010638064134422
88,grid,0.8010638064134422,0.0001,1.0,0.001,2000,2.0,clipped,0.0,0.4,0.8010638064134422
89,grid,0.8010638064134422,0.0001,1.0,0.001,2000,2.0,clipped,0.1,0.4,0.8010638064134422
90,grid,0.8010638064134422,0.0001,1.0,0.001,2000,2.0,clipped,0.2,0.4,0.8010638064134422
91,grid,0.8010638064134422,0.0001,0.001,0.001,2000,0.5,clipped,0.0,0.1,0.8010638064134422
92,grid,0.8010638064134422,0.0001,0.001,0.001,2000,0.5,clipped,0.1,0.1,0.8010638064134422
93,grid,0.8010638064134422,0.0001,0.001,0.001,2000,0.5,clipped,0.2,0.1,0.8010638064134422
94,grid,0.8010638064134422,0.0001,0.001,0.001,2000,1.0,clipped,0.0,0.2,0.8010638064134422
95,grid,0.8010638064134422,0.0001,0.001,0.001,2000,1.0,clipped,0.1,0.2,0.8010638064134422
96,grid,0.8010638064134422,0.0001,0.001,0.001,2000,1.0,clipped,0.2,0.2,0.8010638064134422
97,grid,0.8010638064134422,0.0001,0.001,0.001,2000,2.0,clipped,0.0,0.4,0.8010638064134422
98,grid,0.8010638064134422,0.0001,0.001,0.001,2000,2.0,clipped,0.1,0.4,0.8010638064134422
99,grid,0.8010638064134422,0.0001,0.001,0.001,2000,2.0,clipped,0.2,0.4,0.8010638064134422
100,grid,0.8010638064134422,0.0001,0.01,0.001,2000,0.5,clipped,0.0,0.1,0.8010638064134422
101,grid,0.8010638064134422,0.0001,0.01,0.001,2000,0.5,clipped,0.1,0.1,0.8010638064134422
102,grid,0.8010638064134422,0.0001,0.01,0.001,2000,0.5,clipped,0.2,0.1,0.8010638064134422
103,grid,0.8010638064134422,0.0001,0.01,0.001,2000,1.0,clipped,0.0,0.2,0.8010638064134422
104,grid,0.8010638064134422,0.0001,0.01,0.001,2000,1.0,clipped,0.1,0.2,0.8010638064134422
105,grid,0.8010638064134422,0.0001,0.01,0.001,2000,1.0,clipped,0.2,0.2,0.8010638064134422
106,grid,0.8010638064134422,0.0001,0.01,0.001,2000,2.0,clipped,0.0,0.4,0.8010638064134422
107,grid,0.8010638064134422,0.0001,0.01,0.001,2000,2.0,clipped,0.1,0.4,0.8010638064134422
108,grid,0.8010638064134422,0.0001,0.01,0.001,2000,2.0,clipped,0.2,0.4,0.8010638064134422
109,grid,0.8010638064134422,0.0001,0.1,0.001,2000,0.5,clipped,0.0,0.1,0.8010638064134422
110,grid,0.8010638064134422,0.0001,0.1,0.001,2000,0.5,clipped,0.1,0.1,0.8010638064134422
111,grid,0.8010638064134422,0.0001,0.1,0.001,2000,0.5,clipped,0.2,0.1,0.8010638064134422
112,grid,0.8010638064134422,0.0001,0.1,0.001,2000,1.0,clipped,0.0,0.2,0.8010638064134422
113,grid,0.8010638064134422,0.0001,0.1,0.001,2000,1.0,clipped,0.1,0.2,0.8010638064134422
114,grid,0.8010638064134422,0.0001,0.1,0.001,2000,1.0,clipped,0.2,0.2,0.8010638064134422
115,grid,0.8010638064134422,0.0001,0.1,0.001,2000,2.0,clipped,0.0,0.4,0.8010638064134422
116,grid,0.8010638064134422,0.0001,0.1,0.001,2000,2.0,clipped,0.1,0.4,0.8010638064134422
117,grid,0.8010638064134422,0.0001,0.1,0.001,2000,2.0,clipped,0.2,0.4,0.8010638064134422
118,grid,0.8010638064134422,0.0001,0.5,0.001,2000,0.5,clipped,0.0,0.1,0.8010638064134422
119,grid,0.8010638064134422,0.0001,0.5,0.001,2000,0.5,clipped,0.1,0.1,0.8010638064134422
120,grid,0.8010638064134422,0.0001,0.5,0.001,2000,0.5,clipped,0.2,0.1,0.8010638064134422
121,grid,0.8010638064134422,0.0001,0.5,0.001,2000,1.0,clipped,0.0,0.2,0.8010638064134422
122,grid,0.8010638064134422,0.0001,0.5,0.001,2000,1.0,clipped,0.1,0.2,0.8010638064134422
123,grid,0.8010638064134422,0.0001,0.5,0.001,2000,1.0,clipped,0.2,0.2,0.8010638064134422
124,grid,0.8010638064134422,0.0001,0.5,0.001,2000,2.0,clipped,0.0,0.4,0.8010638064134422
125,grid,0.8010638064134422,0.0001,0.5,0.001,2000,2.0,clipped,0.1,0.4,0.8010638064134422
126,grid,0.8010638064134422,0.0001,0.5,0.001,2000,2.0,clipped,0.2,0.4,0.8010638064134422
127,grid,0.8010638064134422,0.0001,1.0,0.001,2000,0.5,clipped,0.0,0.1,0.8010638064134422
128,grid,0.8010638064134422,0.0001,1.0,0.001,2000,0.5,clipped,0.1,0.1,0.8010638064134422
129,grid,0.8010638064134422,0.0001,1.0,0.001,2000,0.5,clipped,0.2,0.1,0.8010638064134422
130,grid,0.8010638064134422,0.0001,1.0,0.001,2000,1.0,clipped,0.0,0.2,0.8010638064134422
131,grid,0.8010638064134422,0.0001,1.0,0.001,2000,1.0,clipped,0.1,0.2,0.8010638064134422
132,grid,0.8010638064134422,0.0001,1.0,0.001,2000,1.0,clipped,0.2,0.2,0.8010638064134422
133,grid,0.8010638064134422,0.0001,1.0,0.001,2000,2.0,clipped,0.0,0.4,0.8010638064134422
134,grid,0.8010638064134422,0.0001,1.0,0.001,2000,2.0,clipped,0.1,0.4,0.8010638064134422
135,grid,0.8010638064134422,0.0001,1.0,0.001,2000,2.0,clipped,0.2,0.4,0.8010638064134422
136,grid,0.8010638064134422,0.0001,0.001,0.01,2000,0.5,clipped,0.0,0.1,0.8010638064134422
137,grid,0.8010638064134422,0.0001,0.001,0.01,2000,0.5,clipped,0.1,0.1,0.8010638064134422
138,grid,0.8010638064134422,0.0001,0.001,0.01,2000,0.5,clipped,0.2,0.1,0.8010638064134422
139,grid,0.8010638064134422,0.0001,0.001,0.01,2000,1.0,clipped,0.0,0.2,0.8010638064134422
140,grid,0.8010638064134422,0.0001,0.001,0.01,2000,1.0,clipped,0.1,0.2,0.8010638064134422
141,grid,0.8010638064134422,0.0001,0.001,0.01,2000,1.0,clipped,0.2,0.2,0.8010638064134422
142,grid,0.8010638064134422,0.0001,0.001,0.01,2000,2.0,clipped,0.0,0.4,0.8010638064134422
143,grid,0.8010638064134422,0.0001,0.001,0.01,2000,2.0,clipped,0.1,0.4,0.8010638064134422
144,grid,0.8010638064134422,0.0001,0.001,0.01,2000,2.0,clipped,0.2,0.4,0.8010638064134422
145,grid,0.8010638064134422,0.0001,0.01,0.01,2000,0.5,clipped,0.0,0.1,0.8010638064134422
146,grid,0.8010638064134422,0.0001,0.01,0.01,2000,0.5,clipped,0.1,0.1,0.8010638064134422
147,grid,0.8010638064134422,0.0001,0.01,0.01,2000,0.5,clipped,0.2,0.1,0.8010638064134422
148,grid,0.8010638064134422,0.0001,0.01,0.01,2000,1.0,clipped,0.0,0.2,0.8010638064134422
149,grid,0.8010638064134422,0.0001,0.01,0.01,2000,1.0,clipped,0.1,0.2,0.8010638064134422
150,grid,0.8010638064134422,0.0001,0.01,0.01,2000,1.0,clipped,0.2,0.2,0.8010638064134422
151,grid,0.8010638064134422,0.0001,0.01,0.01,2000,2.0,clipped,0.0,0.4,0.8010638064134422
152,grid,0.8010638064134422,0.0001,0.01,0.01,2000,2.0,clipped,0.1,0.4,0.8010638064134422
153,grid,0.8010638064134422,0.0001,0.01,0.01,2000,2.0,clipped,0.2,0.4,0.8010638064134422
154,grid,0.8010638064134422,0.0001,0.1,0.01,2000,0.5,clipped,0.0,0.1,0.8010638064134422
155,grid,0.8010638064134422,0.0001,0.1,0.01,2000,0.5,clipped,0.1,0.1,0.8010638064134422
156,grid,0.8010638064134422,0.0001,0.1,0.01,2000,0.5,clipped,0.2,0.1,0.8010638064134422
157,grid,0.8010638064134422,0.0001,0.1,0.01,2000,1.0,clipped,0.0,0.2,0.8010638064134422
158,grid,0.8010638064134422,0.0001,0.1,0.01,2000,1.0,clipped,0.1,0.2,0.8010638064134422
159,grid,0.8010638064134422,0.0001,0.1,0.01,2000,1.0,clipped,0.2,0.2,0.8010638064134422
160,grid,0.8010638064134422,0.0001,0.1,0.01,2000,2.0,clipped,0.0,0.4,0.8010638064134422
161,grid,0.8010638064134422,0.0001,0.1,0.01,2000,2.0,clipped,0.1,0.4,0.8010638064134422
162,grid,0.8010638064134422,0.0001,0.1,0.01,2000,2.0,clipped,0.2,0.4,0.8010638064134422
163,grid,0.8010638064134422,0.0001,0.5,0.01,2000,0.5,clipped,0.0,0.1,0.8010638064134422
164,grid,0.8010638064134422,0.0001,0.5,0.01,2000,0.5,clipped,0.1,0.1,0.8010638064134422
165,grid,0.8010638064134422,0.0001,0.5,0.01,2000,0.5,clipped,0.2,0.1,0.8010638064134422
166,grid,0.8010638064134422,0.0001,0.5,0.01,2000,1.0,clipped,0.0,0.2,0.8010638064134422
167,grid,0.8010638064134422,0.0001,0.5,0.01,2000,1.0,clipped,0.1,0.2,0.8010638064134422
168,grid,0.8010638064134422,0.0001,0.5,0.01,2000,1.0,clipped,0.2,0.2,0.8010638064134422
169,grid,0.8010638064134422,0.0001,0.5,0.01,2000,2.0,clipped,0.0,0.4,0.8010638064134422
170,grid,0.8010638064134422,0.0001,0.5,0.01,2000,2.0,clipped,0.1,0.4,0.8010638064134422
171,grid,0.8010638064134422,0.0001,0.5,0.01,2000,2.0,clipped,0.2,0.4,0.8010638064134422
172,grid,0.8010638064134422,0.0001,1.0,0.01,2000,0.5,clipped,0.0,0.1,0.8010638064134422
173,grid,0.8010638064134422,0.0001,1.0,0.01,2000,0.5,clipped,0.1,0.1,0.8010638064134422
174,grid,0.8010638064134422,0.0001,1.0,0.01,2000,0.5,clipped,0.2,0.1,0.8010638064134422
175,grid,0.8010638064134422,0.0001,1.0,0.01,2000,1.0,clipped,0.0,0.2,0.8010638064134422
176,grid,0.8010638064134422,0.0001,1.0,0.01,2000,1.0,clipped,0.1,0.2,0.8010638064134422
177,grid,0.8010638064134422,0.0001,1.0,0.01,2000,1.0,clipped,0.2,0.2,0.8010638064134422
178,grid,0.8010638064134422,0.0001,1.0,0.01,2000,2.0,clipped,0.0,0.4,0.8010638064134422
179,grid,0.8010638064134422,0.0001,1.0,0.01,2000,2.0,clipped,0.1,0.4,0.8010638064134422
180,grid,0.8010638064134422,0.0001,1.0,0.01,2000,2.0,clipped,0.2,0.4,0.8010638064134422
181,grid,0.8010638064134422,0.001,0.001,0.0001,2000,0.5,clipped,0.0,1.0,0.8010638064134422
182,grid,0.8010638064134422,0.001,0.001,0.0001,2000,0.5,clipped,0.1,1.0,0.8010638064134422
183,grid,0.8010638064134422,0.001,0.001,0.0001,2000,0.5,clipped,0.2,1.0,0.8010638064134422
184,grid,0.8010638064134422,0.001,0.001,0.0001,2000,1.0,clipped,0.0,2.0,0.8010638064134422
185,grid,0.8010638064134422,0.001,0.001,0.0001,2000,1.0,clipped,0.1,2.0,0.8010638064134422
186,grid,0.8010638064134422,0.001,0.001,0.0001,2000,1.0,clipped,0.2,2.0,0.8010638064134422
187,grid,0.8010638064134422,0.001,0.001,0.0001,2000,2.0,clipped,0.0,4.0,0.8010638064134422
188,grid,0.8010638064134422,0.001,0.001,0.0001,2000,2.0,clipped,0.1,4.0,0.8010638064134422
189,grid,0.7701747508724991,0.001,0.001,0.0001,2000,2.0,clipped,0.2,4.0,0.7701747508724991
190,grid,0.8010638064134422,0.001,0.01,0.0001,2000,0.5,clipped,0.0,1.0,0.8010638064134422
191,grid,0.8010638064134422,0.001,0.01,0.0001,2000,0.5,clipped,0.1,1.0,0.8010638064134422
192,grid,0.8010638064134422,0.001,0.01,0.0001,2000,0.5,clipped,0.2,1.0,0.8010638064134422
193,grid,0.8010638064134422,0.001,0.01,0.0001,2000,1.0,clipped,0.0,2.0,0.8010638064134422
194,grid,0.8010638064134422,0.001,0.01,0.0001,2000,1.0,clipped,0.1,2.0,0.8010638064134422
195,grid,0.8010638064134422,0.001,0.01,0.0001,2000,1.0,clipped,0.2,2.0,0.8010638064134422
196,grid,0.8010638064134422,0.001,0.01,0.0001,2000,2.0,clipped,0.0,4.0,0.8010638064134422
197,grid,0.8010638064134422,0.001,0.01,0.0001,2000,2.0,clipped,0.1,4.0,0.8010638064134422
198,grid,0.7701747508724991,0.001,0.01,0.0001,2000,2.0,clipped,0.2,4.0,0.7701747508724991
199,grid,0.8010638064134422,0.001,0.1,0.0001,2000,0.5,clipped,0.0,1.0,0.8010638064134422
200,grid,0.8010638064134422,0.001,0.1,0.0001,2000,0.5,clipped,0.1,1.0,0.8010638064134422
201,grid,0.8010638064134422,0.001,0.1,0.0001,2000,0.5,clipped,0.2,1.0,0.8010638064134422
202,grid,0.8010638064134422,0.001,0.1,0.0001,2000,1.0,clipped,0.0,2.0,0.8010638064134422
203,grid,0.8010638064134422,0.001,0.1,0.0001,2000,1.0,clipped,0.1,2.0,0.8010638064134422
204,grid,0.8010638064134422,0.001,0.1,0.0001,2000,1.0,clipped,0.2,2.0,0.8010638064134422
205,grid,0.8010638064134422,0.001,0.1,0.0001,2000,2.0,clipped,0.0,4.0,0.8010638064134422
206,grid,0.8010638064134422,0.001,0.1,0.0001,2000,2.0,clipped,0.1,4.0,0.8010638064134422
207,grid,0.7701747508724991,0.001,0.1,0.0001,2000,2.0,clipped,0.2,4.0,0.7701747508724991
208,grid,0.8010638064134422,0.001,0.5,0.0001,2000,0.5,clipped,0.0,1.0,0.8010638064134422
209,grid,0.8010638064134422,0.001,0.5,0.0001,2000,0.5,clipped,0.1,1.0,0.8010638064134422
210,grid,0.8010638064134422,0.001,0.5,0.0001,2000,0.5,clipped,0.2,1.0,0.8010638064134422
211,grid,0.8010638064134422,0.001,0.5,0.0001,2000,1.0,clipped,0.0,2.0,0.8010638064134422
212,grid,0.8010638064134422,0.001,0.5,0.0001,2000,1.0,clipped,0.1,2.0,0.8010638064134422
213,grid,0.8010638064134422,0.001,0.5,0.0001,2000,1.0,clipped,0.2,2.0,0.8010638064134422
214,grid,0.8010638064134422,0.001,0.5,0.0001,2000,2.0,clipped,0.0,4.0,0.8010638064134422
215,grid,0.8010638064134422,0.001,0.5,0.0001,2000,2.0,clipped,0.1,4.0,0.8010638064134422
216,grid,0.7701747508724991,0.001,0.5,0.0001,2000,2.0,clipped,0.2,4.0,0.7701747508724991
217,grid,0.8010638064134422,0.001,1.0,0.0001,2000,0.5,clipped,0.0,1.0,0.8010638064134422
218,grid,0.8010638064134422,0.001,1.0,0.0001,2000,0.5,clipped,0.1,1.0,0.8010638064134422
219,grid,0.8010638064134422,0.001,1.0,0.0001,2000,0.5,clipped,0.2,1.0,0.8010638064134422
220,grid,0.8010638064134422,0.001,1.0,0.0001,2000,1.0,clipped,0.0,2.0,0.8010638064134422
221,grid,0.8010638064134422,0.001,1.0,0.0001,2000,1.0,clipped,0.1,2.0,0.8010638064134422
222,grid,0.8010638064134422,0.001,1.0,0.0001,2000,1.0,clipped,0.2,2.0,0.8010638064134422
223,grid,0.8010638064134422,0.001,1.0,0.0001,2000,2.0,clipped,0.0,4.0,0.8010638064134422
224,grid,0.8010638064134422,0.001,1.0,0.0001,2000,2.0,clipped,0.1,4.0,0.8010638064134422
225,grid,0.7701747508724991,0.001,1.0,0.0001,2000,2.0,clipped,0.2,4.0,0.7701747508724991
226,grid,0.8010638064134422,0.001,0.001,0.001,2000,0.5,clipped,0.0,1.0,0.8010638064134422
227,grid,0.8010638064134422,0.001,0.001,0.001,2000,0.5,clipped,0.1,1.0,0.8010638064134422
228,grid,0.8010638064134422,0.001,0.001,0.001,2000,0.5,clipped,0.2,1.0,0.8010638064134422
229,grid,0.8010638064134422,0.001,0.001,0.001,2000,1.0,clipped,0.0,2.0,0.8010638064134422
230,grid,0.7701747508724991,0.001,0.001,0.001,2000,1.0,clipped,0.1,2.0,0.7701747508724991
231,grid,0.7701747508724991,0.001,0.001,0.001,2000,1.0,clipped,0.2,2.0,0.7701747508724991
232,grid,0.8010638064134422,0.001,0.001,0.001,2000,2.0,clipped,0.0,4.0,0.8010638064134422
233,grid,0.7701747508724991,0.001,0.001,0.001,2000,2.0,clipped,0.1,4.0,0.7701747508724991
234,grid,0.7701747508724991,0.001,0.001,0.001,2000,2.0,clipped,0.2,4.0,0.7701747508724991
235,grid,0.8010638064134422,0.001,0.01,0.001,2000,0.5,clipped,0.0,1.0,0.8010638064134422
236,grid,0.8010638064134422,0.001,0.01,0.001,2000,0.5,clipped,0.1,1.0,0.8010638064134422
237,grid,0.8010638064134422,0.001,0.01,0.001,2000,0.5,clipped,0.2,1.0,0.8010638064134422
238,grid,0.8010638064134422,0.001,0.01,0.001,2000,1.0,clipped,0.0,2.0,0.8010638064134422
239,grid,0.7701747508724991,0.001,0.01,0.001,2000,1.0,clipped,0.1,2.0,0.7701747508724991
240,grid,0.7701747508724991,0.001,0.01,0.001,2000,1.0,clipped,0.2,2.0,0.7701747508724991
241,grid,0.8010638064134422,0.001,0.01,0.001,2000,2.0,clipped,0.0,4.0,0.8010638064134422
242,grid,0.7701747508724991,0.001,0.01,0.001,2000,2.0,clipped,0.1,4.0,0.7701747508724991
243,grid,0.7701747508724991,0.001,0.01,0.001,2000,2.0,clipped,0.2,4.0,0.7701747508724991
244,grid,0.8010638064134422,0.001,0.1,0.001,2000,0.5,clipped,0.0,1.0,0.8010638064134422
245,grid,0.8010638064134422,0.001,0.1,0.001,2000,0.5,clipped,0.1,1.0,0.8010638064134422
246,grid,0.8010638064134422,0.001,0.1,0.001,2000,0.5,clipped,0.2,1.0,0.8010638064134422
247,grid,0.8010638064134422,0.001,0.1,0.001,2000,1.0,clipped,0.0,2.0,0.8010638064134422
248,grid,0.7701747508724991,0.001,0.1,0.001,2000,1.0,clipped,0.1,2.0,0.7701747508724991
249,grid,0.7701747508724991,0.001,0.1,0.001,2000,1.0,clipped,0.2,2.0,0.7701747508724991
250,grid,0.8010638064134422,0.001,0.1,0.001,2000,2.0,clipped,0.0,4.0,0.8010638064134422
251,grid,0.7701747508724991,0.001,0.1,0.001,2000,2.0,clipped,0.1,4.0,0.7701747508724991
252,grid,0.7701747508724991,0.001,0.1,0.001,2000,2.0,clipped,0.2,4.0,0.7701747508724991
253,grid,0.8010638064134422,0.001,0.5,0.001,2000,0.5,clipped,0.0,1.0,0.8010638064134422
254,grid,0.8010638064134422,0.001,0.5,0.001,2000,0.5,clipped,0.1,1.0,0.8010638064134422
255,grid,0.8010638064134422,0.001,0.5,0.001,2000,0.5,clipped,0.2,1.0,0.8010638064134422
256,grid,0.8010638064134422,0.001,0.5,0.001,2000,1.0,clipped,0.0,2.0,0.8010638064134422
257,grid,0.7701747508724991,0.001,0.5,0.001,2000,1.0,clipped,0.1,2.0,0.7701747508724991
258,grid,0.7701747508724991,0.001,0.5,0.001,2000,1.0,clipped,0.2,2.0,0.7701747508724991
259,grid,0.8010638064134422,0.001,0.5,0.001,2000,2.0,clipped,0.0,4.0,0.8010638064134422
260,grid,0.7701747508724991,0.001,0.5,0.001,2000,2.0,clipped,0.1,4.0,0.7701747508724991
261,grid,0.7701747508724991,0.001,0.5,0.001,2000,2.0,clipped,0.2,4.0,0.7701747508724991
262,grid,0.8010638064134422,0.001,1.0,0.001,2000,0.5,clipped,0.0,1.0,0.8010638064134422
263,grid,0.8010638064134422,0.001,1.0,0.001,2000,0.5,clipped,0.1,1.0,0.8010638064134422
264,grid,0.8010638064134422,0.001,1.0,0.001,2000,0.5,clipped,0.2,1.0,0.8010638064134422
265,grid,0.8010638064134422,0.001,1.0,0.001,2000,1.0,clipped,0.0,2.0,0.8010638064134422
266,grid,0.8010638064134422,0.001,1.0,0.001,2000,1.0,clipped,0.1,2.0,0.8010638064134422
267,grid,0.7701747508724991,0.001,1.0,0.001,2000,1.0,clipped,0.2,2.0,0.7701747508724991
268,grid,0.8010638064134422,0.001,1.0,0.001,2000,2.0,clipped,0.0,4.0,0.8010638064134422
269,grid,0.7701747508724991,0.001,1.0,0.001,2000,2.0,clipped,0.1,4.0,0.7701747508724991
270,grid,0.7701747508724991,0.001,1.0,0.001,2000,2.0,clipped,0.2,4.0,0.7701747508724991
271,grid,0.8010638064134422,0.001,0.001,0.001,2000,0.5,clipped,0.0,1.0,0.8010638064134422
272,grid,0.8010638064134422,0.001,0.001,0.001,2000,0.5,clipped,0.1,1.0,0.8010638064134422
273,grid,0.8010638064134422,0.001,0.001,0.001,2000,0.5,clipped,0.2,1.0,0.8010638064134422
274,grid,0.8010638064134422,0.001,0.001,0.001,2000,1.0,clipped,0.0,2.0,0.8010638064134422
275,grid,0.7701747508724991,0.001,0.001,0.001,2000,1.0,clipped,0.1,2.0,0.7701747508724991
276,grid,0.7701747508724991,0.001,0.001,0.001,2000,1.0,clipped,0.2,2.0,0.7701747508724991
277,grid,0.8010638064134422,0.001,0.001,0.001,2000,2.0,clipped,0.0,4.0,0.8010638064134422
278,grid,0.7701747508724991,0.001,0.001,0.001,2000,2.0,clipped,0.1,4.0,0.7701747508724991
279,grid,0.7701747508724991,0.001,0.001,0.001,2000,2.0,clipped,0.2,4.0,0.7701747508724991
280,grid,0.8010638064134422,0.001,0.01,0.001,2000,0.5,clipped,0.0,1.0,0.8010638064134422
281,grid,0.8010638064134422,0.001,0.01,0.001,2000,0.5,clipped,0.1,1.0,0.8010638064134422
282,grid,0.8010638064134422,0.001,0.01,0.001,2000,0.5,clipped,0.2,1.0,0.8010638064134422
283,grid,0.8010638064134422,0.001,0.01,0.001,2000,1.0,clipped,0.0,2.0,0.8010638064134422
284,grid,0.7701747508724991,0.001,0.01,0.001,2000,1.0,clipped,0.1,2.0,0.7701747508724991
285,grid,0.7701747508724991,0.001,0.01,0.001,2000,1.0,clipped,0.2,2.0,0.7701747508724991
286,grid,0.8010638064134422,0.001,0.01,0.001,2000,2.0,clipped,0.0,4.0,0.8010638064134422
287,grid,0.7701747508724991,0.001,0.01,0.001,2000,2.0,clipped,0.1,4.0,0.7701747508724991
288,grid,0.7701747508724991,0.001,0.01,0.001,2000,2.0,clipped,0.2,4.0,0.7701747508724991
289,grid,0.8010638064134422,0.001,0.1,0.001,2000,0.5,clipped,0.0,1.0,0.8010638064134422
290,grid,0.8010638064134422,0.001,0.1,0.001,2000,0.5,clipped,0.1,1.0,0.8010638064134422
291,grid,0.8010638064134422,0.001,0.1,0.001,2000,0.5,clipped,0.2,1.0,0.8010638064134422
292,grid,0.8010638064134422,0.001,0.1,0.001,2000,1.0,clipped,0.0,2.0,0.8010638064134422
293,grid,0.7701747508724991,0.001,0.1,0.001,2000,1.0,clipped,0.1,2.0,0.7701747508724991
294,grid,0.7701747508724991,0.001,0.1,0.001,2000,1.0,clipped,0.2,2.0,0.7701747508724991
295,grid,0.8010638064134422,0.001,0.1,0.001,2000,2.0,clipped,0.0,4.0,0.8010638064134422
296,grid,0.7701747508724991,0.001,0.1,0.001,2000,2.0,clipped,0.1,4.0,0.7701747508724991
297,grid,0.7701747508724991,0.001,0.1,0.001,2000,2.0,clipped,0.2,4.0,0.7701747508724991
298,grid,0.8010638064134422,0.001,0.5,0.001,2000,0.5,clipped,0.0,1.0,0.8010638064134422
299,grid,0.8010638064134422,0.001,0.5,0.001,2000,0.5,clipped,0.1,1.0,0.8010638064134422
300,grid,0.8010638064134422,0.001,0.5,0.001,2000,0.5,clipped,0.2,1.0,0.8010638064134422
301,grid,0.8010638064134422,0.001,0.5,0.001,2000,1.0,clipped,0.0,2.0,0.8010638064134422
302,grid,0.7701747508724991,0.001,0.5,0.001,2000,1.0,clipped,0.1,2.0,0.7701747508724991
303,grid,0.7701747508724991,0.001,0.5,0.001,2000,1.0,clipped,0.2,2.0,0.7701747508724991
304,grid,0.8010638064134422,0.001,0.5,0.001,2000,2.0,clipped,0.0,4.0,0.8010638064134422
305,grid,0.7701747508724991,0.001,0.5,0.001,2000,2.0,clipped,0.1,4.0,0.7701747508724991
306,grid,0.7701747508724991,0.001,0.5,0.001,2000,2.0,clipped,0.2,4.0,0.7701747508724991
307,grid,0.8010638064134422,0.001,1.0,0.001,2000,0.5,clipped,0.0,1.0,0.8010638064134422
308,grid,0.8010638064134422,0.001,1.0,0.001,2000,0.5,clipped,0.1,1.0,0.8010638064134422
309,grid,0.8010638064134422,0.001,1.0,0.001,2000,0.5,clipped,0.2,1.0,0.8010638064134422
310,grid,0.8010638064134422,0.001,1.0,0.001,2000,1.0,clipped,0.0,2.0,0.8010638064134422
311,grid,0.8010638064134422,0.001,1.0,0.001,2000,1.0,clipped,0.1,2.0,0.8010638064134422
312,grid,0.7701747508724991,0.001,1.0,0.001,2000,1.0,clipped,0.2,2.0,0.7701747508724991
313,grid,0.8010638064134422,0.001,1.0,0.001,2000,2.0,clipped,0.0,4.0,0.8010638064134422
314,grid,0.7701747508724991,0.001,1.0,0.001,2000,2.0,clipped,0.1,4.0,0.7701747508724991
315,grid,0.7701747508724991,0.001,1.0,0.001,2000,2.0,clipped,0.2,4.0,0.7701747508724991
316,grid,0.8010638064134422,0.001,0.001,0.01,2000,0.5,clipped,0.0,1.0,0.8010638064134422
317,grid,0.8010638064134422,0.001,0.001,0.01,2000,0.5,clipped,0.1,1.0,0.8010638064134422
318,grid,0.8010638064134422,0.001,0.001,0.01,2000,0.5,clipped,0.2,1.0,0.8010638064134422
319,grid,0.8010638064134422,0.001,0.001,0.01,2000,1.0,clipped,0.0,2.0,0.8010638064134422
320,grid,0.8010638064134422,0.001,0.001,0.01,2000,1.0,clipped,0.1,2.0,0.8010638064134422
321,grid,0.7701747508724991,0.001,0.001,0.01,2000,1.0,clipped,0.2,2.0,0.7701747508724991
322,grid,0.8010638064134422,0.001,0.001,0.01,2000,2.0,clipped,0.0,4.0,0.8010638064134422
323,grid,0.7701747508724991,0.001,0.001,0.01,2000,2.0,clipped,0.1,4.0,0.7701747508724991
324,grid,0.7701747508724991,0.001,0.001,0.01,2000,2.0,clipped,0.2,4.0,0.7701747508724991
325,grid,0.8010638064134422,0.001,0.01,0.01,2000,0.5,clipped,0.0,1.0,0.8010638064134422
326,grid,0.8010638064134422,0.001,0.01,0.01,2000,0.5,clipped,0.1,1.0,0.8010638064134422
327,grid,0.8010638064134422,0.001,0.01,0.01,2000,0.5,clipped,0.2,1.0,0.8010638064134422
328,grid,0.8010638064134422,0.001,0.01,0.01,2000,1.0,clipped,0.0,2.0,0.8010638064134422
329,grid,0.8010638064134422,0.001,0.01,0.01,2000,1.0,clipped,0.1,2.0,0.8010638064134422
330,grid,0.7701747508724991,0.001,0.01,0.01,2000,1.0,clipped,0.2,2.0,0.7701747508724991
331,grid,0.8010638064134422,0.001,0.01,0.01,2000,2.0,clipped,0.0,4.0,0.8010638064134422
332,grid,0.7701747508724991,0.001,0.01,0.01,2000,2.0,clipped,0.1,4.0,0.7701747508724991
333,grid,0.7701747508724991,0.001,0.01,0.01,2000,2.0,clipped,0.2,4.0,0.7701747508724991
334,grid,0.8010638064134422,0.001,0.1,0.01,2000,0.5,clipped,0.0,1.0,0.8010638064134422
335,grid,0.8010638064134422,0.001,0.1,0.01,2000,0.5,clipped,0.1,1.0,0.8010638064134422
336,grid,0.7701747508724991,0.001,0.1,0.01,2000,0.5,clipped,0.2,1.0,0.7701747508724991
337,grid,0.8010638064134422,0.001,0.1,0.01,2000,1.0,clipped,0.0,2.0,0.8010638064134422
338,grid,0.7701747508724991,0.001,0.1,0.01,2000,1.0,clipped,0.1,2.0,0.7701747508724991
339,grid,0.7701747508724991,0.001,0.1,0.01,2000,1.0,clipped,0.2,2.0,0.7701747508724991
340,grid,0.8010638064134422,0.001,0.1,0.01,2000,2.0,clipped,0.0,4.0,0.8010638064134422
341,grid,0.7701747508724991,0.001,0.1,0.01,2000,2.0,clipped,0.1,4.0,0.7701747508724991
342,grid,0.7701747508724991,0.001,0.1,0.01,2000,2.0,clipped,0.2,4.0,0.7701747508724991
343,grid,0.8010638064134422,0.001,0.5,0.01,2000,0.5,clipped,0.0,1.0,0.8010638064134422
344,grid,0.8010638064134422,0.001,0.5,0.01,2000,0.5,clipped,0.1,1.0,0.8010638064134422
345,grid,0.8010638064134422,0.001,0.5,0.01,2000,0.5,clipped,0.2,1.0,0.8010638064134422
346,grid,0.8010638064134422,0.001,0.5,0.01,2000,1.0,clipped,0.0,2.0,0.8010638064134422
347,grid,0.7701747508724991,0.001,0.5,0.01,2000,1.0,clipped,0.1,2.0,0.7701747508724991
348,grid,0.7701747508724991,0.001,0.5,0.01,2000,1.0,clipped,0.2,2.0,0.7701747508724991
349,grid,0.8010638064134422,0.001,0.5,0.01,2000,2.0,clipped,0.0,4.0,0.8010638064134422
350,grid,0.7701747508724991,0.001,0.5,0.01,2000,2.0,clipped,0.1,4.0,0.7701747508724991
351,grid,0.7701747508724991,0.001,0.5,0.01,2000,2.0,clipped,0.2,4.0,0.7701747508724991
352,grid,0.8010638064134422,0.001,1.0,0.01,2000,0.5,clipped,0.0,1.0,0.8010638064134422
353,grid,0.8010638064134422,0.001,1.0,0.01,2000,0.5,clipped,0.1,1.0,0.8010638064134422
354,grid,0.8010638064134422,0.001,1.0,0.01,2000,0.5,clipped,0.2,1.0,0.8010638064134422
355,grid,0.8010638064134422,0.001,1.0,0.01,2000,1.0,clipped,0.0,2.0,0.8010638064134422
356,grid,0.7701747508724991,0.001,1.0,0.01,2000,1.0,clipped,0.1,2.0,0.7701747508724991
357,grid,0.7701747508724991,0.001,1.0,0.01,2000,1.0,clipped,0.2,2.0,0.7701747508724991
358,grid,0.8010638064134422,0.001,1.0,0.01,2000,2.0,clipped,0.0,4.0,0.8010638064134422
359,grid,0.7701747508724991,0.001,1.0,0.01,2000,2.0,clipped,0.1,4.0,0.7701747508724991
360,grid,0.7701747508724991,0.001,1.0,0.01,2000,2.0,clipped,0.2,4.0,0.7701747508724991
361,grid,0.8010638064134422,0.01,0.001,0.0001,2000,0.5,clipped,0.0,10.0,0.8010638064134422
362,grid,0.8010638064134422,0.01,0.001,0.0001,2000,0.5,clipped,0.1,10.0,0.8010638064134422
363,grid,0.8010638064134422,0.01,0.001,0.0001,2000,0.5,clipped,0.2,10.0,0.8010638064134422
364,grid,0.8010638064134422,0.01,0.001,0.0001,2000,1.0,clipped,0.0,20.0,0.8010638064134422
365,grid,0.7701747508724991,0.01,0.001,0.0001,2000,1.0,clipped,0.1,20.0,0.7701747508724991
366,grid,0.7701747508724991,0.01,0.001,0.0001,2000,1.0,clipped,0.2,20.0,0.7701747508724991
367,grid,0.8010638064134422,0.01,0.001,0.0001,2000,2.0,clipped,0.0,40.0,0.8010638064134422
368,grid,0.7701747508724991,0.01,0.001,0.0001,2000,2.0,clipped,0.1,40.0,0.7701747508724991
369,grid,0.7701747508724991,0.01,0.001,0.0001,2000,2.0,clipped,0.2,40.0,0.7701747508724991
370,grid,0.8010638064134422,0.01,0.01,0.0001,2000,0.5,clipped,0.0,10.0,0.8010638064134422
371,grid,0.8010638064134422,0.01,0.01,0.0001,2000,0.5,clipped,0.1,10.0,0.8010638064134422
372,grid,0.8010638064134422,0.01,0.01,0.0001,2000,0.5,clipped,0.2,10.0,0.8010638064134422
373,grid,0.8010638064134422,0.01,0.01,0.0001,2000,1.0,clipped,0.0,20.0,0.8010638064134422
374,grid,0.7701747508724991,0.01,0.01,0.0001,2000,1.0,clipped,0.1,20.0,0.7701747508724991
375,grid,0.7701747508724991,0.01,0.01,0.0001,2000,1.0,clipped,0.2,20.0,0.7701747508724991
376,grid,0.8010638064134422,0.01,0.01,0.0001,2000,2.0,clipped,0.0,40.0,0.8010638064134422
377,grid,0.7701747508724991,0.01,0.01,0.0001,2000,2.0,clipped,0.1,40.0,0.7701747508724991
378,grid,0.7701747508724991,0.01,0.01,0.0001,2000,2.0,clipped,0.2,40.0,0.7701747508724991
379,grid,0.8010638064134422,0.01,0.1,0.0001,2000,0.5,clipped,0.0,10.0,0.8010638064134422
380,grid,0.8010638064134422,0.01,0.1,0.0001,2000,0.5,clipped,0.1,10.0,0.8010638064134422
381,grid,0.8010638064134422,0.01,0.1,0.0001,2000,0.5,clipped,0.2,10.0,0.8010638064134422
382,grid,0.8010638064134422,0.01,0.1,0.0001,2000,1.0,clipped,0.0,20.0,0.8010638064134422
383,grid,0.7701747508724991,0.01,0.1,0.0001,2000,1.0,clipped,0.1,20.0,0.7701747508724991
384,grid,0.7701747508724991,0.01,0.1,0.0001,2000,1.0,clipped,0.2,20.0,0.7701747508724991
385,grid,0.8010638064134422,0.01,0.1,0.0001,2000,2.0,clipped,0.0,40.0,0.8010638064134422
386,grid,0.7701747508724991,0.01,0.1,0.0001,2000,2.0,clipped,0.1,40.0,0.7701747508724991
387,grid,0.7701747508724991,0.01,0.1,0.0001,2000,2.0,clipped,0.2,40.0,0.7701747508724991
388,grid,0.8010638064134422,0.01,0.5,0.0001,2000,0.5,clipped,0.0,10.0,0.8010638064134422
389,grid,0.8010638064134422,0.01,0.5,0.0001,2000,0.5,clipped,0.1,10.0,0.8010638064134422
390,grid,0.8010638064134422,0.01,0.5,0.0001,2000,0.5,clipped,0.2,10.0,0.8010638064134422
391,grid,0.8010638064134422,0.01,0.5,0.0001,2000,1.0,clipped,0.0,20.0,0.8010638064134422
392,grid,0.7701747508724991,0.01,0.5,0.0001,2000,1.0,clipped,0.1,20.0,0.7701747508724991
393,grid,0.7701747508724991,0.01,0.5,0.0001,2000,1.0,clipped,0.2,20.0,0.7701747508724991
394,grid,0.8010638064134422,0.01,0.5,0.0001,2000,2.0,clipped,0.0,40.0,0.8010638064134422
395,grid,0.7701747508724991,0.01,0.5,0.0001,2000,2.0,clipped,0.1,40.0,0.7701747508724991
396,grid,0.7701747508724991,0.01,0.5,0.0001,2000,2.0,clipped,0.2,40.0,0.7701747508724991
397,grid,0.8010638064134422,0.01,1.0,0.0001,2000,0.5,clipped,0.0,10.0,0.8010638064134422
398,grid,0.8010638064134422,0.01,1.0,0.0001,2000,0.5,clipped,0.1,10.0,0.8010638064134422
399,grid,0.8010638064134422,0.01,1.0,0.0001,2000,0.5,clipped,0.2,10.0,0.8010638064134422
400,grid,0.8010638064134422,0.01,1.0,0.0001,2000,1.0,clipped,0.0,20.0,0.8010638064134422
401,grid,0.7701747508724991,0.01,1.0,0.0001,2000,1.0,clipped,0.1,20.0,0.7701747508724991
402,grid,0.7701747508724991,0.01,1.0,0.0001,2000,1.0,clipped,0.2,20.0,0.7701747508724991
403,grid,0.8010638064134422,0.01,1.0,0.0001,2000,2.0,clipped,0.0,40.0,0.8010638064134422
404,grid,0.7701747508724991,0.01,1.0,0.0001,2000,2.0,clipped,0.1,40.0,0.7701747508724991
405,grid,0.7701747508724991,0.01,1.0,0.0001,2000,2.0,clipped,0.2,40.0,0.7701747508724991
406,grid,0.8010638064134422,0.01,0.001,0.001,2000,0.5,clipped,0.0,10.0,0.8010638064134422
407,grid,0.7701747508724991,0.01,0.001,0.001,2000,0.5,clipped,0.1,10.0,0.7701747508724991
408,grid,0.7701747508724991,0.01,0.001,0.001,2000,0.5,clipped,0.2,10.0,0.7701747508724991
409,grid,0.8010638064134422,0.01,0.001,0.001,2000,1.0,clipped,0.0,20.0,0.8010638064134422
410,grid,0.7701747508724991,0.01,0.001,0.001,2000,1.0,clipped,0.1,20.0,0.7701747508724991
411,grid,0.7510128133862075,0.01,0.001,0.001,2000,1.0,clipped,0.2,20.0,0.7510128133862075
412,grid,0.7701747508724991,0.01,0.001,0.001,2000,2.0,clipped,0.0,40.0,0.7701747508724991
413,grid,0.6998168067452645,0.01,0.001,0.001,2000,2.0,clipped,0.1,40.0,0.6998168067452645
414,grid,0.6934023518493604,0.01,0.001,0.001,2000,2.0,clipped,0.2,40.0,0.6934023518493604
415,grid,0.8010638064134422,0.01,0.01,0.001,2000,0.5,clipped,0.0,10.0,0.8010638064134422
416,grid,0.7701747508724991,0.01,0.01,0.001,2000,0.5,clipped,0.1,10.0,0.7701747508724991
417,grid,0.7701747508724991,0.01,0.01,0.001,2000,0.5,clipped,0.2,10.0,0.7701747508724991
418,grid,0.8010638064134422,0.01,0.01,0.001,2000,1.0,clipped,0.0,20.0,0.8010638064134422
419,grid,0.7701747508724991,0.01,0.01,0.001,2000,1.0,clipped,0.1,20.0,0.7701747508724991
420,grid,0.7510128133862075,0.01,0.01,0.001,2000,1.0,clipped,0.2,20.0,0.7510128133862075
421,grid,0.7701747508724991,0.01,0.01,0.001,2000,2.0,clipped,0.0,40.0,0.7701747508724991
422,grid,0.6998168067452645,0.01,0.01,0.001,2000,2.0,clipped,0.1,40.0,0.6998168067452645
423,grid,0.6934023518493604,0.01,0.01,0.001,2000,2.0,clipped,0.2,40.0,0.6934023518493604
424,grid,0.8010638064134422,0.01,0.1,0.001,2000,0.5,clipped,0.0,10.0,0.8010638064134422
425,grid,0.7701747508724991,0.01,0.1,0.001,2000,0.5,clipped,0.1,10.0,0.7701747508724991
426,grid,0.7701747508724991,0.01,0.1,0.001,2000,0.5,clipped,0.2,10.0,0.7701747508724991
427,grid,0.8010638064134422,0.01,0.1,0.001,2000,1.0,clipped,0.0,20.0,0.8010638064134422
428,grid,0.7701747508724991,0.01,0.1,0.001,2000,1.0,clipped,0.1,20.0,0.7701747508724991
429,grid,0.7607255651457892,0.01,0.1,0.001,2000,1.0,clipped,0.2,20.0,0.7607255651457892
430,grid,0.7701747508724991,0.01,0.1,0.001,2000,2.0,clipped,0.0,40.0,0.7701747508724991
431,grid,0.6998168067452645,0.01,0.1,0.001,2000,2.0,clipped,0.1,40.0,0.6998168067452645
432,grid,0.6934023518493604,0.01,0.1,0.001,2000,2.0,clipped,0.2,40.0,0.6934023518493604
433,grid,0.8010638064134422,0.01,0.5,0.001,2000,0.5,clipped,0.0,10.0,0.8010638064134422
434,grid,0.7701747508724991,0.01,0.5,0.001,2000,0.5,clipped,0.1,10.0,0.7701747508724991
435,grid,0.7701747508724991,0.01,0.5,0.001,2000,0.5,clipped,0.2,10.0,0.7701747508724991
436,grid,0.8010638064134422,0.01,0.5,0.001,2000,1.0,clipped,0.0,20.0,0.8010638064134422
437,grid,0.7701747508724991,0.01,0.5,0.001,2000,1.0,clipped,0.1,20.0,0.7701747508724991
438,grid,0.7701747508724991,0.01,0.5,0.001,2000,1.0,clipped,0.2,20.0,0.7701747508724991
439,grid,0.7701747508724991,0.01,0.5,0.001,2000,2.0,clipped,0.0,40.0,0.7701747508724991
440,grid,0.6998168067452645,0.01,0.5,0.001,2000,2.0,clipped,0.1,40.0,0.6998168067452645
441,grid,0.6975291274997684,0.01,0.5,0.001,2000,2.0,clipped,0.2,40.0,0.6975291274997684
442,grid,0.8010638064134422,0.01,1.0,0.001,2000,0.5,clipped,0.0,10.0,0.8010638064134422
443,grid,0.7701747508724991,0.01,1.0,0.001,2000,0.5,clipped,0.1,10.0,0.7701747508724991
444,grid,0.7701747508724991,0.01,1.0,0.001,2000,0.5,clipped,0.2,10.0,0.7701747508724991
445,grid,0.8010638064134422,0.01,1.0,0.001,2000,1.0,clipped,0.0,20.0,0.8010638064134422
446,grid,0.7701747508724991,0.01,1.0,0.001,2000,1.0,clipped,0.1,20.0,0.7701747508724991
447,grid,0.7701747508724991,0.01,1.0,0.001,2000,1.0,clipped,0.2,20.0,0.7701747508724991
448,grid,0.7701747508724991,0.01,1.0,0.001,2000,2.0,clipped,0.0,40.0,0.7701747508724991
449,grid,0.729836509604846,0.01,1.0,0.001,2000,2.0,clipped,0.1,40.0,0.729836509604846
450,grid,0.6998168067452645,0.01,1.0,0.001,2000,2.0,clipped,0.2,40.0,0.6998168067452645
451,grid,0.8010638064134422,0.01,0.001,0.001,2000,0.5,clipped,0.0,10.0,0.8010638064134422
452,grid,0.7701747508724991,0.01,0.001,0.001,2000,0.5,clipped,0.1,10.0,0.7701747508724991
453,grid,0.7701747508724991,0.01,0.001,0.001,2000,0.5,clipped,0.2,10.0,0.7701747508724991
454,grid,0.8010638064134422,0.01,0.001,0.001,2000,1.0,clipped,0.0,20.0,0.8010638064134422
455,grid,0.7701747508724991,0.01,0.001,0.001,2000,1.0,clipped,0.1,20.0,0.7701747508724991
456,grid,0.7510128133862075,0.01,0.001,0.001,2000,1.0,clipped,0.2,20.0,0.7510128133862075
457,grid,0.7701747508724991,0.01,0.001,0.001,2000,2.0,clipped,0.0,40.0,0.7701747508724991
458,grid,0.6998168067452645,0.01,0.001,0.001,2000,2.0,clipped,0.1,40.0,0.6998168067452645
459,grid,0.6934023518493604,0.01,0.001,0.001,2000,2.0,clipped,0.2,40.0,0.6934023518493604
460,grid,0.8010638064134422,0.01,0.01,0.001,2000,0.5,clipped,0.0,10.0,0.8010638064134422
461,grid,0.7701747508724991,0.01,0.01,0.001,2000,0.5,clipped,0.1,10.0,0.7701747508724991
462,grid,0.7701747508724991,0.01,0.01,0.001,2000,0.5,clipped,0.2,10.0,0.7701747508724991
463,grid,0.8010638064134422,0.01,0.01,0.001,2000,1.0,clipped,0.0,20.0,0.8010638064134422
464,grid,0.7701747508724991,0.01,0.01,0.001,2000,1.0,clipped,0.1,20.0,0.7701747508724991
465,grid,0.7510128133862075,0.01,0.01,0.001,2000,1.0,clipped,0.2,20.0,0.7510128133862075
466,grid,0.7701747508724991,0.01,0.01,0.001,2000,2.0,clipped,0.0,40.0,0.7701747508724991
467,grid,0.6998168067452645,0.01,0.01,0.001,2000,2.0,clipped,0.1,40.0,0.6998168067452645
468,grid,0.6934023518493604,0.01,0.01,0.001,2000,2.0,clipped,0.2,40.0,0.6934023518493604
469,grid,0.8010638064134422,0.01,0.1,0.001,2000,0.5,clipped,0.0,10.0,0.8010638064134422
470,grid,0.7701747508724991,0.01,0.1,0.001,2000,0.5,clipped,0.1,10.0,0.7701747508724991
471,grid,0.7701747508724991,0.01,0.1,0.001,2000,0.5,clipped,0.2,10.0,0.7701747508724991
472,grid,0.8010638064134422,0.01,0.1,0.001,2000,1.0,clipped,0.0,20.0,0.8010638064134422
473,grid,0.7701747508724991,0.01,0.1,0.001,2000,1.0,clipped,0.1,20.0,0.7701747508724991
474,grid,0.7607255651457892,0.01,0.1,0.001,2000,1.0,clipped,0.2,20.0,0.7607255651457892
475,grid,0.7701747508724991,0.01,0.1,0.001,2000,2.0,clipped,0.0,40.0,0.7701747508724991
476,grid,0.6998168067452645,0.01,0.1,0.001,2000,2.0,clipped,0.1,40.0,0.6998168067452645
477,grid,0.6934023518493604,0.01,0.1,0.001,2000,2.0,clipped,0.2,40.0,0.6934023518493604
478,grid,0.8010638064134422,0.01,0.5,0.001,2000,0.5,clipped,0.0,10.0,0.8010638064134422
479,grid,0.7701747508724991,0.01,0.5,0.001,2000,0.5,clipped,0.1,10.0,0.7701747508724991
480,grid,0.7701747508724991,0.01,0.5,0.001,2000,0.5,clipped,0.2,10.0,0.7701747508724991
481,grid,0.8010638064134422,0.01,0.5,0.001,2000,1.0,clipped,0.0,20.0,0.8010638064134422
482,grid,0.7701747508724991,0.01,0.5,0.001,2000,1.0,clipped,0.1,20.0,0.7701747508724991
483,grid,0.7701747508724991,0.01,0.5,0.001,2000,1.0,clipped,0.2,20.0,0.7701747508724991
484,grid,0.7701747508724991,0.01,0.5,0.001,2000,2.0,clipped,0.0,40.0,0.7701747508724991
485,grid,0.6998168067452645,0.01,0.5,0.001,2000,2.0,clipped,0.1,40.0,0.6998168067452645
486,grid,0.6975291274997684,0.01,0.5,0.001,2000,2.0,clipped,0.2,40.0,0.6975291274997684
487,grid,0.8010638064134422,0.01,1.0,0.001,2000,0.5,clipped,0.0,10.0,0.8010638064134422
488,grid,0.7701747508724991,0.01,1.0,0.001,2000,0.5,clipped,0.1,10.0,0.7701747508724991
489,grid,0.7701747508724991,0.01,1.0,0.001,2000,0.5,clipped,0.2,10.0,0.7701747508724991
490,grid,0.8010638064134422,0.01,1.0,0.001,2000,1.0,clipped,0.0,20.0,0.8010638064134422
491,grid,0.7701747508724991,0.01,1.0,0.001,2000,1.0,clipped,0.1,20.0,0.7701747508724991
492,grid,0.7701747508724991,0.01,1.0,0.001,2000,1.0,clipped,0.2,20.0,0.7701747508724991
493,grid,0.7701747508724991,0.01,1.0,0.001,2000,2.0,clipped,0.0,40.0,0.7701747508724991
494,grid,0.729836509604846,0.01,1.0,0.001,2000,2.0,clipped,0.1,40.0,0.729836509604846
495,grid,0.6998168067452645,0.01,1.0,0.001,2000,2.0,clipped,0.2,40.0,0.6998168067452645
496,grid,0.8010638064134422,0.01,0.001,0.01,2000,0.5,clipped,0.0,10.0,0.8010638064134422
497,grid,0.734141181704846,0.01,0.001,0.01,2000,0.5,clipped,0.1,10.0,0.734141181704846
498,grid,0.7727166167008281,0.01,0.001,0.01,2000,0.5,clipped,0.2,10.0,0.7727166167008281
499,grid,0.8010638064134422,0.01,0.001,0.01,2000,1.0,clipped,0.0,20.0,0.8010638064134422
500,grid,0.7138342306048461,0.01,0.001,0.01,2000,1.0,clipped,0.1,20.0,0.7138342306048461
501,grid,0.7138342306048461,0.01,0.001,0.01,2000,1.0,clipped,0.2,20.0,0.7138342306048461
502,grid,0.8010638064134422,0.01,0.001,0.01,2000,2.0,clipped,0.0,40.0,0.8010638064134422
503,grid,0.7013087630484035,0.01,0.001,0.01,2000,2.0,clipped,0.1,40.0,0.7013087630484035
504,grid,0.5606164310877102,0.01,0.001,0.01,2000,2.0,clipped,0.2,40.0,0.5606164310877102
505,grid,0.8010638064134422,0.01,0.01,0.01,2000,0.5,clipped,0.0,10.0,0.8010638064134422
506,grid,0.734141181704846,0.01,0.01,0.01,2000,0.5,clipped,0.1,10.0,0.734141181704846
507,grid,0.7727166167008281,0.01,0.01,0.01,2000,0.5,clipped,0.2,10.0,0.7727166167008281
508,grid,0.8010638064134422,0.01,0.01,0.01,2000,1.0,clipped,0.0,20.0,0.8010638064134422
509,grid,0.7138342306048461,0.01,0.01,0.01,2000,1.0,clipped,0.1,20.0,0.7138342306048461
510,grid,0.7138342306048461,0.01,0.01,0.01,2000,1.0,clipped,0.2,20.0,0.7138342306048461
511,grid,0.8010638064134422,0.01,0.01,0.01,2000,2.0,clipped,0.0,40.0,0.8010638064134422
512,grid,0.7013087630484035,0.01,0.01,0.01,2000,2.0,clipped,0.1,40.0,0.7013087630484035
513,grid,0.5641032154887101,0.01,0.01,0.01,2000,2.0,clipped,0.2,40.0,0.5641032154887101
514,grid,0.8010638064134422,0.01,0.1,0.01,2000,0.5,clipped,0.0,10.0,0.8010638064134422
515,grid,0.747464572321556,0.01,0.1,0.01,2000,0.5,clipped,0.1,10.0,0.747464572321556
516,grid,0.7727166167008281,0.01,0.1,0.01,2000,0.5,clipped,0.2,10.0,0.7727166167008281
517,grid,0.8010638064134422,0.01,0.1,0.01,2000,1.0,clipped,0.0,20.0,0.8010638064134422
518,grid,0.7740489557624992,0.01,0.1,0.01,2000,1.0,clipped,0.1,20.0,0.7740489557624992
519,grid,0.7018337995997683,0.01,0.1,0.01,2000,1.0,clipped,0.2,20.0,0.7018337995997683
520,grid,0.8010638064134422,0.01,0.1,0.01,2000,2.0,clipped,0.0,40.0,0.8010638064134422
521,grid,0.7138342306048461,0.01,0.1,0.01,2000,2.0,clipped,0.1,40.0,0.7138342306048461
522,grid,0.6081702546648432,0.01,0.1,0.01,2000,2.0,clipped,0.2,40.0,0.6081702546648432
523,grid,0.8010638064134422,0.01,0.5,0.01,2000,0.5,clipped,0.0,10.0,0.8010638064134422
524,grid,0.7701747508724991,0.01,0.5,0.01,2000,0.5,clipped,0.1,10.0,0.7701747508724991
525,grid,0.747464572321556,0.01,0.5,0.01,2000,0.5,clipped,0.2,10.0,0.747464572321556
526,grid,0.8010638064134422,0.01,0.5,0.01,2000,1.0,clipped,0.0,20.0,0.8010638064134422
527,grid,0.747464572321556,0.01,0.5,0.01,2000,1.0,clipped,0.1,20.0,0.747464572321556
528,grid,0.6998168067452645,0.01,0.5,0.01,2000,1.0,clipped,0.2,20.0,0.6998168067452645
529,grid,0.8010638064134422,0.01,0.5,0.01,2000,2.0,clipped,0.0,40.0,0.8010638064134422
530,grid,0.6975291274997684,0.01,0.5,0.01,2000,2.0,clipped,0.1,40.0,0.6975291274997684
531,grid,0.6568427238153214,0.01,0.5,0.01,2000,2.0,clipped,0.2,40.0,0.6568427238153214
532,grid,0.8010638064134422,0.01,1.0,0.01,2000,0.5,clipped,0.0,10.0,0.8010638064134422
533,grid,0.7701747508724991,0.01,1.0,0.01,2000,0.5,clipped,0.1,10.0,0.7701747508724991
534,grid,0.7701747508724991,0.01,1.0,0.01,2000,0.5,clipped,0.2,10.0,0.7701747508724991
535,grid,0.8010638064134422,0.01,1.0,0.01,2000,1.0,clipped,0.0,20.0,0.8010638064134422
536,grid,0.7701747508724991,0.01,1.0,0.01,2000,1.0,clipped,0.1,20.0,0.7701747508724991
537,grid,0.747464572321556,0.01,1.0,0.01,2000,1.0,clipped,0.2,20.0,0.747464572321556
538,grid,0.7701747508724991,0.01,1.0,0.01,2000,2.0,clipped,0.0,40.0,0.7701747508724991
539,grid,0.6998168067452645,0.01,1.0,0.01,2000,2.0,clipped,0.1,40.0,0.6998168067452645
540,grid,0.6975291274997684,0.01,1.0,0.01,2000,2.0,clipped,0.2,40.0,0.6975291274997684
541,grid,0.8010638064134422,0.1,0.001,0.0001,2000,0.5,clipped,0.0,100.0,0.8010638064134422
542,grid,0.7701747508724991,0.1,0.001,0.0001,2000,0.5,clipped,0.1,100.0,0.7701747508724991
543,grid,0.7701747508724991,0.1,0.001,0.0001,2000,0.5,clipped,0.2,100.0,0.7701747508724991
544,grid,0.8010638064134422,0.1,0.001,0.0001,2000,1.0,clipped,0.0,200.0,0.8010638064134422
545,grid,0.7701747508724991,0.1,0.001,0.0001,2000,1.0,clipped,0.1,200.0,0.7701747508724991
546,grid,0.7471386084962075,0.1,0.001,0.0001,2000,1.0,clipped,0.2,200.0,0.7471386084962075
547,grid,0.7701747508724991,0.1,0.001,0.0001,2000,2.0,clipped,0.0,400.0,0.7701747508724991
548,grid,0.7510128133862075,0.1,0.001,0.0001,2000,2.0,clipped,0.1,400.0,0.7510128133862075
549,grid,0.7487251341407115,0.1,0.001,0.0001,2000,2.0,clipped,0.2,400.0,0.7487251341407115
550,grid,0.8010638064134422,0.1,0.01,0.0001,2000,0.5,clipped,0.0,100.0,0.8010638064134422
551,grid,0.7701747508724991,0.1,0.01,0.0001,2000,0.5,clipped,0.1,100.0,0.7701747508724991
552,grid,0.7701747508724991,0.1,0.01,0.0001,2000,0.5,clipped,0.2,100.0,0.7701747508724991
553,grid,0.8010638064134422,0.1,0.01,0.0001,2000,1.0,clipped,0.0,200.0,0.8010638064134422
554,grid,0.7701747508724991,0.1,0.01,0.0001,2000,1.0,clipped,0.1,200.0,0.7701747508724991
555,grid,0.7471386084962075,0.1,0.01,0.0001,2000,1.0,clipped,0.2,200.0,0.7471386084962075
556,grid,0.7701747508724991,0.1,0.01,0.0001,2000,2.0,clipped,0.0,400.0,0.7701747508724991
557,grid,0.7510128133862075,0.1,0.01,0.0001,2000,2.0,clipped,0.1,400.0,0.7510128133862075
558,grid,0.7487251341407115,0.1,0.01,0.0001,2000,2.0,clipped,0.2,400.0,0.7487251341407115
559,grid,0.8010638064134422,0.1,0.1,0.0001,2000,0.5,clipped,0.0,100.0,0.8010638064134422
560,grid,0.7701747508724991,0.1,0.1,0.0001,2000,0.5,clipped,0.1,100.0,0.7701747508724991
561,grid,0.7701747508724991,0.1,0.1,0.0001,2000,0.5,clipped,0.2,100.0,0.7701747508724991
562,grid,0.8010638064134422,0.1,0.1,0.0001,2000,1.0,clipped,0.0,200.0,0.8010638064134422
563,grid,0.7701747508724991,0.1,0.1,0.0001,2000,1.0,clipped,0.1,200.0,0.7701747508724991
564,grid,0.7471386084962075,0.1,0.1,0.0001,2000,1.0,clipped,0.2,200.0,0.7471386084962075
565,grid,0.7701747508724991,0.1,0.1,0.0001,2000,2.0,clipped,0.0,400.0,0.7701747508724991
566,grid,0.7737229919371507,0.1,0.1,0.0001,2000,2.0,clipped,0.1,400.0,0.7737229919371507
567,grid,0.7487251341407115,0.1,0.1,0.0001,2000,2.0,clipped,0.2,400.0,0.7487251341407115
568,grid,0.8010638064134422,0.1,0.5,0.0001,2000,0.5,clipped,0.0,100.0,0.8010638064134422
569,grid,0.7701747508724991,0.1,0.5,0.0001,2000,0.5,clipped,0.1,100.0,0.7701747508724991
570,grid,0.7701747508724991,0.1,0.5,0.0001,2000,0.5,clipped,0.2,100.0,0.7701747508724991
571,grid,0.8010638064134422,0.1,0.5,0.0001,2000,1.0,clipped,0.0,200.0,0.8010638064134422
572,grid,0.7701747508724991,0.1,0.5,0.0001,2000,1.0,clipped,0.1,200.0,0.7701747508724991
573,grid,0.7471386084962075,0.1,0.5,0.0001,2000,1.0,clipped,0.2,200.0,0.7471386084962075
574,grid,0.7701747508724991,0.1,0.5,0.0001,2000,2.0,clipped,0.0,400.0,0.7701747508724991
575,grid,0.7737229919371507,0.1,0.5,0.0001,2000,2.0,clipped,0.1,400.0,0.7737229919371507
576,grid,0.7487251341407115,0.1,0.5,0.0001,2000,2.0,clipped,0.2,400.0,0.7487251341407115
577,grid,0.8010638064134422,0.1,1.0,0.0001,2000,0.5,clipped,0.0,100.0,0.8010638064134422
578,grid,0.7701747508724991,0.1,1.0,0.0001,2000,0.5,clipped,0.1,100.0,0.7701747508724991
579,grid,0.7701747508724991,0.1,1.0,0.0001,2000,0.5,clipped,0.2,100.0,0.7701747508724991
580,grid,0.8010638064134422,0.1,1.0,0.0001,2000,1.0,clipped,0.0,200.0,0.8010638064134422
581,grid,0.7701747508724991,0.1,1.0,0.0001,2000,1.0,clipped,0.1,200.0,0.7701747508724991
582,grid,0.7471386084962075,0.1,1.0,0.0001,2000,1.0,clipped,0.2,200.0,0.7471386084962075
583,grid,0.7701747508724991,0.1,1.0,0.0001,2000,2.0,clipped,0.0,400.0,0.7701747508724991
584,grid,0.7737229919371507,0.1,1.0,0.0001,2000,2.0,clipped,0.1,400.0,0.7737229919371507
585,grid,0.7487251341407115,0.1,1.0,0.0001,2000,2.0,clipped,0.2,400.0,0.7487251341407115
586,grid,0.8010638064134422,0.1,0.001,0.001,2000,0.5,clipped,0.0,100.0,0.8010638064134422
587,grid,0.7808844984183645,0.1,0.001,0.001,2000,0.5,clipped,0.1,100.0,0.7808844984183645
588,grid,0.6991425099859725,0.1,0.001,0.001,2000,0.5,clipped,0.2,100.0,0.6991425099859725
589,grid,0.7678870716270031,0.1,0.001,0.001,2000,1.0,clipped,0.0,200.0,0.7678870716270031
590,grid,0.5961093055628861,0.1,0.001,0.001,2000,1.0,clipped,0.1,200.0,0.5961093055628861
591,grid,0.5855237112466901,0.1,0.001,0.001,2000,1.0,clipped,0.2,200.0,0.5855237112466901
592,grid,0.7678870716270031,0.1,0.001,0.001,2000,2.0,clipped,0.0,400.0,0.7678870716270031
593,grid,0.44964363700000004,0.1,0.001,0.001,2000,2.0,clipped,0.1,400.0,0.44964363700000004
594,grid,0.38260990000000006,0.1,0.001,0.001,2000,2.0,clipped,0.2,400.0,0.38260990000000006
595,grid,0.8010638064134422,0.1,0.01,0.001,2000,0.5,clipped,0.0,100.0,0.8010638064134422
596,grid,0.7742596080564645,0.1,0.01,0.001,2000,0.5,clipped,0.1,100.0,0.7742596080564645
597,grid,0.6991425099859725,0.1,0.01,0.001,2000,0.5,clipped,0.2,100.0,0.6991425099859725
598,grid,0.7678870716270031,0.1,0.01,0.001,2000,1.0,clipped,0.0,200.0,0.7678870716270031
599,grid,0.5961093055628861,0.1,0.01,0.001,2000,1.0,clipped,0.1,200.0,0.5961093055628861
600,grid,0.5855237112466901,0.1,0.01,0.001,2000,1.0,clipped,0.2,200.0,0.5855237112466901
601,grid,0.7678870716270031,0.1,0.01,0.001,2000,2.0,clipped,0.0,400.0,0.7678870716270031
602,grid,0.44964363700000004,0.1,0.01,0.001,2000,2.0,clipped,0.1,400.0,0.44964363700000004
603,grid,0.38260990000000006,0.1,0.01,0.001,2000,2.0,clipped,0.2,400.0,0.38260990000000006
604,grid,0.8010638064134422,0.1,0.1,0.001,2000,0.5,clipped,0.0,100.0,0.8010638064134422
605,grid,0.7742596080564645,0.1,0.1,0.001,2000,0.5,clipped,0.1,100.0,0.7742596080564645
606,grid,0.7003628221607114,0.1,0.1,0.001,2000,0.5,clipped,0.2,100.0,0.7003628221607114
607,grid,0.7678870716270031,0.1,0.1,0.001,2000,1.0,clipped,0.0,200.0,0.7678870716270031
608,grid,0.5961093055628861,0.1,0.1,0.001,2000,1.0,clipped,0.1,200.0,0.5961093055628861
609,grid,0.5730578112466901,0.1,0.1,0.001,2000,1.0,clipped,0.2,200.0,0.5730578112466901
610,grid,0.7678870716270031,0.1,0.1,0.001,2000,2.0,clipped,0.0,400.0,0.7678870716270031
611,grid,0.437177737,0.1,0.1,0.001,2000,2.0,clipped,0.1,400.0,0.437177737
612,grid,0.38260990000000006,0.1,0.1,0.001,2000,2.0,clipped,0.2,400.0,0.38260990000000006
613,grid,0.8010638064134422,0.1,0.5,0.001,2000,0.5,clipped,0.0,100.0,0.8010638064134422
614,grid,0.7607161856957504,0.1,0.5,0.001,2000,0.5,clipped,0.1,100.0,0.7607161856957504
615,grid,0.7808844984183645,0.1,0.5,0.001,2000,0.5,clipped,0.2,100.0,0.7808844984183645
616,grid,0.7678870716270031,0.1,0.5,0.001,2000,1.0,clipped,0.0,200.0,0.7678870716270031
617,grid,0.6999544228076293,0.1,0.5,0.001,2000,1.0,clipped,0.1,200.0,0.6999544228076293
618,grid,0.5846355669818801,0.1,0.5,0.001,2000,1.0,clipped,0.2,200.0,0.5846355669818801
619,grid,0.7678870716270031,0.1,0.5,0.001,2000,2.0,clipped,0.0,400.0,0.7678870716270031
620,grid,0.437177737,0.1,0.5,0.001,2000,2.0,clipped,0.1,400.0,0.437177737
621,grid,0.38260990000000006,0.1,0.5,0.001,2000,2.0,clipped,0.2,400.0,0.38260990000000006
622,grid,0.8010638064134422,0.1,1.0,0.001,2000,0.5,clipped,0.0,100.0,0.8010638064134422
623,grid,0.7510128133862075,0.1,1.0,0.001,2000,0.5,clipped,0.1,100.0,0.7510128133862075
624,grid,0.7808844984183645,0.1,1.0,0.001,2000,0.5,clipped,0.2,100.0,0.7808844984183645
625,grid,0.7701747508724991,0.1,1.0,0.001,2000,1.0,clipped,0.0,200.0,0.7701747508724991
626,grid,0.6999544228076293,0.1,1.0,0.001,2000,1.0,clipped,0.1,200.0,0.6999544228076293
627,grid,0.6350441806421863,0.1,1.0,0.001,2000,1.0,clipped,0.2,200.0,0.6350441806421863
628,grid,0.7678870716270031,0.1,1.0,0.001,2000,2.0,clipped,0.0,400.0,0.7678870716270031
629,grid,0.5316475029805352,0.1,1.0,0.001,2000,2.0,clipped,0.1,400.0,0.5316475029805352
630,grid,0.448843398391,0.1,1.0,0.001,2000,2.0,clipped,0.2,400.0,0.448843398391
631,grid,0.8010638064134422,0.1,0.001,0.001,2000,0.5,clipped,0.0,100.0,0.8010638064134422
632,grid,0.7808844984183645,0.1,0.001,0.001,2000,0.5,clipped,0.1,100.0,0.7808844984183645
633,grid,0.6991425099859725,0.1,0.001,0.001,2000,0.5,clipped,0.2,100.0,0.6991425099859725
634,grid,0.7678870716270031,0.1,0.001,0.001,2000,1.0,clipped,0.0,200.0,0.7678870716270031
635,grid,0.5961093055628861,0.1,0.001,0.001,2000,1.0,clipped,0.1,200.0,0.5961093055628861
636,grid,0.5855237112466901,0.1,0.001,0.001,2000,1.0,clipped,0.2,200.0,0.5855237112466901
637,grid,0.7678870716270031,0.1,0.001,0.001,2000,2.0,clipped,0.0,400.0,0.7678870716270031
638,grid,0.44964363700000004,0.1,0.001,0.001,2000,2.0,clipped,0.1,400.0,0.44964363700000004
639,grid,0.38260990000000006,0.1,0.001,0.001,2000,2.0,clipped,0.2,400.0,0.38260990000000006
640,grid,0.8010638064134422,0.1,0.01,0.001,2000,0.5,clipped,0.0,100.0,0.8010638064134422
641,grid,0.7742596080564645,0.1,0.01,0.001,2000,0.5,clipped,0.1,100.0,0.7742596080564645
642,grid,0.6991425099859725,0.1,0.01,0.001,2000,0.5,clipped,0.2,100.0,0.6991425099859725
643,grid,0.7678870716270031,0.1,0.01,0.001,2000,1.0,clipped,0.0,200.0,0.7678870716270031
644,grid,0.5961093055628861,0.1,0.01,0.001,2000,1.0,clipped,0.1,200.0,0.5961093055628861
645,grid,0.5855237112466901,0.1,0.01,0.001,2000,1.0,clipped,0.2,200.0,0.5855237112466901
646,grid,0.7678870716270031,0.1,0.01,0.001,2000,2.0,clipped,0.0,400.0,0.7678870716270031
647,grid,0.44964363700000004,0.1,0.01,0.001,2000,2.0,clipped,0.1,400.0,0.44964363700000004
648,grid,0.38260990000000006,0.1,0.01,0.001,2000,2.0,clipped,0.2,400.0,0.38260990000000006
649,grid,0.8010638064134422,0.1,0.1,0.001,2000,0.5,clipped,0.0,100.0,0.8010638064134422
650,grid,0.7742596080564645,0.1,0.1,0.001,2000,0.5,clipped,0.1,100.0,0.7742596080564645
651,grid,0.7003628221607114,0.1,0.1,0.001,2000,0.5,clipped,0.2,100.0,0.7003628221607114
652,grid,0.7678870716270031,0.1,0.1,0.001,2000,1.0,clipped,0.0,200.0,0.7678870716270031
653,grid,0.5961093055628861,0.1,0.1,0.001,2000,1.0,clipped,0.1,200.0,0.5961093055628861
654,grid,0.5730578112466901,0.1,0.1,0.001,2000,1.0,clipped,0.2,200.0,0.5730578112466901
655,grid,0.7678870716270031,0.1,0.1,0.001,2000,2.0,clipped,0.0,400.0,0.7678870716270031
656,grid,0.437177737,0.1,0.1,0.001,2000,2.0,clipped,0.1,400.0,0.437177737
657,grid,0.38260990000000006,0.1,0.1,0.001,2000,2.0,clipped,0.2,400.0,0.38260990000000006
658,grid,0.8010638064134422,0.1,0.5,0.001,2000,0.5,clipped,0.0,100.0,0.8010638064134422
659,grid,0.7607161856957504,0.1,0.5,0.001,2000,0.5,clipped,0.1,100.0,0.7607161856957504
660,grid,0.7808844984183645,0.1,0.5,0.001,2000,0.5,clipped,0.2,100.0,0.7808844984183645
661,grid,0.7678870716270031,0.1,0.5,0.001,2000,1.0,clipped,0.0,200.0,0.7678870716270031
662,grid,0.6999544228076293,0.1,0.5,0.001,2000,1.0,clipped,0.1,200.0,0.6999544228076293
663,grid,0.5846355669818801,0.1,0.5,0.001,2000,1.0,clipped,0.2,200.0,0.5846355669818801
664,grid,0.7678870716270031,0.1,0.5,0.001,2000,2.0,clipped,0.0,400.0,0.7678870716270031
665,grid,0.437177737,0.1,0.5,0.001,2000,2.0,clipped,0.1,400.0,0.437177737
666,grid,0.38260990000000006,0.1,0.5,0.001,2000,2.0,clipped,0.2,400.0,0.38260990000000006
667,grid,0.8010638064134422,0.1,1.0,0.001,2000,0.5,clipped,0.0,100.0,0.8010638064134422
668,grid,0.7510128133862075,0.1,1.0,0.001,2000,0.5,clipped,0.1,100.0,0.7510128133862075
669,grid,0.7808844984183645,0.1,1.0,0.001,2000,0.5,clipped,0.2,100.0,0.7808844984183645
670,grid,0.7701747508724991,0.1,1.0,0.001,2000,1.0,clipped,0.0,200.0,0.7701747508724991
671,grid,0.6999544228076293,0.1,1.0,0.001,2000,1.0,clipped,0.1,200.0,0.6999544228076293
672,grid,0.6350441806421863,0.1,1.0,0.001,2000,1.0,clipped,0.2,200.0,0.6350441806421863
673,grid,0.7678870716270031,0.1,1.0,0.001,2000,2.0,clipped,0.0,400.0,0.7678870716270031
674,grid,0.5316475029805352,0.1,1.0,0.001,2000,2.0,clipped,0.1,400.0,0.5316475029805352
675,grid,0.448843398391,0.1,1.0,0.001,2000,2.0,clipped,0.2,400.0,0.448843398391
676,grid,0.8010638064134422,0.1,0.001,0.01,2000,0.5,clipped,0.0,100.0,0.8010638064134422
677,grid,0.5964815768065742,0.1,0.001,0.01,2000,0.5,clipped,0.1,100.0,0.5964815768065742
678,grid,0.8533295833012051,0.1,0.001,0.01,2000,0.5,clipped,0.2,100.0,0.8533295833012051
679,grid,0.7877404157967322,0.1,0.001,0.01,2000,1.0,clipped,0.0,200.0,0.7877404157967322
680,grid,0.3760489000000001,0.1,0.001,0.01,2000,1.0,clipped,0.1,200.0,0.3760489000000001
681,grid,0.34390000000000004,0.1,0.001,0.01,2000,1.0,clipped,0.2,200.0,0.34390000000000004
682,grid,0.7568513602557891,0.1,0.001,0.01,2000,2.0,clipped,0.0,400.0,0.7568513602557891
683,grid,0.3760489000000001,0.1,0.001,0.01,2000,2.0,clipped,0.1,400.0,0.3760489000000001
684,grid,0.350461,0.1,0.001,0.01,2000,2.0,clipped,0.2,400.0,0.350461
685,grid,0.8010638064134422,0.1,0.01,0.01,2000,0.5,clipped,0.0,100.0,0.8010638064134422
686,grid,0.6032439674232842,0.1,0.01,0.01,2000,0.5,clipped,0.1,100.0,0.6032439674232842
687,grid,0.8533295833012051,0.1,0.01,0.01,2000,0.5,clipped,0.2,100.0,0.8533295833012051
688,grid,0.7877404157967322,0.1,0.01,0.01,2000,1.0,clipped,0.0,200.0,0.7877404157967322
689,grid,0.3760489000000001,0.1,0.01,0.01,2000,1.0,clipped,0.1,200.0,0.3760489000000001
690,grid,0.34390000000000004,0.1,0.01,0.01,2000,1.0,clipped,0.2,200.0,0.34390000000000004
691,grid,0.7568513602557891,0.1,0.01,0.01,2000,2.0,clipped,0.0,400.0,0.7568513602557891
692,grid,0.3760489000000001,0.1,0.01,0.01,2000,2.0,clipped,0.1,400.0,0.3760489000000001
693,grid,0.350461,0.1,0.01,0.01,2000,2.0,clipped,0.2,400.0,0.350461
694,grid,0.7877404157967322,0.1,0.1,0.01,2000,0.5,clipped,0.0,100.0,0.7877404157967322
695,grid,0.6302104466421523,0.1,0.1,0.01,2000,0.5,clipped,0.1,100.0,0.6302104466421523
696,grid,0.7861624788770489,0.1,0.1,0.01,2000,0.5,clipped,0.2,100.0,0.7861624788770489
697,grid,0.7877404157967322,0.1,0.1,0.01,2000,1.0,clipped,0.0,200.0,0.7877404157967322
698,grid,0.4009807,0.1,0.1,0.01,2000,1.0,clipped,0.1,200.0,0.4009807
699,grid,0.350461,0.1,0.1,0.01,2000,1.0,clipped,0.2,200.0,0.350461
700,grid,0.7701747508724991,0.1,0.1,0.01,2000,2.0,clipped,0.0,400.0,0.7701747508724991
701,grid,0.3760489000000001,0.1,0.1,0.01,2000,2.0,clipped,0.1,400.0,0.3760489000000001
702,grid,0.350461,0.1,0.1,0.01,2000,2.0,clipped,0.2,400.0,0.350461
703,grid,0.8010638064134422,0.1,0.5,0.01,2000,0.5,clipped,0.0,100.0,0.8010638064134422
704,grid,0.7254888967233823,0.1,0.5,0.01,2000,0.5,clipped,0.1,100.0,0.7254888967233823
705,grid,0.6602777123654564,0.1,0.5,0.01,2000,0.5,clipped,0.2,100.0,0.6602777123654564
706,grid,0.7987761271679461,0.1,0.5,0.01,2000,1.0,clipped,0.0,200.0,0.7987761271679461
707,grid,0.5848260597418353,0.1,0.5,0.01,2000,1.0,clipped,0.1,200.0,0.5848260597418353
708,grid,0.5016705364810001,0.1,0.5,0.01,2000,1.0,clipped,0.2,200.0,0.5016705364810001
709,grid,0.7678870716270031,0.1,0.5,0.01,2000,2.0,clipped,0.0,400.0,0.7678870716270031
710,grid,0.38260990000000006,0.1,0.5,0.01,2000,2.0,clipped,0.1,400.0,0.38260990000000006
711,grid,0.3635830000000001,0.1,0.5,0.01,2000,2.0,clipped,0.2,400.0,0.3635830000000001
712,grid,0.8010638064134422,0.1,1.0,0.01,2000,0.5,clipped,0.0,100.0,0.8010638064134422
713,grid,0.7714353126916544,0.1,1.0,0.01,2000,0.5,clipped,0.1,100.0,0.7714353126916544
714,grid,0.7339931638774214,0.1,1.0,0.01,2000,0.5,clipped,0.2,100.0,0.7339931638774214
715,grid,0.7701747508724991,0.1,1.0,0.01,2000,1.0,clipped,0.0,200.0,0.7701747508724991
716,grid,0.6360029930147861,0.1,1.0,0.01,2000,1.0,clipped,0.1,200.0,0.6360029930147861
717,grid,0.5565657561070434,0.1,1.0,0.01,2000,1.0,clipped,0.2,200.0,0.5565657561070434
718,grid,0.7678870716270031,0.1,1.0,0.01,2000,2.0,clipped,0.0,400.0,0.7678870716270031
719,grid,0.45974101600000006,0.1,1.0,0.01,2000,2.0,clipped,0.1,400.0,0.45974101600000006
720,grid,0.38260990000000006,0.1,1.0,0.01,2000,2.0,clipped,0.2,400.0,0.38260990000000006
