alpha,eta,rho,T,theta_lr,theta_inner_steps,theta_lambda,theta_mode,theta_optimizer,theta_start_mode,theta_include_beta_cov,beta_update,policy_optimizer,policy_gradient,reinforce_samples,fisher_damping,cg_iters,cg_tol,state_weight_update,dataset_path,num_trajectories,max_steps,seed,device,status,error,elapsed_seconds,solver_success_rate,solver_avg_return,solver_v_x0,solver_v_gap,greedy_success_rate,greedy_avg_return,greedy_v_x0,greedy_v_gap,final_total_loss,final_policy_objective,final_beta_objective,final_q_objective,final_theta_norm,final_policy_grad_norm,final_beta_grad_norm,final_theta_grad_norm,run_idx
0.001,1e-05,3.0,1500,0.03,20,1e-07,reg_fixed,adam,warm,False,fogas_full,adam,exact,4,0.001,50,1e-10,normal,/shared/home/mauro.diaz/work/FOGAS/data/datasets_clean/generalization/5grid_stochastic.csv,100,20,42,cpu,ok,,3207.474861570983,0.75,-0.5537533850043557,0.6452819398545578,1.765756152078669,0.94,-0.2102740006619639,2.967923004896019,0.0,-44.95744898506572,-211.40286972128476,45.04248488007732,-44.302986616150655,3598.5197747214693,1.1198291172719097,12.041484287202088,0.0213079640100336,89
0.001,1e-05,1.5,1500,0.03,20,1e-07,reg_fixed,adam,warm,False,fogas_full,adam,exact,4,0.001,50,1e-10,normal,/shared/home/mauro.diaz/work/FOGAS/data/datasets_clean/generalization/5grid_stochastic.csv,100,20,42,cpu,ok,,3301.9674368299893,0.72,-0.5401193760756623,0.7629359825887012,1.6152720315536775,0.94,-0.2102740006619639,2.967923004896019,0.0,-44.55177939326671,-216.9037589402376,45.448154660838256,-43.88468281134933,3633.791773371463,1.0706005372751044,13.361688766269964,0.0214435105519723,102
0.001,0.0001,3.0,1500,0.03,10,1e-07,reg_fixed,adam,warm,False,fogas_full,adam,exact,4,0.001,50,1e-10,normal,/shared/home/mauro.diaz/work/FOGAS/data/datasets_clean/generalization/5grid_stochastic.csv,100,20,42,cpu,ok,,2708.184965421969,0.72,-0.5494485562821335,0.8312463943384496,1.681899848386645,0.94,-0.2102740006619639,2.967923004896019,0.0,5.396921481325181,-176.9135930538448,19.49806734093389,5.477051738111184,1353.2039227227117,1.6793381121308912,2.796396726227759,0.0333612604973833,58
0.001,3e-05,1.5,1500,0.03,10,1e-07,reg_fixed,adam,warm,False,fogas_full,adam,exact,4,0.001,50,1e-10,normal,/shared/home/mauro.diaz/work/FOGAS/data/datasets_clean/generalization/5grid_stochastic.csv,100,20,42,cpu,ok,,2720.979573887016,0.71,-0.5347678672083522,0.7774195776932382,1.6922274652114129,0.94,-0.2102740006619639,2.95101197789587,0.0136875078766621,-11.72954936605526,-137.3433169030045,33.27040305272687,-11.55787128962231,1820.1632477669843,0.8103129258382346,6.762638468114172,0.0124733492381711,60
0.001,3e-05,1.0,1500,0.03,10,1e-07,reg_fixed,adam,warm,False,fogas_full,adam,exact,4,0.001,50,1e-10,normal,/shared/home/mauro.diaz/work/FOGAS/data/datasets_clean/generalization/5grid_stochastic.csv,100,20,42,cpu,ok,,2815.873150657979,0.7,-0.552250030974831,0.7145572951478454,1.7393434942490238,0.94,-0.2102740006619639,2.967923004896019,0.0,-11.348858666009852,-137.63844788129495,33.57738551452872,-11.17893190098314,1807.395669536218,0.5401656176228012,6.535070526652884,0.0147270879866068,71
0.001,0.0001,1.5,1500,0.03,10,1e-07,reg_fixed,adam,warm,False,fogas_full,adam,exact,4,0.001,50,1e-10,normal,/shared/home/mauro.diaz/work/FOGAS/data/datasets_clean/generalization/5grid_stochastic.csv,100,20,42,cpu,ok,,2731.516611263971,0.7,-0.5526767026586757,0.7390835526341473,1.828080366178909,0.94,-0.2102740006619639,2.967923004896019,0.0,6.034466714400057,-188.84090885426167,18.698476975870776,6.1154894999655225,1330.2504504724168,1.8328994164869328,3.901953246209816,0.0371141579456158,61
0.001,3e-05,2.0,1500,0.03,10,1e-07,reg_fixed,adam,warm,False,fogas_full,adam,exact,4,0.001,50,1e-10,normal,/shared/home/mauro.diaz/work/FOGAS/data/datasets_clean/generalization/5grid_stochastic.csv,100,20,42,cpu,ok,,2788.9769811820006,0.7,-0.5586433481782325,0.71071134654737,1.7389139639767748,0.94,-0.2102740006619639,2.967923004896019,0.0,-11.541488224780773,-135.22875712824623,33.38484530795249,-11.373961513834868,1794.4899856650864,0.553457339196489,6.258858971475665,0.016047477304379,67
0.001,1e-05,0.5,1500,0.03,20,1e-07,reg_fixed,adam,warm,False,fogas_full,adam,exact,4,0.001,50,1e-10,normal,/shared/home/mauro.diaz/work/FOGAS/data/datasets_clean/generalization/5grid_stochastic.csv,100,20,42,cpu,ok,,3175.4874129560194,0.7,-0.5607786584139661,0.7222681369439563,1.6188804443125662,0.94,-0.2102740006619639,2.967923004896019,0.0,-44.54114013501808,-214.64865012055893,45.45879368026388,-43.883165868756926,3606.08745787192,0.9095267888331848,13.3326218860655,0.0214212939839287,86
0.001,3e-05,3.0,1500,0.03,10,1e-07,reg_fixed,adam,warm,False,fogas_full,adam,exact,4,0.001,50,1e-10,normal,/shared/home/mauro.diaz/work/FOGAS/data/datasets_clean/generalization/5grid_stochastic.csv,100,20,42,cpu,ok,,2745.7570443529985,0.69,-0.5521393128264703,0.5746711749459897,1.8732008134170748,0.94,-0.2102740006619639,2.967923004896019,0.0,-12.3917940567991,-135.5655431025239,32.535051627064234,-12.218675889832005,1836.5798223970264,0.6985860982804274,6.137803049830928,0.0123631171402072,65
0.001,3e-05,0.5,1500,0.03,10,1e-07,reg_fixed,adam,warm,False,fogas_full,adam,exact,4,0.001,50,1e-10,normal,/shared/home/mauro.diaz/work/FOGAS/data/datasets_clean/generalization/5grid_stochastic.csv,100,20,42,cpu,ok,,2829.096537173027,0.69,-0.561919055828437,0.7829985763303877,1.6653234998831576,0.94,-0.2102740006619639,2.95101197789587,0.0136875078766621,-11.210828140675687,-138.50237073197673,33.59043409350357,-11.040830707510011,1814.137255175586,0.6487232031042401,6.37065733832443,0.0145468729795081,73
0.001,0.0001,0.75,1500,0.03,10,1e-07,reg_fixed,adam,warm,False,fogas_full,adam,exact,4,0.001,50,1e-10,normal,/shared/home/mauro.diaz/work/FOGAS/data/datasets_clean/generalization/5grid_stochastic.csv,100,20,42,cpu,ok,,2877.6830917139887,0.69,-0.5640209024425045,0.6246088495764494,1.8945499209327568,0.94,-0.2102740006619639,2.967923004896019,0.0,7.185257850559726,-188.1068934165611,18.808979612297957,7.270822834884559,1338.9604773723747,2.1134057470009378,3.4599474439118323,0.0384933661767094,79
0.001,0.0001,2.0,1500,0.03,10,1e-07,reg_fixed,adam,warm,False,fogas_full,adam,exact,4,0.001,50,1e-10,normal,/shared/home/mauro.diaz/work/FOGAS/data/datasets_clean/generalization/5grid_stochastic.csv,100,20,42,cpu,ok,,2804.311152759008,0.69,-0.5688309273321557,0.7008943730610459,1.871087482376197,0.94,-0.2102740006619639,2.967923004896019,0.0,6.233580099537319,-174.33859410671752,19.45752793766332,6.314763207898243,1316.5536777070274,1.9614167633985795,3.451868261164119,0.0362094618841673,70
0.001,1e-05,0.75,1500,0.03,10,1e-07,reg_fixed,adam,warm,False,fogas_full,adam,exact,4,0.001,50,1e-10,normal,/shared/home/mauro.diaz/work/FOGAS/data/datasets_clean/generalization/5grid_stochastic.csv,100,20,42,cpu,ok,,2894.4821636920096,0.69,-0.5730167504127655,0.559322473065599,1.695548488201879,0.94,-0.2102740006619639,2.95101197789587,0.0136875078766621,-33.70587747509762,-76.7173321466925,11.294100401124204,-33.53939612582517,1811.8837011409769,0.2518194517884304,6.975476588645655,0.0346284213918686,81
0.001,1e-05,1.5,1500,0.03,10,1e-07,reg_fixed,adam,warm,False,fogas_full,adam,exact,4,0.001,50,1e-10,normal,/shared/home/mauro.diaz/work/FOGAS/data/datasets_clean/generalization/5grid_stochastic.csv,100,20,42,cpu,ok,,2901.518285085971,0.68,-0.5656741917915155,0.715502652101832,1.4843709209614966,0.94,-0.2102740006619639,2.967923004896019,0.0,-33.72917159162056,-76.15981640829047,11.270806238881171,-33.56323695450213,1805.2646024956248,0.3025895950616934,6.798118964115546,0.0343308765702076,82
0.001,3e-05,0.75,1500,0.03,10,1e-07,reg_fixed,adam,warm,False,fogas_full,adam,exact,4,0.001,50,1e-10,normal,/shared/home/mauro.diaz/work/FOGAS/data/datasets_clean/generalization/5grid_stochastic.csv,100,20,42,cpu,ok,,2853.636672356981,0.68,-0.567095490020501,0.8014963888293403,1.6596415074921012,0.94,-0.2102740006619639,2.967923004896019,0.0,-11.177935699073196,-138.28676036083593,33.623305620710475,-11.010460283875494,1793.567198940462,0.4378297353875517,6.353043562739671,0.0178030299075296,75
0.001,3e-05,0.75,1500,0.03,20,1e-07,reg_fixed,adam,warm,False,fogas_full,adam,exact,4,0.001,50,1e-10,normal,/shared/home/mauro.diaz/work/FOGAS/data/datasets_clean/generalization/5grid_stochastic.csv,100,20,42,cpu,ok,,3315.037331875996,0.68,-0.5767246361184578,0.7549376670343744,1.7279043754417645,0.94,-0.2102740006619639,2.967923004896019,0.0,7.148416707633324,-342.13230554862935,54.23788997164812,7.632577265667374,3072.265713849745,2.427906082056429,7.64387283300502,0.0330045296908507,104
0.001,1e-05,0.75,1500,0.03,20,1e-07,reg_fixed,adam,warm,False,fogas_full,adam,exact,4,0.001,50,1e-10,normal,/shared/home/mauro.diaz/work/FOGAS/data/datasets_clean/generalization/5grid_stochastic.csv,100,20,42,cpu,ok,,3358.3510901170084,0.68,-0.576770207332139,0.5814461548852216,1.7176504335276197,0.94,-0.2102740006619639,2.95101197789587,0.0136875078766621,-44.74316310814088,-216.6844077759655,45.25676982752808,-44.06907179511762,3653.107376812213,0.9539592022156582,12.533562367527072,0.0202553157451083,110
0.001,3e-05,0.5,1500,0.03,20,1e-07,reg_fixed,adam,warm,False,fogas_full,adam,exact,4,0.001,50,1e-10,normal,/shared/home/mauro.diaz/work/FOGAS/data/datasets_clean/generalization/5grid_stochastic.csv,100,20,42,cpu,ok,,3462.436812209024,0.68,-0.5851070086709907,0.6734125138664846,1.830518321751152,0.94,-0.2102740006619639,2.967923004896019,0.0,9.974023340494902,-351.3336878865106,61.06632223384736,10.45722959383325,3068.0756949359047,2.1567120057496765,8.316571556421769,0.0334348642370413,113
0.001,0.0001,0.5,1500,0.03,10,1e-07,reg_fixed,adam,warm,False,fogas_full,adam,exact,4,0.001,50,1e-10,normal,/shared/home/mauro.diaz/work/FOGAS/data/datasets_clean/generalization/5grid_stochastic.csv,100,20,42,cpu,ok,,2797.7809543120093,0.67,-0.5591817142390643,0.8717438205483519,1.5947679678112068,0.94,-0.2102740006619639,2.967923004896019,0.0,6.515862705336756,-181.0629821754024,18.3275320196562,6.597655919831764,1289.8180132815942,2.374060652362695,3.482624509234894,0.0368496714394552,68
0.001,3e-05,5.0,1500,0.03,10,1e-07,reg_fixed,adam,warm,False,fogas_full,adam,exact,4,0.001,50,1e-10,normal,/shared/home/mauro.diaz/work/FOGAS/data/datasets_clean/generalization/5grid_stochastic.csv,100,20,42,cpu,ok,,35.60492916801013,0.67,-0.5875541303589537,0.7490291345746269,1.7001289832797561,0.94,-0.21027400066196392,2.967923004896019,0.0,-13.15395958509297,-132.7321519265643,31.846001302476957,-12.986740388208691,1799.7076650226427,0.8210827247653308,6.642080202529909,0.012268487810792315,116
0.001,3e-05,1.0,1500,0.03,20,1e-07,reg_fixed,adam,warm,False,fogas_full,adam,exact,4,0.001,50,1e-10,normal,/shared/home/mauro.diaz/work/FOGAS/data/datasets_clean/generalization/5grid_stochastic.csv,100,20,42,cpu,ok,,3343.079512886994,0.66,-0.5571958806221908,0.5386881316913957,1.9422553540028176,0.94,-0.2102740006619639,2.967923004896019,0.0,9.598581949009706,-354.012536456522,59.69385944414459,10.09406300834565,3114.305543300937,2.754298663504449,8.440642037457373,0.042738049509557,107
0.001,0.0001,1.0,1500,0.03,10,1e-07,reg_fixed,adam,warm,False,fogas_full,adam,exact,4,0.001,50,1e-10,normal,/shared/home/mauro.diaz/work/FOGAS/data/datasets_clean/generalization/5grid_stochastic.csv,100,20,42,cpu,ok,,2987.0397079170216,0.66,-0.576117688495088,0.7202536933168454,1.711869385933626,0.94,-0.2102740006619639,2.95101197789587,0.0136875078766621,7.695481934696385,-187.566202960853,20.82018803311021,7.782203651146932,1364.9699497363413,2.370560024027371,2.773477265978373,0.0427608607899772,84
0.001,3e-05,1.5,1500,0.03,20,1e-07,reg_fixed,adam,warm,False,fogas_full,adam,exact,4,0.001,50,1e-10,normal,/shared/home/mauro.diaz/work/FOGAS/data/datasets_clean/generalization/5grid_stochastic.csv,100,20,42,cpu,ok,,3304.8274026419967,0.66,-0.5869636448775204,0.5215847923661726,1.9995474353820184,0.94,-0.2102740006619639,2.967923004896019,0.0,9.081220930153862,-353.54918110267954,60.96266445908796,9.562437639032156,3066.7253096692075,2.070957098264952,8.454516881433731,0.0305039690674099,103
0.001,3e-05,2.0,1000,0.03,20,1e-07,reg_fixed,adam,warm,False,fogas_full,adam,exact,4,0.001,50,1e-10,normal,/shared/home/mauro.diaz/work/FOGAS/data/datasets_clean/generalization/5grid_stochastic.csv,100,20,42,cpu,ok,,2254.521584086993,0.66,-0.5926411859495159,0.4707180478008793,1.9332440398880164,0.94,-0.2102740006619639,2.95101197789587,0.0136875078766621,-23.042439256395745,-177.20737412980037,36.95751226398455,-22.707603483227228,2555.8860157120084,0.8347053471729896,8.82107265007056,0.015791885791984,34
0.001,0.0001,1.5,1000,0.03,10,1e-07,reg_fixed,adam,warm,False,fogas_full,adam,exact,4,0.001,50,1e-10,normal,/shared/home/mauro.diaz/work/FOGAS/data/datasets_clean/generalization/5grid_stochastic.csv,100,20,42,cpu,ok,,1894.984253434988,0.66,-0.6002673685907731,0.5259456173766928,1.9510509482514409,0.94,-0.2102740006619639,2.967923004896019,0.0,-1.343468326937746,-119.3130077706696,24.39793788179144,-1.255931657824209,1250.1424990639782,0.7853803687165988,3.7474577507185214,0.0173480569240833,4
0.001,3e-05,2.0,1500,0.03,20,1e-07,reg_fixed,adam,warm,False,fogas_full,adam,exact,4,0.001,50,1e-10,normal,/shared/home/mauro.diaz/work/FOGAS/data/datasets_clean/generalization/5grid_stochastic.csv,100,20,42,cpu,ok,,3186.042078407016,0.65,-0.5811593718574405,0.5373338583973055,1.9742014594918096,0.94,-0.2102740006619639,2.967923004896019,0.0,9.008682980441002,-353.08061595633706,60.88893912745702,9.5048098280108,3116.174580499865,2.388579386893507,7.681524046548397,0.0380418747435593,87
0.001,1e-05,1.0,1500,0.03,20,1e-07,reg_fixed,adam,warm,False,fogas_full,adam,exact,4,0.001,50,1e-10,normal,/shared/home/mauro.diaz/work/FOGAS/data/datasets_clean/generalization/5grid_stochastic.csv,100,20,42,cpu,ok,,3277.512405839981,0.65,-0.5848495746416154,0.5289468782978635,1.8441480674094384,0.94,-0.2102740006619639,2.967923004896019,0.0,-44.86660583412389,-215.06321485222455,45.13332746521,-44.19721704998886,3644.218431710368,0.7008540906309022,11.958086297601554,0.0208104843634282,99
0.001,1e-05,0.2,1500,0.03,20,1e-07,reg_fixed,adam,warm,False,fogas_full,adam,exact,4,0.001,50,1e-10,normal,/shared/home/mauro.diaz/work/FOGAS/data/datasets_clean/generalization/5grid_stochastic.csv,100,20,42,cpu,ok,,57.833414914959576,0.65,-0.5783761351490986,0.6594444056469223,1.700135262945721,0.94,-0.21027400066196392,2.95101197789587,0.01368750787666214,-44.334530295028046,-214.76377845820465,45.665403949968805,-43.66959668279631,3626.481702288543,1.003863899194038,13.345360204701846,0.020732292587278236,129
0.001,0.0001,1.0,1000,0.03,10,1e-07,reg_fixed,adam,warm,False,fogas_full,adam,exact,4,0.001,50,1e-10,normal,/shared/home/mauro.diaz/work/FOGAS/data/datasets_clean/generalization/5grid_stochastic.csv,100,20,42,cpu,ok,,1919.6570630130009,0.64,-0.5878512448373996,0.4884458684698457,1.9942849331347527,0.94,-0.2102740006619639,2.967923004896019,0.0,-1.1696923830083108,-122.92455854986116,24.767443248380808,-1.0813254247436643,1283.8074206627768,0.9009444703989684,3.787541624858859,0.0178894409926125,7
0.001,3e-05,1.5,1000,0.03,20,1e-07,reg_fixed,adam,warm,False,fogas_full,adam,exact,4,0.001,50,1e-10,normal,/shared/home/mauro.diaz/work/FOGAS/data/datasets_clean/generalization/5grid_stochastic.csv,100,20,42,cpu,ok,,2452.799613220035,0.64,-0.5952646203332237,0.4512031151703359,1.951524337067908,0.94,-0.2102740006619639,2.967923004896019,0.0,-22.593594072801928,-177.59084772302572,37.40635718609144,-22.263537258685837,2541.280883901117,0.9419863631518334,8.065491559330999,0.0149684242520356,56
0.001,1e-05,0.5,1500,0.03,10,1e-07,reg_fixed,adam,warm,False,fogas_full,adam,exact,4,0.001,50,1e-10,normal,/shared/home/mauro.diaz/work/FOGAS/data/datasets_clean/generalization/5grid_stochastic.csv,100,20,42,cpu,ok,,3075.199539884983,0.64,-0.5957735981763475,0.5587213436943368,1.6916881260335377,0.94,-0.2102740006619639,2.967923004896019,0.0,-33.710255868681486,-76.0621712691318,11.289721962757486,-33.541898793314004,1822.288319406941,0.2999292130278365,6.167629862492164,0.0344449035629861,85
0.001,0.0001,2.0,1000,0.03,20,1e-07,reg_fixed,adam,warm,False,fogas_full,adam,exact,4,0.001,50,1e-10,normal,/shared/home/mauro.diaz/work/FOGAS/data/datasets_clean/generalization/5grid_stochastic.csv,100,20,42,cpu,ok,,2246.908496866992,0.64,-0.5983307028098483,0.5473918355535438,1.9357066131792235,0.94,-0.2102740006619639,2.967923004896019,0.0,10.027548905646636,-282.76964822897446,32.66817223570122,10.24737870281783,2051.5042351938864,2.5196215008720637,5.418982508549226,0.0330321755175878,33
0.001,1e-05,2.0,1500,0.03,20,1e-07,reg_fixed,adam,warm,False,fogas_full,adam,exact,4,0.001,50,1e-10,normal,/shared/home/mauro.diaz/work/FOGAS/data/datasets_clean/generalization/5grid_stochastic.csv,100,20,42,cpu,ok,,3223.327862963022,0.63,-0.5757104710381813,0.6496045970979022,1.666623602989717,0.94,-0.2102740006619639,2.967923004896019,0.0,-44.90509163207611,-215.8679031354476,45.0948415009516,-44.23283390677861,3649.899428061856,0.9520635320051436,12.6151419907707,0.0205778058291223,93
0.001,1e-05,1.0,1500,0.03,10,1e-07,reg_fixed,adam,warm,False,fogas_full,adam,exact,4,0.001,50,1e-10,normal,/shared/home/mauro.diaz/work/FOGAS/data/datasets_clean/generalization/5grid_stochastic.csv,100,20,42,cpu,ok,,2892.276417160989,0.63,-0.5786146410431889,0.6586751730927928,1.56920995107475,0.94,-0.2102740006619639,2.95101197789587,0.0136875078766621,-33.68750622831452,-76.41646735649618,11.31247159794038,-33.52273668508416,1800.0822131886969,0.1786645789876918,6.360625684691449,0.0345041083423785,80
0.001,0.0001,2.0,1000,0.03,10,1e-07,reg_fixed,adam,warm,False,fogas_full,adam,exact,4,0.001,50,1e-10,normal,/shared/home/mauro.diaz/work/FOGAS/data/datasets_clean/generalization/5grid_stochastic.csv,100,20,42,cpu,ok,,2130.185118380992,0.63,-0.6045564026536239,0.567429853296163,1.9225591132094757,0.94,-0.2102740006619639,2.967923004896019,0.0,-1.7547138996749254,-117.42056330345324,24.068856138909133,-1.6698511735131258,1242.0950422919898,0.7198681264304997,3.8046348200700666,0.0159534862717798,27
0.001,0.0001,3.0,1000,0.03,20,1e-07,reg_fixed,adam,warm,False,fogas_full,adam,exact,4,0.001,50,1e-10,normal,/shared/home/mauro.diaz/work/FOGAS/data/datasets_clean/generalization/5grid_stochastic.csv,100,20,42,cpu,ok,,2270.541357201,0.63,-0.619473905832835,0.447765085112158,2.030848966008852,0.94,-0.2102740006619639,2.967923004896019,0.0,8.737435595731732,-276.5786638127299,33.46295993128889,8.951066743946056,2046.8438543738096,2.2794219022282607,4.225550558138643,0.0318228820376459,38
0.001,3e-05,2.0,1000,0.03,10,1e-07,reg_fixed,adam,warm,False,fogas_full,adam,exact,4,0.001,50,1e-10,normal,/shared/home/mauro.diaz/work/FOGAS/data/datasets_clean/generalization/5grid_stochastic.csv,100,20,42,cpu,ok,,1966.582114770019,0.62,-0.5922369081866875,0.5594080775714207,1.737900269683829,0.94,-0.2102740006619639,2.967923004896019,0.0,-20.710445942313765,-58.85910425221197,9.289538919379634,-20.626456212521248,1269.1991395636994,0.2060678093073879,4.474397090618056,0.0315807609381761,12
0.001,1e-05,2.0,1500,0.03,10,1e-07,reg_fixed,adam,warm,False,fogas_full,adam,exact,4,0.001,50,1e-10,normal,/shared/home/mauro.diaz/work/FOGAS/data/datasets_clean/generalization/5grid_stochastic.csv,100,20,42,cpu,ok,,2713.922293155046,0.62,-0.6041365731627366,0.5128951345548325,1.789455210464797,0.94,-0.2102740006619639,2.95101197789587,0.0136875078766621,-33.73689023214614,-76.21278504651514,11.263087609607627,-33.5711516242028,1809.1439626708648,0.2451251317112142,6.254421807288303,0.034468891917931,59
0.001,1e-05,3.0,1500,0.03,10,1e-07,reg_fixed,adam,warm,False,fogas_full,adam,exact,4,0.001,50,1e-10,normal,/shared/home/mauro.diaz/work/FOGAS/data/datasets_clean/generalization/5grid_stochastic.csv,100,20,42,cpu,ok,,2865.1222093289834,0.62,-0.6057064736860642,0.5053470492200182,1.7817555611081204,0.94,-0.2102740006619639,2.967923004896019,0.0,-33.81106898948446,-76.000248049125,11.18890886715421,-33.64416044276261,1815.3030533759072,0.1471184961274694,6.095374860578031,0.034738148241013,78
0.001,0.0001,0.5,1000,0.03,20,1e-07,reg_fixed,adam,warm,False,fogas_full,adam,exact,4,0.001,50,1e-10,normal,/shared/home/mauro.diaz/work/FOGAS/data/datasets_clean/generalization/5grid_stochastic.csv,100,20,42,cpu,ok,,2219.5161429040018,0.62,-0.6159104470607598,0.5132759348381496,1.956106897571736,0.94,-0.2102740006619639,2.967923004896019,0.0,10.096629896035726,-283.8467455797671,31.312356807262724,10.304735518722506,2013.0445039554163,2.877627992761401,5.258603943455896,0.0357219710849674,29
0.001,3e-05,1.0,1000,0.03,10,1e-07,reg_fixed,adam,warm,False,fogas_full,adam,exact,4,0.001,50,1e-10,normal,/shared/home/mauro.diaz/work/FOGAS/data/datasets_clean/generalization/5grid_stochastic.csv,100,20,42,cpu,ok,,1895.536593038007,0.61,-0.5902234343536208,0.5528412759752271,1.759096097573852,0.94,-0.2102740006619639,2.967923004896019,0.0,-20.694665328372366,-59.19308116656522,9.305319542417918,-20.60940378557016,1276.9357664102884,0.2302990238603028,4.195809534487732,0.0314910822367627,3
0.001,3e-05,1.0,1000,0.03,20,1e-07,reg_fixed,adam,warm,False,fogas_full,adam,exact,4,0.001,50,1e-10,normal,/shared/home/mauro.diaz/work/FOGAS/data/datasets_clean/generalization/5grid_stochastic.csv,100,20,42,cpu,ok,,2310.52456641302,0.61,-0.6016243657257684,0.5671551174742978,1.8235712089994447,0.94,-0.2102740006619639,2.967923004896019,0.0,-22.276746660444974,-177.395437760809,37.72320436072667,-21.948307612040885,2525.407154277108,0.7228378993572435,8.199579263887031,0.0152804804171721,43
0.001,3e-05,3.0,1500,0.03,20,1e-07,reg_fixed,adam,warm,False,fogas_full,adam,exact,4,0.001,50,1e-10,normal,/shared/home/mauro.diaz/work/FOGAS/data/datasets_clean/generalization/5grid_stochastic.csv,100,20,42,cpu,ok,,3348.785270743014,0.61,-0.605621042172765,0.453005849271504,1.91169562519674,0.94,-0.2102740006619639,2.95101197789587,0.0136875078766621,9.125665500550106,-345.1616445227425,61.31215210846064,9.620965859072568,3104.9325250808765,2.980792848577112,8.710253381538665,0.0403843180091566,109
0.001,0.0001,3.0,1000,0.03,10,1e-07,reg_fixed,adam,warm,False,fogas_full,adam,exact,4,0.001,50,1e-10,normal,/shared/home/mauro.diaz/work/FOGAS/data/datasets_clean/generalization/5grid_stochastic.csv,100,20,42,cpu,ok,,2009.4597906119889,0.61,-0.6158087518720141,0.5901453880137881,1.873322511100376,0.94,-0.2102740006619639,2.967923004896019,0.0,-2.309994839494234,-116.23541209121196,24.476678796725523,-2.2238833353572938,1267.7360739308524,0.7774118912643608,3.5654860920757376,0.0164024149161831,22
0.001,3e-05,0.5,1000,0.03,10,1e-07,reg_fixed,adam,warm,False,fogas_full,adam,exact,4,0.001,50,1e-10,normal,/shared/home/mauro.diaz/work/FOGAS/data/datasets_clean/generalization/5grid_stochastic.csv,100,20,42,cpu,ok,,1943.225665896025,0.6,-0.5956801145932535,0.5294840857655136,1.7727540783055489,0.94,-0.2102740006619639,2.967923004896019,0.0,-20.583739472276413,-59.54993695256971,9.416245352026856,-20.49962951879005,1279.014022764778,0.2317473678726201,4.348196317752229,0.0313187134906294,10
0.001,3e-05,0.75,1000,0.03,20,1e-07,reg_fixed,adam,warm,False,fogas_full,adam,exact,4,0.001,50,1e-10,normal,/shared/home/mauro.diaz/work/FOGAS/data/datasets_clean/generalization/5grid_stochastic.csv,100,20,42,cpu,ok,,2246.913757811999,0.6,-0.6018174047547091,0.4299606432461713,2.0122853838452865,0.94,-0.2102740006619639,2.967923004896019,0.0,-22.45519979511089,-178.46586344367256,37.54475097101509,-22.12022032785587,2566.2519429278022,1.1064575044688296,8.015267641229917,0.0154278687319449,32
0.001,0.0001,1.5,1000,0.03,20,1e-07,reg_fixed,adam,warm,False,fogas_full,adam,exact,4,0.001,50,1e-10,normal,/shared/home/mauro.diaz/work/FOGAS/data/datasets_clean/generalization/5grid_stochastic.csv,100,20,42,cpu,ok,,2326.115323533013,0.6,-0.629717165737691,0.3483080382523749,2.137373446281206,0.94,-0.2102740006619639,2.967923004896019,0.0,10.317285799837794,-288.35360226985506,34.5521298568386,10.533135581604611,2047.73716302917,2.5500895114094444,4.67009754480172,0.0332063689584425,46
0.001,0.0001,1.5,1500,0.03,20,1e-07,reg_fixed,adam,warm,False,fogas_full,adam,exact,4,0.001,50,1e-10,normal,/shared/home/mauro.diaz/work/FOGAS/data/datasets_clean/generalization/5grid_stochastic.csv,100,20,42,cpu,ok,,3339.4185397129622,0.6,-0.6369824699235221,0.4307488573560373,1.9636985081236653,0.94,-0.2102740006619639,2.967923004896019,0.0,10.269160867546155,-314.3571411201685,15.860239968640569,10.363444137732982,1878.336268820861,4.817803725555114,6.508380329071282,0.0504701607979422,106
0.001,3e-05,5.0,1000,0.03,20,1e-07,reg_fixed,adam,warm,False,fogas_full,adam,exact,4,0.001,50,1e-10,normal,/shared/home/mauro.diaz/work/FOGAS/data/datasets_clean/generalization/5grid_stochastic.csv,100,20,42,cpu,ok,,55.84156177501427,0.6,-0.6053651370495325,0.4455779239787894,1.9474484044995903,0.94,-0.21027400066196392,2.967923004896019,0.0,-24.126911769539312,-174.58210494831968,35.8730408192493,-23.79114428615783,2565.8507886751327,0.9949187294053043,9.020805678280954,0.016069682702473897,128
0.001,3e-05,0.3,1000,0.03,10,1e-07,reg_fixed,adam,warm,False,fogas_full,adam,exact,4,0.001,50,1e-10,normal,/shared/home/mauro.diaz/work/FOGAS/data/datasets_clean/generalization/5grid_stochastic.csv,100,20,42,cpu,ok,,37.33869008597685,0.6,-0.6182384782464365,0.4884626947337254,1.8365224794349952,0.94,-0.21027400066196392,2.967923004896019,0.0,-20.615035732081527,-59.62095881021946,9.384949090847698,-20.530431059077753,1280.7617629903748,0.20643154189694393,4.15868365443487,0.03140671054146407,117
0.001,3e-05,0.75,1000,0.03,10,1e-07,reg_fixed,adam,warm,False,fogas_full,adam,exact,4,0.001,50,1e-10,normal,/shared/home/mauro.diaz/work/FOGAS/data/datasets_clean/generalization/5grid_stochastic.csv,100,20,42,cpu,ok,,2008.7046096429692,0.59,-0.6223300723246896,0.3924411860812666,1.8794456728309368,0.94,-0.2102740006619639,2.967923004896019,0.0,-20.616367110898658,-59.965937336490185,9.38361773510808,-20.533150052912603,1274.2585665330384,0.1898392274810187,4.366506176214769,0.0314173643977616,21
0.001,0.0003,1.0,1000,0.03,10,1e-07,reg_fixed,adam,warm,False,fogas_full,adam,exact,4,0.001,50,1e-10,normal,/shared/home/mauro.diaz/work/FOGAS/data/datasets_clean/generalization/5grid_stochastic.csv,100,20,42,cpu,ok,,2000.1730235209689,0.59,-0.6332834190269883,0.4800800487076073,1.9358289242818236,0.94,-0.2102740006619639,2.967923004896019,0.0,5.449135610663936,-136.38219091484928,11.499848886474044,5.464507275414653,879.8144238564048,1.9875358805855463,2.662526732125614,0.0302787212960901,19
0.001,3e-05,0.5,1000,0.03,20,1e-07,reg_fixed,adam,warm,False,fogas_full,adam,exact,4,0.001,50,1e-10,normal,/shared/home/mauro.diaz/work/FOGAS/data/datasets_clean/generalization/5grid_stochastic.csv,100,20,42,cpu,ok,,2347.8123586230213,0.59,-0.6371490944726592,0.3707826959700482,2.048308232366785,0.94,-0.2102740006619639,2.967923004896019,0.0,-22.421861372122716,-178.622127841814,37.5780891353293,-22.090600270532125,2549.368756711176,0.9263888930765756,8.531670969271671,0.0149201561875239,50
0.001,0.0001,0.2,1000,0.03,10,1e-07,reg_fixed,adam,warm,False,fogas_full,adam,exact,4,0.001,50,1e-10,normal,/shared/home/mauro.diaz/work/FOGAS/data/datasets_clean/generalization/5grid_stochastic.csv,100,20,42,cpu,ok,,62.54940117499791,0.59,-0.6154919221103218,0.48424822855940564,1.9981430623658052,0.94,-0.21027400066196392,2.967923004896019,0.0,-0.540008856334449,-124.92656034650085,24.92178296171648,-0.4545773652930429,1248.843392856735,0.7065327229843387,3.887064648614604,0.02004018610279562,131
0.001,0.001,5.0,1500,0.03,20,1e-07,reg_fixed,adam,warm,False,fogas_full,adam,exact,4,0.001,50,1e-10,normal,/shared/home/mauro.diaz/work/FOGAS/data/datasets_clean/generalization/5grid_stochastic.csv,100,20,42,cpu,ok,,33.04408930899808,0.59,-0.6555177952945915,0.38754787688264514,2.0379263100423106,0.94,-0.21027400066196392,2.967923004896019,0.0,0.004159839097063411,-49.21208835855867,7.900147833778839,-0.019203853060706894,435.7570919211491,0.6516150828712401,1.1402536700574417,0.008073001570298406,121
0.001,0.0001,1.0,1000,0.03,20,1e-07,reg_fixed,adam,warm,False,fogas_full,adam,exact,4,0.001,50,1e-10,normal,/shared/home/mauro.diaz/work/FOGAS/data/datasets_clean/generalization/5grid_stochastic.csv,100,20,42,cpu,ok,,2286.84158096998,0.58,-0.643652283979735,0.2911110053080498,2.199174783479642,0.94,-0.2102740006619639,2.967923004896019,0.0,9.693623978354148,-279.42338912180765,31.07412030329331,9.905889503828911,2033.1350356353776,2.068605402601245,4.603441405986273,0.0351838281530159,40
0.001,0.0001,2.0,1500,0.03,20,1e-07,reg_fixed,adam,warm,False,fogas_full,adam,exact,4,0.001,50,1e-10,normal,/shared/home/mauro.diaz/work/FOGAS/data/datasets_clean/generalization/5grid_stochastic.csv,100,20,42,cpu,ok,,3343.8974301540293,0.58,-0.6576183631180124,0.4049143337757503,1.9732851307193915,0.94,-0.2102740006619639,2.967923004896019,0.0,8.36336804274875,-285.4811447811757,12.0636998671169,8.454563534057987,1816.3722991717425,4.420106052437096,6.088960639069004,0.0523800940152771,108
0.001,3e-05,1.5,1000,0.03,10,1e-07,reg_fixed,adam,warm,False,fogas_full,adam,exact,4,0.001,50,1e-10,normal,/shared/home/mauro.diaz/work/FOGAS/data/datasets_clean/generalization/5grid_stochastic.csv,100,20,42,cpu,ok,,2000.9715349309845,0.57,-0.5978147651691583,0.4767524481749844,1.8441238784255969,0.94,-0.2102740006619639,2.967923004896019,0.0,-20.82298143126149,-59.62982205393577,9.177003433758872,-20.737716491511136,1289.1467074743348,0.247330671016326,4.264542511543836,0.0316167179883665,20
0.001,3e-05,3.0,1000,0.03,10,1e-07,reg_fixed,adam,warm,False,fogas_full,adam,exact,4,0.001,50,1e-10,normal,/shared/home/mauro.diaz/work/FOGAS/data/datasets_clean/generalization/5grid_stochastic.csv,100,20,42,cpu,ok,,1916.739344905014,0.57,-0.6221977144328494,0.4315734052571558,1.8933129672167408,0.94,-0.2102740006619639,2.967923004896019,0.0,-20.867014138653253,-58.8536696333405,9.132970753610406,-20.78280386799173,1284.4806272369942,0.2322833325233674,3.8984149550232727,0.0317948081403172,6
0.001,0.0001,0.5,1000,0.03,10,1e-07,reg_fixed,adam,warm,False,fogas_full,adam,exact,4,0.001,50,1e-10,normal,/shared/home/mauro.diaz/work/FOGAS/data/datasets_clean/generalization/5grid_stochastic.csv,100,20,42,cpu,ok,,1946.570679441036,0.57,-0.6438517827889478,0.3609111393918097,2.122032974052376,0.94,-0.2102740006619639,2.967923004896019,0.0,-1.008601575679393,-120.4773417594539,23.8123940849445,-0.9281767326244976,1226.7752904488966,0.7373884469039692,3.750359966759616,0.0215641316247923,11
0.001,0.0001,0.3,1000,0.03,20,1e-07,reg_fixed,adam,warm,False,fogas_full,adam,exact,4,0.001,50,1e-10,normal,/shared/home/mauro.diaz/work/FOGAS/data/datasets_clean/generalization/5grid_stochastic.csv,100,20,42,cpu,ok,,41.14014540001517,0.57,-0.6436848682472742,0.3831921552138998,2.0868746412433796,0.94,-0.21027400066196392,2.967923004896019,0.0,10.71149390884569,-294.5990674756881,33.886024484581995,10.92920457305874,2050.3959708447173,2.3264858242234197,4.697345171135843,0.03924309398095476,119
0.001,0.0003,5.0,1000,0.03,10,1e-07,reg_fixed,adam,warm,False,fogas_full,adam,exact,4,0.001,50,1e-10,normal,/shared/home/mauro.diaz/work/FOGAS/data/datasets_clean/generalization/5grid_stochastic.csv,100,20,42,cpu,ok,,55.127456611953676,0.57,-0.6505428232631886,0.3816206114401418,2.0758849620464614,0.94,-0.21027400066196392,2.967923004896019,0.0,3.1883383815627173,-125.0595854448239,13.236913671309932,3.212490430644354,1010.4603336923412,1.0014475828545322,1.8707268042856549,0.02521325508828974,126
0.001,0.0001,0.5,1500,0.03,20,1e-07,reg_fixed,adam,warm,False,fogas_full,adam,exact,4,0.001,50,1e-10,normal,/shared/home/mauro.diaz/work/FOGAS/data/datasets_clean/generalization/5grid_stochastic.csv,100,20,42,cpu,ok,,3474.602308605972,0.56,-0.6457727370426702,0.3820194104293596,2.007893258179468,0.94,-0.2102740006619639,2.967923004896019,0.0,10.284279283159456,-302.49592409366323,16.820551143178943,10.377853790928388,1867.6142683582357,5.745421171379527,5.491182730741817,0.0491853181586585,114
0.001,0.0001,0.75,1000,0.03,20,1e-07,reg_fixed,adam,warm,False,fogas_full,adam,exact,4,0.001,50,1e-10,normal,/shared/home/mauro.diaz/work/FOGAS/data/datasets_clean/generalization/5grid_stochastic.csv,100,20,42,cpu,ok,,2355.894390326983,0.56,-0.6527557238654016,0.3512894449320108,2.108344991582278,0.94,-0.2102740006619639,2.967923004896019,0.0,9.191751151459844,-280.8857937575124,31.69077577522512,9.405402315672394,2032.41999337038,2.733949438195242,4.16752101363112,0.0331223336843295,51
0.001,0.0003,0.5,1000,0.03,10,1e-07,reg_fixed,adam,warm,False,fogas_full,adam,exact,4,0.001,50,1e-10,normal,/shared/home/mauro.diaz/work/FOGAS/data/datasets_clean/generalization/5grid_stochastic.csv,100,20,42,cpu,ok,,1929.676560552034,0.56,-0.667992377535605,0.1869787834312956,2.278220149157693,0.94,-0.2102740006619639,2.967923004896019,0.0,5.30667002571066,-140.67608498303477,11.93962405251131,5.311395911721817,873.6516358340792,1.922273910829502,1.849140451826187,0.0436790519202036,8
0.001,3e-05,3.0,1000,0.03,20,1e-07,reg_fixed,adam,warm,False,fogas_full,adam,exact,4,0.001,50,1e-10,normal,/shared/home/mauro.diaz/work/FOGAS/data/datasets_clean/generalization/5grid_stochastic.csv,100,20,42,cpu,ok,,2447.021717084048,0.55,-0.6175302276842567,0.4186091144525947,1.9856393855289023,0.94,-0.2102740006619639,2.967923004896019,0.0,-23.07636043363587,-173.71672576280724,36.92359135650148,-22.746382812803,2541.099529049386,0.923015170723543,8.028844116642626,0.0155649748334035,55
0.001,0.0003,3.0,1000,0.03,10,1e-07,reg_fixed,adam,warm,False,fogas_full,adam,exact,4,0.001,50,1e-10,normal,/shared/home/mauro.diaz/work/FOGAS/data/datasets_clean/generalization/5grid_stochastic.csv,100,20,42,cpu,ok,,1970.2902872220147,0.55,-0.6385795749117483,0.3698589274800045,2.0872764198020035,0.94,-0.2102740006619639,2.967923004896019,0.0,4.289648435647477,-131.9249572262055,12.876136586558474,4.2997841998869735,936.4861294498191,1.068812907710634,2.3793351573572914,0.026799140199437,15
0.001,0.0001,0.75,1000,0.03,10,1e-07,reg_fixed,adam,warm,False,fogas_full,adam,exact,4,0.001,50,1e-10,normal,/shared/home/mauro.diaz/work/FOGAS/data/datasets_clean/generalization/5grid_stochastic.csv,100,20,42,cpu,ok,,2015.1141978580272,0.55,-0.6462854468657548,0.3544039256054693,2.114910213220708,0.94,-0.2102740006619639,2.967923004896019,0.0,-1.14085907907846,-121.8531908926156,23.958582839576497,-1.0546494565525637,1257.5988553641844,0.7937298871492519,3.7756343031764974,0.0171496414167102,23
0.001,0.0001,0.75,1500,0.03,20,1e-07,reg_fixed,adam,warm,False,fogas_full,adam,exact,4,0.001,50,1e-10,normal,/shared/home/mauro.diaz/work/FOGAS/data/datasets_clean/generalization/5grid_stochastic.csv,100,20,42,cpu,ok,,3211.407438174996,0.54,-0.6548452570603555,0.4199376475554969,1.9491465222638644,0.94,-0.2102740006619639,2.967923004896019,0.0,10.080066768959789,-304.41116382574427,15.253220750956412,10.161028257739767,1828.109086826254,4.527581399485229,4.525132963419691,0.054614415263694,90
0.001,0.0003,1.5,1000,0.03,10,1e-07,reg_fixed,adam,warm,False,fogas_full,adam,exact,4,0.001,50,1e-10,normal,/shared/home/mauro.diaz/work/FOGAS/data/datasets_clean/generalization/5grid_stochastic.csv,100,20,42,cpu,ok,,2052.3740168060176,0.54,-0.659165246661685,0.3640002716074472,2.093891628708919,0.94,-0.2102740006619639,2.967923004896019,0.0,4.377614041917465,-135.8146128302406,11.498810196299708,4.406169879395368,901.0519928193024,1.4366180542531146,2.2717498269514387,0.0334478381083033,25
0.001,0.0001,3.0,1500,0.03,20,1e-07,reg_fixed,adam,warm,False,fogas_full,adam,exact,4,0.001,50,1e-10,normal,/shared/home/mauro.diaz/work/FOGAS/data/datasets_clean/generalization/5grid_stochastic.csv,100,20,42,cpu,ok,,3292.855533371039,0.54,-0.668711753956746,0.3337329408641024,2.0939706024179348,0.94,-0.2102740006619639,2.967923004896019,0.0,10.133713520569854,-294.8069987286808,18.121199296007152,10.237720544402638,1847.333916405568,6.835527740828588,6.329960124048114,0.0422311696276182,101
0.001,0.0003,0.75,1000,0.03,10,1e-07,reg_fixed,adam,warm,False,fogas_full,adam,exact,4,0.001,50,1e-10,normal,/shared/home/mauro.diaz/work/FOGAS/data/datasets_clean/generalization/5grid_stochastic.csv,100,20,42,cpu,ok,,1905.9897867420225,0.53,-0.6642590901952411,0.4003403213426714,2.008150628874009,0.94,-0.2102740006619639,2.967923004896019,0.0,5.131258284129319,-138.825701073698,10.978636068189957,5.151923846718607,870.6820542254693,1.4715150917287805,2.318710985123047,0.04059224743407,5
0.001,0.0003,2.0,1000,0.03,10,1e-07,reg_fixed,adam,warm,False,fogas_full,adam,exact,4,0.001,50,1e-10,normal,/shared/home/mauro.diaz/work/FOGAS/data/datasets_clean/generalization/5grid_stochastic.csv,100,20,42,cpu,ok,,1940.0422828560115,0.53,-0.6647177694722736,0.1920827581004915,2.271838803709325,0.94,-0.2102740006619639,2.967923004896019,0.0,4.672184135450983,-133.75483431604198,11.76075828894291,4.6868062343086585,928.3820885271168,1.5484958594606006,1.8858601806052824,0.0327022118307453,9
0.001,0.0001,1.0,1500,0.03,20,1e-07,reg_fixed,adam,warm,False,fogas_full,adam,exact,4,0.001,50,1e-10,normal,/shared/home/mauro.diaz/work/FOGAS/data/datasets_clean/generalization/5grid_stochastic.csv,100,20,42,cpu,ok,,3369.9298688279814,0.53,-0.6812367348837711,0.2458863994668275,2.1581605295494235,0.94,-0.2102740006619639,2.967923004896019,0.0,9.117019713293748,-303.384892096755,12.308442645141014,9.20604517091533,1843.381304479504,5.699872531532415,5.034712030631559,0.0513880068468111,111
0.001,0.0003,0.2,1000,0.03,10,1e-07,reg_fixed,adam,warm,False,fogas_full,adam,exact,4,0.001,50,1e-10,normal,/shared/home/mauro.diaz/work/FOGAS/data/datasets_clean/generalization/5grid_stochastic.csv,100,20,42,cpu,ok,,38.68639784801053,0.51,-0.672880450485168,0.2782694510691083,2.1528110888510774,0.94,-0.21027400066196392,2.967923004896019,0.0,5.60375615858703,-145.4356214277603,11.274871025111862,5.622275849957997,888.9096117553629,2.115166702329315,1.7256986015219364,0.04000637961268649,118
0.001,0.0003,3.0,1000,0.03,20,1e-07,reg_fixed,adam,warm,False,fogas_full,adam,exact,4,0.001,50,1e-10,normal,/shared/home/mauro.diaz/work/FOGAS/data/datasets_clean/generalization/5grid_stochastic.csv,100,20,42,cpu,ok,,2258.3077304869657,0.49,-0.7018663509800922,-0.0118005491758145,2.393705942305274,0.94,-0.2102740006619639,2.967923004896019,0.0,8.774291562040183,-191.77695484594307,13.883685277168375,8.735533554864556,1170.4065366166008,4.069361807489451,3.5120640315762044,0.0342861299228853,35
0.001,1e-05,0.5,1000,0.03,20,1e-07,reg_fixed,adam,warm,False,fogas_full,adam,exact,4,0.001,50,1e-10,normal,/shared/home/mauro.diaz/work/FOGAS/data/datasets_clean/generalization/5grid_stochastic.csv,100,20,42,cpu,ok,,2233.4122883540117,0.48,-0.6845845523903829,-0.0381150883997431,2.0777679781222065,0.94,-0.2102740006619639,2.95101197789587,0.0136875078766621,-47.39279503209714,-99.32574492425522,12.60716936330991,-47.05137095868943,2601.102683389382,0.3105054654815065,8.351756666942718,0.0371294403474538,30
0.001,0.0003,3.0,1500,0.03,10,1e-07,reg_fixed,adam,warm,False,fogas_full,adam,exact,4,0.001,50,1e-10,normal,/shared/home/mauro.diaz/work/FOGAS/data/datasets_clean/generalization/5grid_stochastic.csv,100,20,42,cpu,ok,,2800.4465557719814,0.48,-0.707019018071874,0.1149346780568742,2.291314493038746,0.94,-0.2102740006619639,2.967923004896019,0.0,3.8064048791141936,-111.43108467170086,9.637389699827796,3.683404217981287,722.794740434153,1.899214093469639,2.2562562744200494,0.0436015425411292,69
0.001,1e-05,0.2,1000,0.03,10,1e-07,reg_fixed,adam,warm,False,fogas_full,adam,exact,4,0.001,50,1e-10,normal,/shared/home/mauro.diaz/work/FOGAS/data/datasets_clean/generalization/5grid_stochastic.csv,100,20,42,cpu,ok,,19.40024645696394,0.48,-0.6853842008210852,-0.1315232229747864,2.0909058331400385,0.94,-0.21027400066196392,2.95101197789587,0.01368750787666214,-26.877919211583023,-39.89263033133431,3.1220670621789446,-26.790020001779258,1317.216697040414,0.05564911915505101,3.9869346412753757,0.043576431295241476,115
0.001,1e-05,5.0,1000,0.03,20,1e-07,reg_fixed,adam,warm,False,fogas_full,adam,exact,4,0.001,50,1e-10,normal,/shared/home/mauro.diaz/work/FOGAS/data/datasets_clean/generalization/5grid_stochastic.csv,100,20,42,cpu,ok,,50.96182746900013,0.48,-0.7004239919588149,-0.0031185631295748695,2.0666574102753765,0.94,-0.21027400066196392,2.95101197789587,0.01368750787666214,-47.65843041385877,-98.12998512272497,12.341534002062748,-47.32008287656365,2589.7906545336905,0.3157558336347829,7.992841290708624,0.03736610003962907,120
0.001,0.0003,5.0,1000,0.03,20,1e-07,reg_fixed,adam,warm,False,fogas_full,adam,exact,4,0.001,50,1e-10,normal,/shared/home/mauro.diaz/work/FOGAS/data/datasets_clean/generalization/5grid_stochastic.csv,100,20,42,cpu,ok,,59.15077249397291,0.48,-0.7092967570411036,-0.033496017855461205,2.444612895525083,0.94,-0.21027400066196392,2.967923004896019,0.0,6.767554189797817,-191.08132332357505,16.113823696240708,6.760682440696555,1206.560561547655,3.36688774978143,4.061996584359586,0.03143055503260095,130
0.001,1e-05,0.75,1000,0.03,10,1e-07,reg_fixed,adam,warm,False,fogas_full,adam,exact,4,0.001,50,1e-10,normal,/shared/home/mauro.diaz/work/FOGAS/data/datasets_clean/generalization/5grid_stochastic.csv,100,20,42,cpu,ok,,1999.699112405011,0.47,-0.6978699712057528,-0.1379054629935577,2.060587474090403,0.94,-0.2102740006619639,2.95101197789587,0.0136875078766621,-26.906227178770635,-39.89947753348186,3.093759102071874,-26.819450730291106,1310.167511962243,0.0882228502195573,4.077104106692418,0.0435931459271516,18
0.001,0.0003,2.0,1500,0.03,10,1e-07,reg_fixed,adam,warm,False,fogas_full,adam,exact,4,0.001,50,1e-10,normal,/shared/home/mauro.diaz/work/FOGAS/data/datasets_clean/generalization/5grid_stochastic.csv,100,20,42,cpu,ok,,2730.210957158997,0.47,-0.72065783263349,0.033225815904259,2.3720355050776503,0.94,-0.2102740006619639,2.967923004896019,0.0,4.519892958175385,-120.3457318789212,8.053786171687538,4.39142391593937,718.8760055682691,2.636789207157004,2.773936340774421,0.0425891638549686,62
0.001,1e-05,0.3,1000,0.03,20,1e-07,reg_fixed,adam,warm,False,fogas_full,adam,exact,4,0.001,50,1e-10,normal,/shared/home/mauro.diaz/work/FOGAS/data/datasets_clean/generalization/5grid_stochastic.csv,100,20,42,cpu,ok,,54.58610284200404,0.47,-0.6869783570382653,-0.12418570059001471,2.1666315789662045,0.94,-0.21027400066196392,2.967923004896019,0.0,-47.55940414841264,-100.24353546112619,12.440560280581083,-47.212410500281905,2625.1384821568768,0.2619503622457357,8.265243348153994,0.03735245500143139,125
0.001,1e-05,1.5,1000,0.03,20,1e-07,reg_fixed,adam,warm,False,fogas_full,adam,exact,4,0.001,50,1e-10,normal,/shared/home/mauro.diaz/work/FOGAS/data/datasets_clean/generalization/5grid_stochastic.csv,100,20,42,cpu,ok,,2326.9488824990112,0.46,-0.6805909337247106,-0.0094537552648094,2.039599493375347,0.94,-0.2102740006619639,2.95101197789587,0.0136875078766621,-47.51197988093541,-99.37153643094624,12.487984536959653,-47.17387273325957,2587.7232822605083,0.3013972794322684,8.745409007936505,0.0372637839751914,47
0.001,1e-05,0.75,1000,0.03,20,1e-07,reg_fixed,adam,warm,False,fogas_full,adam,exact,4,0.001,50,1e-10,normal,/shared/home/mauro.diaz/work/FOGAS/data/datasets_clean/generalization/5grid_stochastic.csv,100,20,42,cpu,ok,,2269.713490432012,0.46,-0.6822958002592734,-0.0155670889672479,2.0613563413619054,0.94,-0.2102740006619639,2.95101197789587,0.0136875078766621,-47.605489325349,-99.88479545974592,12.394475083185482,-47.261860388324656,2611.790137797993,0.2675407703592058,8.297411703052424,0.0372614799536597,37
0.001,1e-05,2.0,1000,0.03,10,1e-07,reg_fixed,adam,warm,False,fogas_full,adam,exact,4,0.001,50,1e-10,normal,/shared/home/mauro.diaz/work/FOGAS/data/datasets_clean/generalization/5grid_stochastic.csv,100,20,42,cpu,ok,,1881.903542187007,0.46,-0.7144647858439714,-0.2222755517770978,2.2192801330699043,0.94,-0.2102740006619639,2.95101197789587,0.0136875078766621,-26.895024620155127,-39.711239428664136,3.104961656679743,-26.809333783507974,1302.3045795157084,0.0659077584988321,3.966956306541036,0.0436082185732042,1
0.001,0.0003,1.5,1500,0.03,10,1e-07,reg_fixed,adam,warm,False,fogas_full,adam,exact,4,0.001,50,1e-10,normal,/shared/home/mauro.diaz/work/FOGAS/data/datasets_clean/generalization/5grid_stochastic.csv,100,20,42,cpu,ok,,2779.9062111609965,0.46,-0.7158127160032833,-0.1059364816051032,2.502007935852838,0.94,-0.2102740006619639,2.967923004896019,0.0,5.709260374537571,-123.51148717768608,9.002832505880187,5.571401957209171,697.9591280314897,3.847785681692668,3.423167885597246,0.0501464007691286,66
0.001,0.0003,1.0,1500,0.03,10,1e-07,reg_fixed,adam,warm,False,fogas_full,adam,exact,4,0.001,50,1e-10,normal,/shared/home/mauro.diaz/work/FOGAS/data/datasets_clean/generalization/5grid_stochastic.csv,100,20,42,cpu,ok,,2853.6978185679764,0.46,-0.7207948239995389,-0.023309289964688,2.407034062999444,0.94,-0.2102740006619639,2.967923004896019,0.0,4.270397559072222,-121.18820663891024,6.929067517448764,4.12594533272012,678.2879544810725,3.0309222585422795,3.163136314859853,0.0481263517103173,77
0.001,0.0003,0.5,1000,0.03,20,1e-07,reg_fixed,adam,warm,False,fogas_full,adam,exact,4,0.001,50,1e-10,normal,/shared/home/mauro.diaz/work/FOGAS/data/datasets_clean/generalization/5grid_stochastic.csv,100,20,42,cpu,ok,,2263.380684006028,0.46,-0.726903937794695,-0.1538115758272519,2.558422696602408,0.94,-0.2102740006619639,2.967923004896019,0.0,11.020257061312687,-206.7954113929983,11.54606606415475,10.9786734015359,1094.8606639270806,7.523539880313298,3.098033785774677,0.0459465222019031,36
0.001,0.0003,2.0,1000,0.03,20,1e-07,reg_fixed,adam,warm,False,fogas_full,adam,exact,4,0.001,50,1e-10,normal,/shared/home/mauro.diaz/work/FOGAS/data/datasets_clean/generalization/5grid_stochastic.csv,100,20,42,cpu,ok,,2299.4594537310186,0.46,-0.7285180851828653,0.0465968388046691,2.3007494005106333,0.94,-0.2102740006619639,2.967923004896019,0.0,9.100254824050577,-200.6455359709554,13.075638070143228,9.061000766028547,1119.3361976531746,3.18110979479118,2.9713467703681617,0.0490432633426177,41
0.001,1e-05,0.2,1000,0.03,20,1e-07,reg_fixed,adam,warm,False,fogas_full,adam,exact,4,0.001,50,1e-10,normal,/shared/home/mauro.diaz/work/FOGAS/data/datasets_clean/generalization/5grid_stochastic.csv,100,20,42,cpu,ok,,55.29716378898593,0.46,-0.6904305166432013,-0.14978578803377718,2.2626868116926206,0.94,-0.21027400066196392,2.95101197789587,0.01368750787666214,-47.42944940752048,-99.54964496139308,12.570514956089806,-47.08827297046169,2601.2294080521597,0.2537735417847001,7.981873191445464,0.03714245913882717,127
0.001,1e-05,0.5,1000,0.03,10,1e-07,reg_fixed,adam,warm,False,fogas_full,adam,exact,4,0.001,50,1e-10,normal,/shared/home/mauro.diaz/work/FOGAS/data/datasets_clean/generalization/5grid_stochastic.csv,100,20,42,cpu,ok,,2138.608427496976,0.45,-0.7077572156937103,-0.0832529876757899,1.9962405846737403,0.94,-0.2102740006619639,2.95101197789587,0.0136875078766621,-26.89465186706082,-39.929627953026895,3.105334404010976,-26.80768417059584,1310.0286743032275,0.0634746541888464,4.091420741623702,0.0435157130403329,28
0.001,1e-05,1.0,1000,0.03,10,1e-07,reg_fixed,adam,warm,False,fogas_full,adam,exact,4,0.001,50,1e-10,normal,/shared/home/mauro.diaz/work/FOGAS/data/datasets_clean/generalization/5grid_stochastic.csv,100,20,42,cpu,ok,,1892.8316772370017,0.44,-0.7062918136197887,-0.1544423049660911,2.093713597643477,0.94,-0.2102740006619639,2.95101197789587,0.0136875078766621,-26.88831226200696,-39.82197113456806,3.111674011652052,-26.802514118013825,1302.7618317224997,0.0772101415606708,4.265107555881042,0.0434887207379933,2
0.001,0.0003,1.5,1000,0.03,20,1e-07,reg_fixed,adam,warm,False,fogas_full,adam,exact,4,0.001,50,1e-10,normal,/shared/home/mauro.diaz/work/FOGAS/data/datasets_clean/generalization/5grid_stochastic.csv,100,20,42,cpu,ok,,2314.5068088970147,0.44,-0.7277587780867043,-0.1439536029051638,2.5468171833564064,0.94,-0.2102740006619639,2.967923004896019,0.0,10.067748908221883,-209.68371471547312,13.431050076149653,10.017064758715708,1112.475408710111,4.969916908756186,2.59468715317072,0.0436814446727894,44
0.001,1e-05,3.0,1000,0.03,10,1e-07,reg_fixed,adam,warm,False,fogas_full,adam,exact,4,0.001,50,1e-10,normal,/shared/home/mauro.diaz/work/FOGAS/data/datasets_clean/generalization/5grid_stochastic.csv,100,20,42,cpu,ok,,52.99806856299983,0.44,-0.7005742116601218,-0.17075989174833628,2.173435936524683,0.94,-0.21027400066196392,2.95101197789587,0.01368750787666214,-26.919657839360884,-39.83872063131846,3.080328435727837,-26.832934487158077,1308.982617947029,0.0707880705140731,4.217574604811338,0.04357464365898983,122
0.001,1e-05,1.0,1000,0.03,20,1e-07,reg_fixed,adam,warm,False,fogas_full,adam,exact,4,0.001,50,1e-10,normal,/shared/home/mauro.diaz/work/FOGAS/data/datasets_clean/generalization/5grid_stochastic.csv,100,20,42,cpu,ok,,2340.6663379379897,0.43,-0.6990931920361425,-0.0337800969189669,2.070706781953844,0.94,-0.2102740006619639,2.95101197789587,0.0136875078766621,-47.53502946732052,-98.959889457768,12.464934930696964,-47.19014208112724,2615.079032641911,0.2998834361802368,7.951661314051931,0.0372417988074815,48
0.001,1e-05,1.5,1000,0.03,10,1e-07,reg_fixed,adam,warm,False,fogas_full,adam,exact,4,0.001,50,1e-10,normal,/shared/home/mauro.diaz/work/FOGAS/data/datasets_clean/generalization/5grid_stochastic.csv,100,20,42,cpu,ok,,2083.5204531000345,0.43,-0.6996560772780823,-0.1086482887377801,2.028081203052784,0.94,-0.2102740006619639,2.95101197789587,0.0136875078766621,-26.897456367541206,-39.83293316972073,3.1025299052466058,-26.81278893828856,1293.0167868261824,0.0621644437582623,4.318164743541063,0.0435365380178891,26
0.001,1e-05,2.0,1000,0.03,20,1e-07,reg_fixed,adam,warm,False,fogas_full,adam,exact,4,0.001,50,1e-10,normal,/shared/home/mauro.diaz/work/FOGAS/data/datasets_clean/generalization/5grid_stochastic.csv,100,20,42,cpu,ok,,2383.2268235640367,0.43,-0.7104679538326911,-0.0717559134351824,2.1552182817065137,0.94,-0.2102740006619639,2.967923004896019,0.0,-47.626948706923685,-98.84786774029378,12.373015685260151,-47.28458651851327,2607.135910597084,0.3592973790670786,8.045390799268235,0.0371765735763774,53
0.001,0.0003,0.5,1500,0.03,10,1e-07,reg_fixed,adam,warm,False,fogas_full,adam,exact,4,0.001,50,1e-10,normal,/shared/home/mauro.diaz/work/FOGAS/data/datasets_clean/generalization/5grid_stochastic.csv,100,20,42,cpu,ok,,2853.271619378007,0.43,-0.7245623825461424,-0.0161387471896273,2.39575334512474,0.94,-0.2102740006619639,2.967923004896019,0.0,5.866241478485328,-126.49523853938832,7.260759405659178,5.709194204936983,650.4931651001839,2.738255400053009,2.0634953997002863,0.0697757764765584,76
0.001,0.0003,1.0,1000,0.03,20,1e-07,reg_fixed,adam,warm,False,fogas_full,adam,exact,4,0.001,50,1e-10,normal,/shared/home/mauro.diaz/work/FOGAS/data/datasets_clean/generalization/5grid_stochastic.csv,100,20,42,cpu,ok,,2406.4698312969995,0.42,-0.7407200472833398,-0.2257795815294147,2.656980828063663,0.94,-0.2102740006619639,2.967923004896019,0.0,11.037287960504155,-216.09426954193128,12.740826812211314,10.998923059212547,1135.3921740730525,7.076855340799063,2.803689030498548,0.0415501007531674,54
0.001,0.0003,0.75,1500,0.03,10,1e-07,reg_fixed,adam,warm,False,fogas_full,adam,exact,4,0.001,50,1e-10,normal,/shared/home/mauro.diaz/work/FOGAS/data/datasets_clean/generalization/5grid_stochastic.csv,100,20,42,cpu,ok,,2745.052700253029,0.42,-0.7449012594991633,-0.1286283140138056,2.512388933585054,0.94,-0.2102740006619639,2.967923004896019,0.0,5.467256230991511,-127.9275609472331,8.14198222611271,5.306145184256067,668.5680832864329,2.85719277532482,2.6176772642544206,0.0679950988944031,63
0.001,0.0003,0.75,1000,0.03,20,1e-07,reg_fixed,adam,warm,False,fogas_full,adam,exact,4,0.001,50,1e-10,normal,/shared/home/mauro.diaz/work/FOGAS/data/datasets_clean/generalization/5grid_stochastic.csv,100,20,42,cpu,ok,,2247.1023148130043,0.4,-0.7571976611643586,-0.1843874657751254,2.6075527676812205,0.94,-0.2102740006619639,2.967923004896019,0.0,11.76598686758386,-233.2885160781477,15.878240849772665,11.72256173441588,1081.597567469448,6.141390663160073,4.094676619130098,0.053926573064902,31
0.001,0.001,1.5,1000,0.03,10,1e-07,reg_fixed,adam,warm,False,fogas_full,adam,exact,4,0.001,50,1e-10,normal,/shared/home/mauro.diaz/work/FOGAS/data/datasets_clean/generalization/5grid_stochastic.csv,100,20,42,cpu,ok,,2019.844346271013,0.39,-0.7575761204085851,-0.205113853736064,2.553091440007815,0.94,-0.2102740006619639,2.967923004896019,0.0,2.824467876463334,-63.20677019058333,5.313584706704911,2.6957444982488785,370.4889339086989,1.922587073393068,1.5627369429036502,0.0387976135890846,24
0.001,0.001,1.0,1000,0.03,10,1e-07,reg_fixed,adam,warm,False,fogas_full,adam,exact,4,0.001,50,1e-10,normal,/shared/home/mauro.diaz/work/FOGAS/data/datasets_clean/generalization/5grid_stochastic.csv,100,20,42,cpu,ok,,1972.2931611139795,0.39,-0.7715705254468594,-0.3166249696277571,2.7287136925250626,0.94,-0.2102740006619639,2.967923004896019,0.0,3.8418025243356015,-67.63757749615966,6.122216347714029,3.699367696394729,345.75276290318953,2.006835340476063,1.6960377333747902,0.0357248295369433,14
0.001,0.001,2.0,1000,0.03,10,1e-07,reg_fixed,adam,warm,False,fogas_full,adam,exact,4,0.001,50,1e-10,normal,/shared/home/mauro.diaz/work/FOGAS/data/datasets_clean/generalization/5grid_stochastic.csv,100,20,42,cpu,ok,,1965.339360867976,0.38,-0.7774568907565458,-0.2465219211832587,2.652382750386229,0.94,-0.2102740006619639,2.967923004896019,0.0,2.7339411843928616,-64.11111028455653,6.592055013741254,2.6071991568067663,399.7848820216055,1.2219865678022697,1.1045296588399467,0.0411066755464133,13
0.001,0.001,0.2,1000,0.03,10,1e-07,reg_fixed,adam,warm,False,fogas_full,adam,exact,4,0.001,50,1e-10,normal,/shared/home/mauro.diaz/work/FOGAS/data/datasets_clean/generalization/5grid_stochastic.csv,100,20,42,cpu,ok,,54.56237670703558,0.36,-0.7790572129711617,-0.17958460099119314,2.4638839162987667,0.94,-0.21027400066196392,2.967923004896019,0.0,3.57354502378618,-68.32851828863966,3.5554874046994867,3.419509622547173,320.8799366001727,4.256728071305927,1.1814930949790334,0.058183485711686904,124
0.001,0.001,0.75,1000,0.03,10,1e-07,reg_fixed,adam,warm,False,fogas_full,adam,exact,4,0.001,50,1e-10,normal,/shared/home/mauro.diaz/work/FOGAS/data/datasets_clean/generalization/5grid_stochastic.csv,100,20,42,cpu,ok,,1986.2966087330133,0.31,-0.7943015569770406,-0.3220760150317959,2.6852314779112816,0.94,-0.2102740006619639,2.967923004896019,0.0,3.3243453134848653,-64.28617662341513,4.290315877147097,3.1888534753260305,327.38572427553254,2.095337458745039,1.0918239180565752,0.0531332255645838,16
0.001,0.001,0.5,1000,0.03,10,1e-07,reg_fixed,adam,warm,False,fogas_full,adam,exact,4,0.001,50,1e-10,normal,/shared/home/mauro.diaz/work/FOGAS/data/datasets_clean/generalization/5grid_stochastic.csv,100,20,42,cpu,ok,,1984.457158028032,0.31,-0.7956426282202449,-0.3927115038022838,2.7316315223760856,0.94,-0.2102740006619639,2.967923004896019,0.0,4.2333907643781385,-69.68933456611519,4.249708745650122,4.117583223282182,346.3842601125339,2.361976872032292,1.6042624900419578,0.0534279401314828,17
0.001,0.001,2.0,1500,0.03,20,1e-07,reg_fixed,adam,warm,False,fogas_full,adam,exact,4,0.001,50,1e-10,normal,/shared/home/mauro.diaz/work/FOGAS/data/datasets_clean/generalization/5grid_stochastic.csv,100,20,42,cpu,ok,,3190.623541645007,0.3,-0.7965060963481908,-0.4051398258612583,2.8777281135176604,0.94,-0.2102740006619639,2.967923004896019,0.0,-0.0144104675908014,-18.70034040776978,4.283270778394149,0.0440523820867378,253.70591468837603,1.304685687902502,1.5988037067990972,0.0259092166895398,88
0.001,0.001,0.5,3000,0.03,10,1e-07,reg_fixed,adam,warm,False,fogas_full,adam,exact,4,0.001,50,1e-10,normal,/shared/home/mauro.diaz/work/FOGAS/data/datasets_clean/generalization/5grid_stochastic.csv,100,20,42,cpu,ok,,63.25379284500377,0.3,-0.7856201662733361,-0.38232525780070215,2.8163984093133783,0.94,-0.21027400066196392,2.967923004896019,0.0,0.8887603287927384,-15.221048886326347,2.62877192145733,1.198247882500598,231.99327900205898,1.483393110642951,1.7788690290638287,0.06068872112219407,132
0.001,0.001,2.0,1500,0.03,10,1e-07,reg_fixed,adam,warm,False,fogas_full,adam,exact,4,0.001,50,1e-10,normal,/shared/home/mauro.diaz/work/FOGAS/data/datasets_clean/generalization/5grid_stochastic.csv,100,20,42,cpu,ok,,2923.6502516079927,0.29,-0.7848890906940872,-0.3790863662973451,2.8740520220604333,0.94,-0.2102740006619639,2.967923004896019,0.0,0.8487690206499776,-25.04865667808073,3.805718116275033,0.7060764159747762,208.26898766182055,0.8454514315533588,1.3617973974930928,0.0349823264796827,83
0.001,0.001,1.5,1500,0.03,10,1e-07,reg_fixed,adam,warm,False,fogas_full,adam,exact,4,0.001,50,1e-10,normal,/shared/home/mauro.diaz/work/FOGAS/data/datasets_clean/generalization/5grid_stochastic.csv,100,20,42,cpu,ok,,2830.6225156489527,0.23,-0.8099268087756871,-0.545348885847916,3.07678975208349,0.29,-0.770329874111539,-0.6841204503678606,3.442854137269144,1.888519820821724,-23.33329274972273,4.33543636700948,1.6634737636394612,178.757040238868,2.2960779002396965,1.2778376301605603,0.0374623015602113,72
0.001,0.0003,3.0,1500,0.03,20,1e-07,reg_fixed,adam,warm,False,fogas_full,adam,exact,4,0.001,50,1e-10,normal,/shared/home/mauro.diaz/work/FOGAS/data/datasets_clean/generalization/5grid_stochastic.csv,100,20,42,cpu,ok,,3214.1325975909717,0.2,-0.8176199210605237,-0.5855403298734211,3.092615605032289,0.29,-0.770329874111539,-0.6841204503678606,3.442854137269144,6.134160234404119,-119.41764316517,10.099526995438351,5.920911388930783,632.9466987287242,4.436702931936323,3.8323505691947712,0.0574902462388496,91
0.001,0.0003,2.0,1500,0.03,20,1e-07,reg_fixed,adam,warm,False,fogas_full,adam,exact,4,0.001,50,1e-10,normal,/shared/home/mauro.diaz/work/FOGAS/data/datasets_clean/generalization/5grid_stochastic.csv,100,20,42,cpu,ok,,3270.0767079040525,0.2,-0.8269218378945642,-0.5638244854503339,3.025680945098111,0.29,-0.770329874111539,-0.6841204503678606,3.442854137269144,9.39512064522954,-111.37138336055574,14.899885800729152,9.126955682032888,588.558883365212,8.484775348221863,3.2574318377345657,0.0612511613897316,97
0.001,0.0003,0.5,1500,0.03,20,1e-07,reg_fixed,adam,warm,False,fogas_full,adam,exact,4,0.001,50,1e-10,normal,/shared/home/mauro.diaz/work/FOGAS/data/datasets_clean/generalization/5grid_stochastic.csv,100,20,42,cpu,ok,,3263.0085599489976,0.13,-0.8535248933554638,-0.7020100393340011,3.2321446319219413,0.29,-0.770329874111539,-0.6841204503678606,3.442854137269144,6.9208233540571,-118.444646198652,7.856570364354547,6.610198435928473,592.5005373600952,6.808072789263434,3.025215183876408,0.1089901381267389,96
0.001,0.0003,1.5,1500,0.03,20,1e-07,reg_fixed,adam,warm,False,fogas_full,adam,exact,4,0.001,50,1e-10,normal,/shared/home/mauro.diaz/work/FOGAS/data/datasets_clean/generalization/5grid_stochastic.csv,100,20,42,cpu,ok,,3241.347404434986,0.18,-0.8416752907719308,-0.6135631600916617,3.0722623739498864,0.28,-0.7877850689901831,-0.8315909911004016,3.4960691180754853,9.183088757404144,-122.53668016640816,9.985414424486198,8.927360982893857,579.3369360825259,5.845412773307366,3.568534345151472,0.0683649966375488,94
0.001,0.0003,1.0,1500,0.03,20,1e-07,reg_fixed,adam,warm,False,fogas_full,adam,exact,4,0.001,50,1e-10,normal,/shared/home/mauro.diaz/work/FOGAS/data/datasets_clean/generalization/5grid_stochastic.csv,100,20,42,cpu,ok,,3433.722585554002,0.16,-0.8404471793388432,-0.6855128756539702,3.165021870784753,0.25,-0.7973730667092273,-0.8935106505047824,3.540205200182965,8.028183723595575,-129.2524019295956,10.120747304470246,7.712184150871423,648.5075002546785,8.915244918285332,3.182043555475814,0.0805992609446777,112
0.001,0.001,3.0,1000,0.03,20,1e-07,reg_fixed,adam,warm,False,fogas_full,adam,exact,4,0.001,50,1e-10,normal,/shared/home/mauro.diaz/work/FOGAS/data/datasets_clean/generalization/5grid_stochastic.csv,100,20,42,cpu,ok,,54.28594125696691,0.24,-0.8207834919705295,-0.541819045311907,3.0842362458627974,0.24,-0.7641446155993605,-0.06836419717777402,2.544432614918201,1.7633640142727165,-40.39590589940247,6.491759196336674,1.6879137063480723,312.7204712085879,2.182857782087906,1.4615905834089162,0.022453933477574812,123
0.001,0.001,2.0,1000,0.03,20,1e-07,reg_fixed,adam,warm,False,fogas_full,adam,exact,4,0.001,50,1e-10,normal,/shared/home/mauro.diaz/work/FOGAS/data/datasets_clean/generalization/5grid_stochastic.csv,100,20,42,cpu,ok,,2315.5713884640136,0.22,-0.8205381015297185,-0.6346298620850802,3.203467850354208,0.06,-0.8445266016604416,-0.8189036408196139,3.5654711787197053,1.5794661094418507,-36.36559115258535,4.681211359531615,1.4516749916938685,275.7359610027908,2.165637031204789,1.5266935759092144,0.0379164165419438,45
0.001,0.001,1.5,1500,0.03,20,1e-07,reg_fixed,adam,warm,False,fogas_full,adam,exact,4,0.001,50,1e-10,normal,/shared/home/mauro.diaz/work/FOGAS/data/datasets_clean/generalization/5grid_stochastic.csv,100,20,42,cpu,ok,,3315.447831502999,0.22,-0.8233708184013535,-0.5984964693437164,3.1278825356246367,0.06,-0.8485473631026805,-0.8192138027270216,3.5657589618680765,-0.8842875645836754,-9.372610369012488,2.0233019180193863,-0.8788106725357355,236.630245062046,1.7479722271741558,1.5625354789963748,0.0457377258186098,105
0.001,0.001,1.5,1000,0.03,20,1e-07,reg_fixed,adam,warm,False,fogas_full,adam,exact,4,0.001,50,1e-10,normal,/shared/home/mauro.diaz/work/FOGAS/data/datasets_clean/generalization/5grid_stochastic.csv,100,20,42,cpu,ok,,2356.9989592729835,0.2,-0.8269164543199027,-0.6734644036214918,3.195708948016528,0.06,-0.8445266016604416,-0.8189036408196139,3.5654711787197053,1.6006641555377192,-26.056444012219465,2.4507933578635366,1.4604787017626288,274.1423951437382,2.540014473884021,1.4698095314641393,0.0508013703815856,52
0.001,0.001,1.0,1000,0.03,20,1e-07,reg_fixed,adam,warm,False,fogas_full,adam,exact,4,0.001,50,1e-10,normal,/shared/home/mauro.diaz/work/FOGAS/data/datasets_clean/generalization/5grid_stochastic.csv,100,20,42,cpu,ok,,2308.7040426539606,0.2,-0.8293847349817698,-0.6767203471745642,3.1713840401070232,0.06,-0.8445266016604416,-0.8189036408196139,3.5654711787197053,2.885917511958508,-19.484886993303185,2.551225547765148,2.775333692984609,296.9724446350288,2.720373908076482,1.828395689371864,0.0572868651619867,42
0.001,0.001,1.0,1500,0.03,10,1e-07,reg_fixed,adam,warm,False,fogas_full,adam,exact,4,0.001,50,1e-10,normal,/shared/home/mauro.diaz/work/FOGAS/data/datasets_clean/generalization/5grid_stochastic.csv,100,20,42,cpu,ok,,2840.359821842984,0.19,-0.8249496420066429,-0.6266857660568932,3.2066245888932325,0.06,-0.8485473631026805,-0.8192138027270216,3.5657589618680765,0.9547805596527004,-18.81716516288519,2.192749377293644,0.6797824728445258,172.2633036484395,1.3999344824201194,1.4374211324846624,0.0679572155795731,74
0.001,0.001,0.75,1500,0.03,10,1e-07,reg_fixed,adam,warm,False,fogas_full,adam,exact,4,0.001,50,1e-10,normal,/shared/home/mauro.diaz/work/FOGAS/data/datasets_clean/generalization/5grid_stochastic.csv,100,20,42,cpu,ok,,2704.4016808519955,0.18,-0.8323612526102232,-0.6244305338833497,3.130196153616405,0.06,-0.8485473631026805,-0.8192138027270216,3.5657589618680765,0.8165875650668304,-12.65159059344041,1.73004421002484,0.5335171972620854,213.14781492824997,2.208481636706205,1.2986610498090136,0.0651873003736257,57
0.001,0.001,1.0,1500,0.03,20,1e-07,reg_fixed,adam,warm,False,fogas_full,adam,exact,4,0.001,50,1e-10,normal,/shared/home/mauro.diaz/work/FOGAS/data/datasets_clean/generalization/5grid_stochastic.csv,100,20,42,cpu,ok,,3274.8230592830223,0.18,-0.8377994200219938,-0.7063632743564708,3.227428210568225,0.06,-0.8485473631026805,-0.8192138027270216,3.5657589618680765,-0.798028573354683,9.686144546729434,1.8761081097239385,-0.8412532620729553,195.57032208555415,2.8928659001298445,2.317386773188739,0.051409409794945,98
0.001,0.001,0.5,1500,0.03,20,1e-07,reg_fixed,adam,warm,False,fogas_full,adam,exact,4,0.001,50,1e-10,normal,/shared/home/mauro.diaz/work/FOGAS/data/datasets_clean/generalization/5grid_stochastic.csv,100,20,42,cpu,ok,,3223.4825093640247,0.17,-0.839328044831464,-0.8093222471888449,3.4246591046750066,0.06,-0.8485473631026805,-0.8192138027270216,3.5657589618680765,-0.9169797036436086,21.14471594319814,-1.6244059692275832,-1.0761559620054346,286.487314180683,5.4331396358096775,1.7741730823366832,0.0826342723609945,92
0.001,0.001,0.75,1000,0.03,20,1e-07,reg_fixed,adam,warm,False,fogas_full,adam,exact,4,0.001,50,1e-10,normal,/shared/home/mauro.diaz/work/FOGAS/data/datasets_clean/generalization/5grid_stochastic.csv,100,20,42,cpu,ok,,2350.661312054028,0.15,-0.846114294759187,-0.7676110343410467,3.3071758912006533,0.06,-0.8445266016604416,-0.8189036408196139,3.5654711787197053,1.6596053129489907,-26.50546226988003,2.2381430338219217,1.530057488217014,317.8394451133075,4.220660025770313,2.166614266948941,0.0556613000698288,49
0.001,0.001,0.5,1000,0.03,20,1e-07,reg_fixed,adam,warm,False,fogas_full,adam,exact,4,0.001,50,1e-10,normal,/shared/home/mauro.diaz/work/FOGAS/data/datasets_clean/generalization/5grid_stochastic.csv,100,20,42,cpu,ok,,2277.680319385021,0.15,-0.8441551969087413,-0.731955420707172,3.245409067102487,0.06,-0.8485473631026805,-0.8192138027270216,3.5657589618680765,4.306338294379033,-21.361882263594936,2.883368647557464,4.139993797423908,360.737535541513,5.098837909955688,2.2885114089198604,0.0667238478905063,39
0.001,0.001,0.75,1500,0.03,20,1e-07,reg_fixed,adam,warm,False,fogas_full,adam,exact,4,0.001,50,1e-10,normal,/shared/home/mauro.diaz/work/FOGAS/data/datasets_clean/generalization/5grid_stochastic.csv,100,20,42,cpu,ok,,3289.6390279959887,0.12,-0.8578707775995258,-0.8095058794202546,3.418070475624972,0.06,-0.8485473631026805,-0.8192138027270216,3.5657589618680765,-0.8969851073022104,16.92534198840078,0.1522137196849808,-0.948226518712782,262.1430976945071,4.267500002102085,2.3912570863758296,0.0737339352624164,100
0.001,0.001,0.5,1500,0.03,10,1e-07,reg_fixed,adam,warm,False,fogas_full,adam,exact,4,0.001,50,1e-10,normal,/shared/home/mauro.diaz/work/FOGAS/data/datasets_clean/generalization/5grid_stochastic.csv,100,20,42,cpu,ok,,2747.541668043006,0.15,-0.8436214520644358,-0.7924440677955086,3.355569696760748,0.05,-0.8660025579813246,-0.9667563764792054,3.619000125084676,1.5781190621764218,-12.434932661118223,1.951086634118759,1.237935625446097,232.8606808465653,5.079791169449841,1.8429378218783032,0.0576324586368611,64
0.001,0.0003,0.75,1500,0.03,20,1e-07,reg_fixed,adam,warm,False,fogas_full,adam,exact,4,0.001,50,1e-10,normal,/shared/home/mauro.diaz/work/FOGAS/data/datasets_clean/generalization/5grid_stochastic.csv,100,20,42,cpu,ok,,3255.3878462280263,0.17,-0.8341361998658847,-0.682461321328026,3.13554515571063,0.02,-0.8649371577958245,-0.9975752073264366,3.629945237604794,9.916437373796798,-125.29951849440836,8.541495951243975,9.637517582029831,552.5543113178725,7.957653218589168,4.791575203222514,0.0819392957548658,95
