critic_update,alpha,actor_lr,ridge,T,batch_size,critic_lr,critic_inner_steps,intended_prob,dataset_path,num_trajectories,max_steps,seed,device,status,error,elapsed_seconds,solver_success_rate,solver_avg_return,solver_v_x0,solver_v_gap,greedy_success_rate,greedy_avg_return,greedy_v_x0,greedy_v_gap,final_objective,final_actor_loss,final_critic_loss,final_critic_objective,final_theta_norm,final_psi_norm,final_policy_grad_norm,final_actor_delta_mean,final_actor_delta_std,final_critic_delta_mean,final_critic_delta_std,done_fraction,run_idx
closed_form,0.0001,0.01,1e-08,500,,,,1.0,/shared/home/mauro.diaz/work/FOGAS/data/datasets_clean/generalization/10grid_tabular_new.csv,100,50,42,cuda:1,ok,,7.655956361966673,0.0,-0.9948462247926807,-1.002928433697528,2.517761692028956,0.0,-0.9948462247926807,-1.0000000000000002,2.5561417180306263,-0.10076448227534542,0.10076448227534542,0.034359526783000235,-0.09454008771722443,50.773933174459636,32.448430956598216,0.0012385181404489002,7.654808121719309e-05,0.0003177236945612278,-0.0002796475038056111,0.0011284793250545143,0.10200000000000001,141
closed_form,0.0001,0.03,1e-10,1000,,,,1.0,/shared/home/mauro.diaz/work/FOGAS/data/datasets_clean/generalization/10grid_tabular_new.csv,100,50,42,cuda:0,ok,,9.430650333990343,0.0,-0.9948462247926807,-1.0000988575569025,1.4932880091587588,0.0,-0.9948462247926807,-1.0000000000000002,1.493782443398226,-0.10018264008994307,0.10018264008994307,-0.09922203551513716,-0.10017699972408654,43.702727808442134,41.49671579686306,2.0155998423055765e-05,9.978344789964802e-05,0.00015672896398700255,9.797619490053408e-05,0.0001613978830773684,0.10200000000000001,172
closed_form,0.0001,0.01,1e-10,500,,,,1.0,/shared/home/mauro.diaz/work/FOGAS/data/datasets_clean/generalization/10grid_tabular_new.csv,100,50,42,cuda:4,ok,,9.699336391000543,0.0,-0.9948462247926807,-1.0009319298916473,1.483195440519861,0.0,-0.9948462247926807,-1.0000000000000002,1.493782443398226,-0.10031480676913203,0.10031480676913203,-0.08812918152073648,-0.08894412067924805,40.3717514733151,24.531471215312866,0.00015190402750554563,9.976861086587057e-05,0.0001875418171976476,-8.781421755947919e-05,0.0015203783195392824,0.10200000000000001,136
closed_form,0.0001,0.01,1e-10,1000,,,,1.0,/shared/home/mauro.diaz/work/FOGAS/data/datasets_clean/generalization/10grid_tabular_new.csv,100,50,42,cuda:5,ok,,10.069002719013952,0.0,-0.9948462247926807,-1.0003419773978162,1.4925772346074555,0.0,-0.9948462247926807,-1.0000000000000002,1.493782443398226,-0.10024592672482266,0.10024592672482266,-0.09938373009720969,-0.10024068196972583,41.399320586602194,31.75164595321276,5.630185057776191e-05,9.978055366658462e-05,0.00018095668590762545,9.48058974382307e-05,0.0001864457680709043,0.10200000000000001,139
closed_form,0.0001,0.01,1e-08,1000,,,,1.0,/shared/home/mauro.diaz/work/FOGAS/data/datasets_clean/generalization/10grid_tabular_new.csv,100,50,42,cuda:2,ok,,10.201082631014287,0.0,-0.9948462247926807,-1.0010216379709844,2.549417060636687,0.0,-0.9948462247926807,-1.0000000000000002,2.5561417180306263,-0.10059849518684474,0.10059849518684474,0.03250248827466393,-0.09997545036739847,51.4738649495183,40.585224621309536,0.00047518594706881105,7.682821454113978e-05,0.0003265079073415883,1.400378147822924e-05,0.00048674158994232834,0.10200000000000001,142
closed_form,0.0001,0.03,1e-10,500,,,,1.0,/shared/home/mauro.diaz/work/FOGAS/data/datasets_clean/generalization/10grid_tabular_new.csv,100,50,42,cuda:7,ok,,11.491914418002125,0.0,-0.9948462247926807,-1.0002240717161952,1.4926943612928874,0.0,-0.9948462247926807,-1.0000000000000002,1.493782443398226,-0.100225499817558,0.100225499817558,-0.09924373863342707,-0.10013726301060424,42.273499433502415,34.965869280918646,4.7949807236906305e-05,9.977944472353532e-05,0.00017526227087203572,9.161550358194545e-05,0.00022344152808098788,0.10200000000000001,171
closed_form,0.0001,0.003,1e-08,500,,,,1.0,/shared/home/mauro.diaz/work/FOGAS/data/datasets_clean/generalization/10grid_tabular_new.csv,100,50,42,cuda:6,ok,,12.535966042021755,0.0,-0.9948462247926807,-1.0080721802735326,2.0060048485488218,0.0,-0.9948462247926807,-1.0000000000000002,2.098485571171146,-0.10123787600222321,0.10123787600222321,0.005820911191122893,-0.10058031654786598,46.130516524094745,19.467479411956727,0.0035964124460393077,7.601284865889848e-05,0.00029854882607570414,-0.00010733173390535036,0.0004635478178611238,0.10200000000000001,106
closed_form,0.0001,0.001,1e-10,5000,,,,1.0,/shared/home/mauro.diaz/work/FOGAS/data/datasets_clean/generalization/10grid_tabular_new.csv,100,50,42,cuda:1,ok,,25.416141623980366,0.0,-0.9948462247926807,-1.0004633024414749,1.5579658276498525,0.0,-0.9948462247926807,-1.0000000000000002,1.6067542579906262,-0.10025950355734303,0.10025950355734303,-0.09899161742195095,-0.09984085143426259,41.21247413858193,27.289969772740502,7.160681064662801e-05,9.977694848138783e-05,0.0001824558861152058,5.024113273968671e-05,0.00035277719135495513,0.10200000000000001,73
closed_form,0.0001,0.0003,1e-08,5000,,,,1.0,/shared/home/mauro.diaz/work/FOGAS/data/datasets_clean/generalization/10grid_tabular_new.csv,100,50,42,cuda:3,ok,,25.714153571985662,0.0,-0.9948462247926807,-1.006018252067282,2.0292408688383325,0.0,-0.9948462247926807,-1.0000000000000002,2.124985132618746,-0.10102103824011816,0.10102103824011816,0.0057349049888475445,-0.10099643420831583,46.202021427024896,19.24307910631319,0.003706729067320277,7.60985566037124e-05,0.0002953881097181721,4.707314708003524e-05,0.00030943101665087457,0.10200000000000001,44
closed_form,0.0001,0.003,1e-10,5000,,,,1.0,/shared/home/mauro.diaz/work/FOGAS/data/datasets_clean/generalization/10grid_tabular_new.csv,100,50,42,cuda:4,ok,,25.83140473201638,0.0,-0.9948462247926807,-1.0001263042351405,1.6055163366941405,0.0,-0.9948462247926807,-1.0000000000000002,1.6067542579906262,-0.1001865345270734,0.1001865345270734,-0.09921518913897492,-0.10018537398763064,44.04962766370951,40.06541401607953,2.4790392295393664e-05,9.97800804093198e-05,0.0001574911026153461,9.884781024634616e-05,0.00015881022299643987,0.10200000000000001,108
closed_form,0.0001,0.01,1e-10,5000,,,,1.0,/shared/home/mauro.diaz/work/FOGAS/data/datasets_clean/generalization/10grid_tabular_new.csv,100,50,42,cuda:7,ok,,26.379875829967204,0.0,-0.9948462247926807,-1.000025874902948,1.6065778994657878,0.0,-0.9948462247926807,-1.0000000000000002,1.6067542579906262,-0.10013613512425223,0.10013613512425223,-0.09912573909492316,-0.10013595768079578,44.94927331720982,52.570200863073026,4.5652054609134325e-06,9.97852662540988e-05,0.00012929501338015384,9.945019240227211e-05,0.00012968979338272917,0.10200000000000001,144
closed_form,0.0001,0.01,1e-08,5000,,,,1.0,/shared/home/mauro.diaz/work/FOGAS/data/datasets_clean/generalization/10grid_tabular_new.csv,100,50,42,cuda:4,ok,,26.392418190022,0.0,-0.9948462247926807,-1.0000281955048211,2.7683203172753643,0.0,-0.9948462247926807,-1.0000000000000002,2.768718118030626,-0.10052214225751335,0.10052214225751335,0.03728664815592371,-0.10052212176381774,52.499289503714515,63.9826156382498,8.111086197207101e-06,7.674256753730843e-05,0.00033616794343854686,7.662166544990408e-05,0.0003362015977127211,0.10200000000000001,148
closed_form,0.0001,0.003,1e-08,5000,,,,1.0,/shared/home/mauro.diaz/work/FOGAS/data/datasets_clean/generalization/10grid_tabular_new.csv,100,50,42,cuda:1,ok,,26.770421597000677,0.0,-0.9948462247926807,-1.0001755153833642,2.55706028542631,0.0,-0.9948462247926807,-1.0000000000000002,2.5561417180306263,-0.10053513785186217,0.10053513785186217,0.03502667432542636,-0.10053461131568706,52.06943165449636,50.19140220861926,6.563553806663047e-05,7.693384774346755e-05,0.0003339556786258225,7.425887283373421e-05,0.0003347178232087773,0.10200000000000001,115
closed_form,0.0001,0.01,1e-10,3000,,,,1.0,/shared/home/mauro.diaz/work/FOGAS/data/datasets_clean/generalization/10grid_tabular_new.csv,100,50,42,cuda:6,ok,,37.28068112797337,0.0,-0.9948462247926807,-1.000078842589614,1.6061763933066453,0.0,-0.9948462247926807,-1.0000000000000002,1.6067542579906262,-0.10017497401156286,0.10017497401156286,-0.0991824835072384,-0.10017092666574619,44.4621897460703,44.15844995899287,1.817950651583516e-05,9.978199673451022e-05,0.00015307369407223744,9.837917317639605e-05,0.00015658531454620746,0.10200000000000001,146
closed_form,0.0001,0.01,1e-08,3000,,,,1.0,/shared/home/mauro.diaz/work/FOGAS/data/datasets_clean/generalization/10grid_tabular_new.csv,100,50,42,cuda:3,ok,,37.893184952030424,0.0,-0.9948462247926807,-1.0001475112287064,2.766254377493811,0.0,-0.9948462247926807,-1.0000000000000002,2.768718118030626,-0.10053297972158218,0.10053297972158218,0.03717586628000018,-0.10053170048314443,52.48000891065942,55.04014286215889,3.781548988554725e-05,7.672990793363599e-05,0.0003357842034087379,7.313053329195229e-05,0.0003369662162776403,0.10200000000000001,152
closed_form,0.0001,0.001,1e-10,3000,,,,1.0,/shared/home/mauro.diaz/work/FOGAS/data/datasets_clean/generalization/10grid_tabular_new.csv,100,50,42,cuda:0,ok,,38.56129831896396,0.0,-0.9948462247926807,-1.0014689082903578,1.4487717780750322,0.0,-0.9948462247926807,-1.0000000000000002,1.4877786579863463,-0.10037934043031486,0.10037934043031486,-0.0995694289232403,-0.10032361836201178,38.8378536680768,19.964808020801208,0.00023801430384442216,9.976407693014731e-05,0.0001964000498220588,6.778441414183065e-05,0.0002346808417579191,0.10200000000000001,77
closed_form,0.0001,0.003,1e-10,3000,,,,1.0,/shared/home/mauro.diaz/work/FOGAS/data/datasets_clean/generalization/10grid_tabular_new.csv,100,50,42,cuda:3,ok,,39.48418877599761,0.0,-0.9948462247926807,-1.000309225993084,1.6011428211959688,0.0,-0.9948462247926807,-1.0000000000000002,1.6067542579906262,-0.10023923568344499,0.10023923568344499,-0.09935727965174855,-0.10023490287713686,41.89566147916316,32.2669050732588,5.0938042833399804e-05,9.977919929933468e-05,0.00017919161315282006,9.453683520519914e-05,0.00018437667653903867,0.10200000000000001,111
closed_form,0.0001,0.01,1e-10,10000,,,,1.0,/shared/home/mauro.diaz/work/FOGAS/data/datasets_clean/generalization/10grid_tabular_new.csv,100,50,42,cuda:0,ok,,58.63074623903958,0.0,-0.9948462247926807,-1.000002240037579,1.6067369127866296,0.0,-0.9948462247926807,-1.0000000000000002,1.6067542579906262,-0.10012727000487776,0.10012727000487776,-0.09909325789001858,-0.10012726247451056,45.47536881636008,65.25454336566159,4.397644988477488e-07,9.978605345528447e-05,0.00012417226079151135,9.971198236978302e-05,0.00012423781010458413,0.10200000000000001,157
closed_form,0.0001,0.003,1e-08,10000,,,,1.0,/shared/home/mauro.diaz/work/FOGAS/data/datasets_clean/generalization/10grid_tabular_new.csv,100,50,42,cuda:2,ok,,58.95178614399629,0.0,-0.9948462247926807,-1.0000249148349267,2.768409389311813,0.0,-0.9948462247926807,-1.0000000000000002,2.768718118030626,-0.10052245360966629,0.10052245360966629,0.03730330171778601,-0.10052242784797241,52.502519856814196,68.56101718145587,6.265044720621636e-06,7.674212765938708e-05,0.00033636871897374564,7.638366821103211e-05,0.00033645788460652895,0.10200000000000001,129
closed_form,0.0001,0.003,1e-10,10000,,,,1.0,/shared/home/mauro.diaz/work/FOGAS/data/datasets_clean/generalization/10grid_tabular_new.csv,100,50,42,cuda:5,ok,,60.39602320699487,0.0,-0.9948462247926807,-1.0000162956554937,1.6066390288526247,0.0,-0.9948462247926807,-1.0000000000000002,1.6067542579906262,-0.10013143441804119,0.10013143441804119,-0.099118618824,-0.10013133310462964,45.00476153985569,54.66755005647228,3.800699177531814e-06,9.978575663383796e-05,0.00012636965054492921,9.94165859022792e-05,0.0001267402496326055,0.10200000000000001,122
closed_form,0.0001,0.01,1e-08,10000,,,,1.0,/shared/home/mauro.diaz/work/FOGAS/data/datasets_clean/generalization/10grid_tabular_new.csv,100,50,42,cuda:5,ok,,61.22176229697652,0.0,-0.9948462247926807,-1.0000022934661554,2.7686898363889028,0.0,-0.9948462247926807,-1.0000000000000002,2.768718118030626,-0.10052025096776088,0.10052025096776088,0.03973983693074047,-0.10052024885062218,52.96415500720513,83.07059791985805,1.16328932023954e-06,7.655730621556211e-05,0.0003377190992000023,7.653549180306276e-05,0.0003377246633794394,0.10200000000000001,162
closed_form,0.0001,0.001,1e-10,10000,,,,1.0,/shared/home/mauro.diaz/work/FOGAS/data/datasets_clean/generalization/10grid_tabular_new.csv,100,50,42,cuda:2,ok,,61.53686468600063,0.0,-0.9948462247926807,-1.000068981446656,1.6054569919073542,0.0,-0.9948462247926807,-1.0000000000000002,1.6067542579906262,-0.10017039069792354,0.10017039069792354,-0.0991736123862404,-0.10016802089595893,44.59615476066367,41.68880731185906,1.6949957036710802e-05,9.978252038968901e-05,0.00015069750782222683,9.859905734739483e-05,0.0001530308821482881,0.10200000000000001,87
closed_form,0.0001,0.001,1e-08,10000,,,,1.0,/shared/home/mauro.diaz/work/FOGAS/data/datasets_clean/generalization/10grid_tabular_new.csv,100,50,42,cuda:7,ok,,61.73919414595002,0.0,-0.9948462247926807,-1.0003310014379239,2.7016334947452862,0.0,-0.9948462247926807,-1.0000000000000002,2.768718118030626,-0.1005519465023583,0.1005519465023583,0.03696630799710271,-0.09983091959044682,52.30625729060522,53.11934890473292,0.0006165744444361853,7.668365056270847e-05,0.00033489226868804316,-7.829197453300583e-06,0.0005120324778593004,0.10200000000000001,92
closed_form,0.0001,0.0003,1e-10,10000,,,,1.0,/shared/home/mauro.diaz/work/FOGAS/data/datasets_clean/generalization/10grid_tabular_new.csv,100,50,42,cuda:7,ok,,64.24413689901121,0.0,-0.9948462247926807,-1.0003244676642606,1.5065080581524062,0.0,-0.9948462247926807,-1.0000000000000002,1.493782443398226,-0.10024244826461706,0.10024244826461706,-0.09940090486995765,-0.10022210454371955,40.52652646753485,23.16230508211089,5.151212450118464e-05,9.978038115046439e-05,0.00018014708274780058,8.319733446951575e-05,0.00019888683256006717,0.10200000000000001,51
closed_form,0.0001,0.003,1e-08,1000,,,,1.0,/shared/home/mauro.diaz/work/FOGAS/data/datasets_clean/generalization/10grid_tabular_new.csv,100,50,42,cuda:7,ok,,9.987223547999747,0.0,-0.9964238442426617,-1.0044889566773132,2.2646695172435196,0.0,-0.9948462247926807,-1.0000000000000002,2.3375615326187464,-0.10089899571001913,0.10089899571001913,0.021294078625035434,-0.09764177791891449,48.77209377173588,26.94605408724415,0.0016993931331842165,7.642090183098325e-05,0.0003083559316583346,-0.00014621697686432162,0.0008549743874734283,0.10200000000000001,107
closed_form,0.0001,0.0003,1e-08,3000,,,,1.0,/shared/home/mauro.diaz/work/FOGAS/data/datasets_clean/generalization/10grid_tabular_new.csv,100,50,42,cuda:2,ok,,33.75629743398167,0.0,-0.9965939256404935,-1.0147825852845536,1.789159720639816,0.0,-0.9948462247926807,-1.0000000000000002,2.098485571171146,-0.10181862221170336,0.10181862221170336,-0.01470877603298977,-0.10176876923719808,41.72768702054029,13.50584516707935,0.007428389087889584,7.565002103328173e-05,0.0002668874671994085,3.272199774927659e-05,0.00029299045355685654,0.10200000000000001,46
closed_form,0.0001,0.0001,1e-08,10000,,,,1.0,/shared/home/mauro.diaz/work/FOGAS/data/datasets_clean/generalization/10grid_tabular_new.csv,100,50,42,cuda:1,ok,,58.80133939400548,0.0,-0.9965939256404935,-1.0073158427158326,1.8108687951801339,0.0,-0.9948462247926807,-1.0000000000000002,2.098485571171146,-0.10110412474925567,0.10110412474925567,-0.013115000611979191,-0.10109539296518454,41.94767987700996,13.766527285206712,0.00719778560629874,7.604374851602656e-05,0.00027535129028925397,6.051643331216481e-05,0.0002822825956033469,0.10200000000000001,19
closed_form,0.0001,0.001,1e-08,1000,,,,1.0,/shared/home/mauro.diaz/work/FOGAS/data/datasets_clean/generalization/10grid_tabular_new.csv,100,50,42,cuda:4,ok,,9.570361421967391,0.0,-0.9974352873827189,-1.01440291398215,1.8581569065710224,0.0,-0.9948462247926807,-1.0000000000000002,2.098485571171146,-0.10180188913138405,0.10180188913138405,-0.007676966559274273,-0.10146948870504392,43.31108914487597,15.175248758635645,0.006263353815670184,7.553979118252391e-05,0.00027448050657250976,-4.324361741819228e-05,0.000381621347630822,0.10200000000000001,71
closed_form,0.0001,0.003,1e-08,3000,,,,1.0,/shared/home/mauro.diaz/work/FOGAS/data/datasets_clean/generalization/10grid_tabular_new.csv,100,50,42,cuda:0,ok,,32.42598650598666,0.0,-0.9988368461534882,-1.0013533249404907,2.550335699561962,0.0,-0.9948462247926807,-1.0000000000000002,2.5561417180306263,-0.10064140330519726,0.10064140330519726,0.034570434205655434,-0.09930735872008624,51.74510468164919,41.48173382123459,0.0009368999100160043,7.67455499151964e-05,0.0003297461403565039,-7.267727107047557e-06,0.0006175525301392328,0.10200000000000001,116
closed_form,0.0001,0.001,1e-08,5000,,,,1.0,/shared/home/mauro.diaz/work/FOGAS/data/datasets_clean/generalization/10grid_tabular_new.csv,100,50,42,cuda:6,ok,,26.92916574102128,0.0,-0.9997608287283767,-1.0012294663677568,2.5362888065721982,0.0,-0.9948462247926807,-1.0000000000000002,2.5561417180306263,-0.10061082181878704,0.10061082181878704,0.030576389388627445,-0.10060476695030024,51.22131516057113,36.1137630601817,0.0005482162983415605,7.678839043506832e-05,0.0003235544102323765,6.441224369226266e-05,0.00032809279349566955,0.10200000000000001,80
closed_form,0.0001,0.001,1e-08,3000,,,,1.0,/shared/home/mauro.diaz/work/FOGAS/data/datasets_clean/generalization/10grid_tabular_new.csv,100,50,42,cuda:5,ok,,32.64731640601531,0.0,-0.9997608287283767,-1.0044946919180229,2.3259994524509016,0.0,-0.9948462247926807,-1.0000000000000002,2.3375615326187464,-0.10090846939883223,0.10090846939883223,0.020419870826204417,-0.10061244209891479,49.2000636026254,27.676455607751254,0.0017546491064441036,7.632365739390259e-05,0.00031148076621834164,-1.788967300352259e-05,0.00040215344041672873,0.10200000000000001,81
closed_form,0.0001,0.0003,1e-08,10000,,,,1.0,/shared/home/mauro.diaz/work/FOGAS/data/datasets_clean/generalization/10grid_tabular_new.csv,100,50,42,cuda:4,ok,,62.62284058902878,0.0,-1.0072244472358571,-1.0019257610407755,2.45798972106594,0.0,-0.9948462247926807,-1.0000000000000002,2.5561417180306263,-0.10068715869616719,0.10068715869616719,0.02679889819841688,-0.10066209900479789,50.48980039636021,31.071149913601793,0.001598332433500784,7.644083261989699e-05,0.0003237584325553202,4.950548248371345e-05,0.00033648555864789777,0.10200000000000001,60
closed_form,0.0001,0.003,1e-10,500,,,,1.0,/shared/home/mauro.diaz/work/FOGAS/data/datasets_clean/generalization/10grid_tabular_new.csv,100,50,42,cuda:1,ok,,8.490490506985225,0.0,-1.0088449001487538,-1.005635338620416,1.2354734222501527,0.0,-0.9948462247926807,-1.0000000000000002,1.261835028801546,-0.10080647893194723,0.10080647893194723,-0.0992301054296885,-0.09990175721328418,36.65110594772455,13.824392651249132,0.0010076656373686418,9.965937842640362e-05,0.00020462806988244368,-4.597072970765612e-05,0.0004802330641392817,0.10200000000000001,101
closed_form,0.0001,0.003,1e-10,1000,,,,1.0,/shared/home/mauro.diaz/work/FOGAS/data/datasets_clean/generalization/10grid_tabular_new.csv,100,50,42,cuda:2,ok,,9.159115833987016,0.0,-1.0088449001487538,-1.0019331447303816,1.4159591439840518,0.0,-0.9948462247926807,-1.0000000000000002,1.4877786579863463,-0.10043585605044332,0.10043585605044332,-0.09812268669280995,-0.09886501170354425,38.53115650312894,19.208580821575012,0.0003208444607222812,9.975209416560766e-05,0.00020234102374338763,-5.0628770240571055e-05,0.0006020768640899043,0.10200000000000001,102
closed_form,0.0001,0.0003,1e-10,5000,,,,1.0,/shared/home/mauro.diaz/work/FOGAS/data/datasets_clean/generalization/10grid_tabular_new.csv,100,50,42,cuda:6,ok,,25.695614508003928,0.0,-1.0088449001487538,-1.0030460190346904,1.2628571449683001,0.0,-0.9948462247926807,-1.0000000000000002,1.3748068433939462,-0.10055130476398882,0.10055130476398882,-0.0998632406922218,-0.10052912555234582,36.49342023225616,13.856396878839329,0.0005245426662643226,9.97237159988483e-05,0.00020613682233311742,7.600782177901329e-05,0.00022604182273958147,0.10200000000000001,37
closed_form,0.0001,0.0001,1e-10,10000,,,,1.0,/shared/home/mauro.diaz/work/FOGAS/data/datasets_clean/generalization/10grid_tabular_new.csv,100,50,42,cuda:4,ok,,71.81777286401484,0.0,-1.0088449001487538,-1.0029590401799895,1.1659230563989391,0.0,-0.9948462247926807,-1.0000000000000002,1.261835028801546,-0.10054149589959999,0.10054149589959999,-0.09997688625752289,-0.10053805296884878,33.501245091067474,10.446281481320058,0.0004987698470342585,9.97274607821946e-05,0.00020524115781266202,8.765778088273199e-05,0.00021230518280641216,0.10200000000000001,20
closed_form,0.0001,0.0003,1e-10,3000,,,,1.0,/shared/home/mauro.diaz/work/FOGAS/data/datasets_clean/generalization/10grid_tabular_new.csv,100,50,42,cuda:5,ok,,40.134835846023634,0.0,-1.0212231225919306,-1.0099699426029976,1.147327008650503,0.0,-0.9948462247926807,-1.0000000000000002,1.261835028801546,-0.10123512733950384,0.10123512733950384,-0.10062077861910398,-0.10120781706532345,34.26480544872426,9.877281718555512,0.0017843275287564382,9.955284549385299e-05,0.00019780081923340262,6.83161146843556e-05,0.00022321666116699977,0.10200000000000001,41
closed_form,0.0001,0.001,1e-10,1000,,,,1.0,/shared/home/mauro.diaz/work/FOGAS/data/datasets_clean/generalization/10grid_tabular_new.csv,100,50,42,cuda:7,ok,,9.764167477027513,0.0,-1.0279455330238703,-1.0104303717975345,1.170128001051875,0.0,-0.9948462247926807,-1.0000000000000002,1.261835028801546,-0.10128507315052111,0.10128507315052111,-0.1004438389271583,-0.10107066534917264,35.40696038957124,10.922402801820558,0.001878011351152863,9.954012320543328e-05,0.00019762817613664554,1.52607427401698e-05,0.00030265640171822026,0.10200000000000001,68
closed_form,0.0001,0.0001,1e-08,5000,,,,1.0,/shared/home/mauro.diaz/work/FOGAS/data/datasets_clean/generalization/10grid_tabular_new.csv,100,50,42,cuda:0,ok,,24.756766946986318,0.0,-1.0335627544274875,-1.0306033138522674,1.3977513801065369,0.0,-0.9948462247926807,-1.0000000000000002,2.098485571171146,-0.10321818928280174,0.10321818928280174,-0.049376787050799,-0.10319994120631007,32.80949684329556,7.664666081649431,0.009490165279197067,7.800696956080263e-05,0.0002195743604124792,5.451815498399955e-05,0.00023445071512147168,0.10200000000000001,9
closed_form,0.0001,0.001,1e-08,500,,,,1.0,/shared/home/mauro.diaz/work/FOGAS/data/datasets_clean/generalization/10grid_tabular_new.csv,100,50,42,cuda:3,ok,,11.5997473319876,0.0,-1.0345160945831868,-1.0362729582612311,1.434157285141295,0.0,-0.9948462247926807,-1.0000000000000002,1.7137222871711464,-0.10377861358087048,0.10377861358087048,-0.04374772600317515,-0.10246668026219506,34.2692148316882,8.511350766569443,0.01017014194525589,7.689440923628794e-05,0.00021812084705045206,-0.00019488097793426352,0.0005270840004772282,0.10200000000000001,72
closed_form,0.0001,0.0001,1e-10,5000,,,,1.0,/shared/home/mauro.diaz/work/FOGAS/data/datasets_clean/generalization/10grid_tabular_new.csv,100,50,42,cuda:3,ok,,37.205127077992074,0.0,-1.040662381806143,-1.0218193067554087,0.9915486767054134,0.0,-0.9948462247926807,-1.0000000000000002,1.1488632142091462,-0.10246177621615014,0.10246177621615014,-0.10198960705638435,-0.10245304998958392,30.444800317938245,6.030750294077557,0.003764311754540277,9.929058477916995e-05,0.00018501840572071604,8.2951767091339e-05,0.00019734980091250264,0.10200000000000001,10
closed_form,0.0001,0.001,1e-10,500,,,,1.0,/shared/home/mauro.diaz/work/FOGAS/data/datasets_clean/generalization/10grid_tabular_new.csv,100,50,42,cuda:6,ok,,8.640807360992767,0.0,-1.0416117757846322,-1.0293252837396054,1.02245190246071,0.0,-0.9948462247926807,-1.0000000000000002,1.1488632142091462,-0.10332776145558202,0.10332776145558202,-0.10169822580753601,-0.10227495500259667,33.962602817235855,6.449882515872531,0.00514258161090806,9.909944451309729e-05,0.00018113451125495296,-9.620027859497412e-05,0.000493832621651899,0.10200000000000001,66
closed_form,0.0001,0.0003,1e-10,1000,,,,1.0,/shared/home/mauro.diaz/work/FOGAS/data/datasets_clean/generalization/10grid_tabular_new.csv,100,50,42,cuda:4,ok,,9.657193185004871,0.0,-1.0567185353487494,-1.0532393526393529,0.929630551206934,0.0,-0.9948462247926807,-1.0000000000000002,1.1488632142091462,-0.10620152591378201,0.10620152591378201,-0.10528457766491146,-0.10607144533542467,39.67033326084404,3.9273996294429856,0.009142514525140054,9.855495377970167e-05,0.00017171037612839793,4.1651365721869704e-05,0.00025184307227810594,0.10200000000000001,32
closed_form,0.0001,0.0001,1e-10,3000,,,,1.0,/shared/home/mauro.diaz/work/FOGAS/data/datasets_clean/generalization/10grid_tabular_new.csv,100,50,42,cuda:2,ok,,28.0328753250069,0.0,-1.0567185353487494,-1.0498427089972509,0.9203212617975893,0.0,-0.9948462247926807,-1.0000000000000002,1.1488632142091462,-0.10571071042929626,0.10571071042929626,-0.1050028189723677,-0.10569752090297815,37.274708063523505,3.83427285218785,0.008425412074916983,9.864108215556689e-05,0.00017235383996188765,8.275512782532002e-05,0.00018763144211176325,0.10200000000000001,7
closed_form,0.0001,0.0003,1e-08,1000,,,,1.0,/shared/home/mauro.diaz/work/FOGAS/data/datasets_clean/generalization/10grid_tabular_new.csv,100,50,42,cuda:1,ok,,9.368157521006651,0.0,-1.0594943933686019,-1.0597568233854444,1.1819633225865431,0.0,-0.9948462247926807,-1.0000000000000002,1.7137222871711464,-0.10590397922073702,0.10590397922073702,-0.0652834598629643,-0.1057503968468333,28.448879409870962,4.956051427605158,0.009737568181579347,7.976506984783305e-05,0.00019004097665799907,2.527795697521521e-06,0.00027043958051659305,0.10200000000000001,39
closed_form,0.0001,0.0001,1e-08,3000,,,,1.0,/shared/home/mauro.diaz/work/FOGAS/data/datasets_clean/generalization/10grid_tabular_new.csv,100,50,42,cuda:7,ok,,21.95082868001191,0.0,-1.0601371664383326,-1.0566183453460418,1.1652798706473293,0.0,-0.9948462247926807,-1.0000000000000002,1.5953470657080544,-0.10558695689391036,0.10558695689391036,-0.06605208000346038,-0.10556798172477472,28.11259565437327,4.715829799283357,0.009342594064519571,8.01260727536826e-05,0.00019020338838847607,5.741038277804592e-05,0.00020755473210950723,0.10200000000000001,5
closed_form,0.0001,0.0001,1e-10,1000,,,,1.0,/shared/home/mauro.diaz/work/FOGAS/data/datasets_clean/generalization/10grid_tabular_new.csv,100,50,42,cuda:1,ok,,18.590121847984847,0.0,-1.0931335435989253,-1.1184521076595177,0.9018436930985634,0.0,-0.9948462247926807,-1.0000000000000002,1.0304879927460542,-0.11618831125228785,0.11618831125228785,-0.11351274186158315,-0.11617103077777573,72.91486701890877,1.3278761329931024,0.02171150120460261,9.701316230506277e-05,0.00016165586420223058,9.115639516993793e-05,0.000174988779350887,0.10200000000000001,4
closed_form,0.0001,0.0003,1e-10,500,,,,1.0,/shared/home/mauro.diaz/work/FOGAS/data/datasets_clean/generalization/10grid_tabular_new.csv,100,50,42,cuda:3,ok,,11.035069270001259,0.0,-1.0942315205230686,-1.0953323720507286,0.894981021160131,0.0,-0.9948462247926807,-1.0000000000000002,1.0304879927460542,-0.11219770202859419,0.11219770202859419,-0.11034028316968877,-0.11209339295413227,59.213339450557896,1.9660097488686623,0.016758876882109208,9.756367955255069e-05,0.00016393592846111854,6.458077815859475e-05,0.0002301057855024817,0.10200000000000001,31
closed_form,0.0001,0.0003,1e-08,500,,,,1.0,/shared/home/mauro.diaz/work/FOGAS/data/datasets_clean/generalization/10grid_tabular_new.csv,100,50,42,cuda:0,ok,,16.477068522013724,0.0,-1.0986571611911835,-1.098242777889878,1.0250220003268156,0.0,-0.9948462247926807,-1.0000000000000002,1.5953470657080544,-0.10945610837242471,0.10945610837242471,-0.077380787586673,-0.10932855069714735,25.277564404219948,2.3177742172180467,0.011724911704679283,8.107344381416199e-05,0.00017199482240123478,1.9610410405507908e-05,0.000247342380556015,0.10200000000000001,36
closed_form,0.0001,0.0001,1e-10,500,,,,1.0,/shared/home/mauro.diaz/work/FOGAS/data/datasets_clean/generalization/10grid_tabular_new.csv,100,50,42,cuda:0,ok,,11.521571858029347,0.0,-1.0991203117908466,-1.1499721476412308,0.9221299940172217,0.0,-0.9948462247926807,-1.0000000000000002,1.0304879927460542,-0.12287498758660002,0.12287498758660002,-0.11832220312973596,-0.1228494662763694,95.15527464763525,0.6766909219891634,0.030228327417714033,9.625178160694723e-05,0.00015983940976567305,9.54210695215716e-05,0.00017521273493209947,0.10200000000000001,1
closed_form,0.0001,0.0001,1e-08,1000,,,,1.0,/shared/home/mauro.diaz/work/FOGAS/data/datasets_clean/generalization/10grid_tabular_new.csv,100,50,42,cuda:6,ok,,13.640324754000176,0.0,-1.1016949486899061,-1.1194896749268064,0.987755149671629,0.0,-0.9948462247926807,-1.0000000000000002,1.5953470657080544,-0.11142965435533884,0.11142965435533884,-0.08129477048824697,-0.11141216965541675,24.542778639416433,1.5119873684113831,0.013377343254203887,8.110579714377662e-05,0.0001673400436353748,6.368804034229716e-05,0.00018432231771126631,0.10200000000000001,3
closed_form,0.0001,0.0001,1e-08,500,,,,1.0,/shared/home/mauro.diaz/work/FOGAS/data/datasets_clean/generalization/10grid_tabular_new.csv,100,50,42,cuda:5,ok,,11.713383777998388,0.0,-1.1040938428634968,-1.1491213970654615,0.9645482568772815,0.0,-0.9948462247926807,-1.0000000000000002,1.5953470657080544,-0.11424295094753992,0.11424295094753992,-0.08538049215772675,-0.11422558004573811,24.018779272898676,0.7404927775793814,0.015733562660386242,8.08129984720494e-05,0.00016343654409975571,6.605645336795726e-05,0.00017969493126436393,0.10200000000000001,2
closed_form,0.0001,0.0001,0.0001,500,,,,1.0,/shared/home/mauro.diaz/work/FOGAS/data/datasets_clean/generalization/10grid_tabular_new.csv,100,50,42,cuda:4,ok,,22.45167024998227,0.0,-1.1477384221611573,-1.224263909908748,1.0266127216155183,0.0,-0.9948462247926807,-1.0000000000000002,2.7107385183098565,52.55743106958879,-52.55743106958879,163.11277970970937,52.57616100286079,14.868531784063183,0.7296454344197766,28.607885395780194,-0.05350249342767305,0.08752534906499689,-0.05352838883426492,0.08753091518163127,0.10200000000000001,18
closed_form,0.0001,0.0001,0.0001,1000,,,,1.0,/shared/home/mauro.diaz/work/FOGAS/data/datasets_clean/generalization/10grid_tabular_new.csv,100,50,42,cuda:5,ok,,9.139080938999541,0.0,-1.1505464241703276,-1.2765621236232425,1.1111279844020907,0.0,-0.9948462247926807,-1.0000000000000002,2.7627143326187467,58.42149242660844,-58.42149242660844,173.2463858328393,58.44333845706651,15.152758651530933,1.4901625265305998,31.692170053221524,-0.05649854204194098,0.09221923527121564,-0.056526635413015225,0.09222570847473449,0.10200000000000001,16
closed_form,0.0001,0.0003,0.0001,500,,,,1.0,/shared/home/mauro.diaz/work/FOGAS/data/datasets_clean/generalization/10grid_tabular_new.csv,100,50,42,cuda:7,ok,,11.557843412971124,0.0,-1.2622002776966341,-1.3480698663860642,1.2106554884145924,0.0,-0.9948462247926807,-1.0000000000000002,2.7627143326187467,65.40678838935222,-65.40678838935222,185.1715341077961,65.48392304666031,15.471755625082487,2.2883267245679035,34.93674461355531,-0.05972991707421974,0.09760356564619398,-0.05982236723177438,0.09762597166222393,0.10200000000000001,52
closed_form,0.0001,0.0001,0.01,500,,,,1.0,/shared/home/mauro.diaz/work/FOGAS/data/datasets_clean/generalization/10grid_tabular_new.csv,100,50,42,cuda:6,ok,,9.324375060969032,0.0,-1.1360804530115154,-1.2033222719285288,1.002005508242298,0.0,-2.1297181459240004,-2.129718145924001,2.3472393026188074,1026.1735759005512,-1026.1735759005512,1194.602071241989,1026.1789774567774,1.835336992408814,0.7179099643215487,11.37614719209766,-0.11315611534792626,0.43866968721299077,-0.11316116617049096,0.4386696157006177,0.10200000000000001,26
closed_form,0.0001,0.0001,0.01,1000,,,,1.0,/shared/home/mauro.diaz/work/FOGAS/data/datasets_clean/generalization/10grid_tabular_new.csv,100,50,42,cuda:7,ok,,7.475476805004291,0.0,-1.1457737774662378,-1.2205053769247143,1.0510200293841248,0.0,-2.1297181459240004,-2.129718145924001,2.3472393026188074,1031.3625439112175,-1031.3625439112175,1197.4605121955628,1031.3685743584217,1.822591220417465,1.4348428660224126,12.402898955922199,-0.11533938143021702,0.43928357515718236,-0.11534468027685991,0.43928355667836755,0.10200000000000001,27
closed_form,0.0001,0.0003,0.01,500,,,,1.0,/shared/home/mauro.diaz/work/FOGAS/data/datasets_clean/generalization/10grid_tabular_new.csv,100,50,42,cuda:1,ok,,5.503064066986553,0.0,-1.159631431512575,-1.2399941394739784,1.102202623514939,0.0,-2.1297181459240004,-2.129718145924001,2.3472393026188074,1037.233289016979,-1037.233289016979,1200.6701963867795,1037.2535829401631,1.807852944498619,2.154297024991748,13.463818464222564,-0.11765370513984905,0.440005707918943,-0.11767055703531691,0.4400058138535366,0.10200000000000001,61
closed_form,0.0001,0.0001,0.01,3000,,,,1.0,/shared/home/mauro.diaz/work/FOGAS/data/datasets_clean/generalization/10grid_tabular_new.csv,100,50,42,cuda:0,ok,,37.04652166896267,0.0,-1.2043388000466073,-1.3109742668203326,1.2668705963641642,0.0,-2.1297181459240004,-2.129718145924001,2.3472393026188074,1058.1334199824962,-1058.1334199824962,1211.776933175125,1058.1415229891827,1.7529142031824723,4.268901421786895,16.37577035849366,-0.12491211612777824,0.4427465398733816,-0.12491785161135689,0.44274675187945955,0.10200000000000001,35
closed_form,0.0001,0.0003,0.01,1000,,,,1.0,/shared/home/mauro.diaz/work/FOGAS/data/datasets_clean/generalization/10grid_tabular_new.csv,100,50,42,cuda:2,ok,,6.716090795991477,0.0,-1.2066174334745394,-1.3138970636786484,1.2759730208797377,0.0,-2.1297181459240004,-2.129718145924001,2.3472393026188074,1059.1255584093415,-1059.1255584093415,1212.3070678785316,1059.1515161874268,1.7501745723847373,4.317518696422331,16.4926879578447,-0.12519871984769484,0.4428896506567848,-0.12521697853476582,0.4428903498876042,0.10200000000000001,62
closed_form,0.0001,0.0001,0.01,5000,,,,1.0,/shared/home/mauro.diaz/work/FOGAS/data/datasets_clean/generalization/10grid_tabular_new.csv,100,50,42,cuda:1,ok,,22.20375507796416,0.0,-1.370767055681418,-1.4396793158495673,1.5137395266435858,0.0,-2.1297181459240004,-2.129718145924001,2.3472393026188074,1091.212274655093,-1091.212274655093,1228.8352839523463,1091.2209442984388,1.659001745953919,6.954614260459176,18.42557653162632,-0.13422358370340753,0.44746777063161725,-0.13422874011256342,0.4474681613754534,0.10200000000000001,33
closed_form,0.0001,0.001,0.01,500,,,,1.0,/shared/home/mauro.diaz/work/FOGAS/data/datasets_clean/generalization/10grid_tabular_new.csv,100,50,42,cuda:4,ok,,7.785145101021044,0.0,-1.3943463250407944,-1.4515069581705846,1.5535311008924784,0.0,-2.1297181459240004,-2.129718145924001,2.3472393026188074,1096.4136770390758,-1096.4136770390758,1231.514200192722,1096.512619116813,1.6431772946088858,7.151236006633842,18.547779892000598,-0.13538850268643135,0.448278491898043,-0.1354459829091188,0.44828319977338366,0.10200000000000001,96
closed_form,0.0001,0.0003,0.01,3000,,,,1.0,/shared/home/mauro.diaz/work/FOGAS/data/datasets_clean/generalization/10grid_tabular_new.csv,100,50,42,cuda:3,ok,,30.192388237977866,0.0,-1.6265986519954843,-1.6987785689900432,1.9569576737173195,0.0,-2.1297181459240004,-2.129718145924001,2.3472393026188074,1156.9365758528195,-1156.9365758528195,1261.8911517041174,1156.9537823259338,1.4487054178002063,11.673033536221238,14.5340370004139,-0.14679537810810223,0.4580822705090158,-0.1468034555307465,0.4580834381778034,0.10200000000000001,69
closed_form,0.0001,0.001,0.01,1000,,,,1.0,/shared/home/mauro.diaz/work/FOGAS/data/datasets_clean/generalization/10grid_tabular_new.csv,100,50,42,cuda:5,ok,,6.039646145014558,0.0,-1.6600254029504569,-1.74410049304371,2.038381564726084,0.0,-2.1297181459240004,-2.129718145924001,2.3472393026188074,1170.1091859375556,-1170.1091859375556,1268.5502193572656,1170.1548193290353,1.4028214428659858,12.690961832033828,12.655099832079046,-0.14839487287542136,0.46043645859793,-0.14841549739027685,0.46043972192520816,0.10200000000000001,97
closed_form,0.0001,0.0001,0.01,10000,,,,1.0,/shared/home/mauro.diaz/work/FOGAS/data/datasets_clean/generalization/10grid_tabular_new.csv,100,50,42,cuda:2,ok,,53.540442647004966,0.0,-1.7264233169786403,-1.7395595376183868,2.0032220094193764,0.0,-2.1297181459240004,-2.129718145924001,2.3472393026188074,1163.5471699848479,-1163.5471699848479,1265.2959151960674,1163.552587301856,1.4264874895645698,12.643476606556517,13.467046583037302,-0.14767934657525397,0.45923977016298134,-0.1476818458825918,0.45924014607284924,0.10200000000000001,43
closed_form,0.0001,0.003,0.01,500,,,,1.0,/shared/home/mauro.diaz/work/FOGAS/data/datasets_clean/generalization/10grid_tabular_new.csv,100,50,42,cuda:7,ok,,9.366148008033633,0.0,-1.800554998052042,-1.8521498021456433,2.2140712398382907,0.0,-2.1297181459240004,-2.129718145924001,2.3472393026188074,1198.647292531196,-1198.647292531196,1283.2719634063467,1198.698864164856,1.3005621803012,16.16095616780393,7.230135426820042,-0.15063868270150949,0.46587376805929537,-0.15066048781440783,0.4658777868021291,0.10200000000000001,132
closed_form,0.0001,0.0003,0.01,5000,,,,1.0,/shared/home/mauro.diaz/work/FOGAS/data/datasets_clean/generalization/10grid_tabular_new.csv,100,50,42,cuda:4,ok,,22.38434445700841,0.0,-1.8167897216682172,-1.8566157405769537,2.216549686497521,0.0,-2.1297181459240004,-2.129718145924001,2.3472393026188074,1198.732149582494,-1198.732149582494,1283.3133076685488,1198.738414036847,1.3005759772631647,16.453590994489883,7.111767691157812,-0.15064178829740973,0.4658909721612797,-0.15064444530228424,0.46589145765244483,0.10200000000000001,67
closed_form,0.0001,0.003,0.01,1000,,,,1.0,/shared/home/mauro.diaz/work/FOGAS/data/datasets_clean/generalization/10grid_tabular_new.csv,100,50,42,cuda:0,ok,,5.5783340519992635,0.0,-1.8641726843323687,-1.9175638077367654,2.3357534126205906,0.0,-2.1297181459240004,-2.129718145924001,2.3472393026188074,1218.8131653583278,-1218.8131653583278,1294.0199349050033,1218.8216522283014,1.2263627740330503,21.536062683771856,2.4340986589079736,-0.1509271123825397,0.4700899404414415,-0.150930626010452,0.47009061771373784,0.10200000000000001,130
closed_form,0.0001,0.001,0.01,3000,,,,1.0,/shared/home/mauro.diaz/work/FOGAS/data/datasets_clean/generalization/10grid_tabular_new.csv,100,50,42,cuda:6,ok,,30.984435557969846,0.0,-1.8692495513356804,-1.9210111219259298,2.3426689817724733,0.0,-2.1297181459240004,-2.129718145924001,2.3472393026188074,1219.8687509941171,-1219.8687509941171,1294.596876406866,1219.8718068065202,1.2224980130891485,22.145363813165226,2.150640016645993,-0.15090120507572793,0.47032274910230165,-0.15090247060715525,0.47032299278643835,0.10200000000000001,104
closed_form,0.0001,0.01,0.01,500,,,,1.0,/shared/home/mauro.diaz/work/FOGAS/data/datasets_clean/generalization/10grid_tabular_new.csv,100,50,42,cuda:2,ok,,8.717346589022782,0.0,-1.8805349017838855,-1.9324852898460851,2.3677603674409617,0.0,-2.1297181459240004,-2.129718145924001,2.3472393026188074,1223.9229756824043,-1223.9229756824043,1296.83206702402,1223.930134807591,1.2074927098449004,25.157192073293118,1.105650022753943,-0.15077420666913832,0.4712246230220681,-0.15077718845298785,0.4712251882128626,0.10200000000000001,166
closed_form,0.0001,0.0003,0.01,10000,,,,1.0,/shared/home/mauro.diaz/work/FOGAS/data/datasets_clean/generalization/10grid_tabular_new.csv,100,50,42,cuda:5,ok,,53.25957939797081,0.0,-1.8816947829765363,-1.9322180512504394,2.3669277455935154,0.0,-2.1297181459240004,-2.129718145924001,2.3472393026188074,1223.3696990025771,-1223.3696990025771,1296.529014075796,1223.3705984629885,1.209614943796642,24.994821971872415,1.2179402903254029,-0.15078088795791836,0.4711050575075077,-0.15078126023359384,0.47110512928324405,0.10200000000000001,78
closed_form,0.0001,0.001,0.01,5000,,,,1.0,/shared/home/mauro.diaz/work/FOGAS/data/datasets_clean/generalization/10grid_tabular_new.csv,100,50,42,cuda:7,ok,,21.924084893020336,0.0,-1.883009795548116,-1.9373532199353534,2.379022459816049,0.0,-2.1297181459240004,-2.129718145924001,2.3472393026188074,1225.5534315341336,-1225.5534315341336,1297.732125003557,1225.5541802084972,1.2014819582087766,27.463302921017387,0.6699061331674798,-0.1506996027787323,0.47159434648108106,-0.15069991564588722,0.4715944052570819,0.10200000000000001,103
closed_form,0.0001,0.01,0.01,1000,,,,1.0,/shared/home/mauro.diaz/work/FOGAS/data/datasets_clean/generalization/10grid_tabular_new.csv,100,50,42,cuda:3,ok,,5.666051399020944,0.0,-1.8929291362622371,-1.940448392809127,2.3865086853485753,0.0,-2.1297181459240004,-2.129718145924001,2.3472393026188074,1226.7038268693989,-1226.7038268693989,1298.372220381261,1226.7050940511,1.1972228391586994,30.144777628587853,0.3688496223365611,-0.15064691252290943,0.4718550463161767,-0.1506474472465513,0.47185514415036756,0.10200000000000001,167
closed_form,0.0001,0.003,0.01,3000,,,,1.0,/shared/home/mauro.diaz/work/FOGAS/data/datasets_clean/generalization/10grid_tabular_new.csv,100,50,42,cuda:1,ok,,23.084762307989877,0.0,-1.8929291362622371,-1.9408777195059443,2.3875824366955802,0.0,-2.1297181459240004,-2.129718145924001,2.3472393026188074,1226.8485512191116,-1226.8485512191116,1298.4521479944174,1226.8490423091005,1.196687976753481,30.65088738637876,0.3303155711787357,-0.1506402465080277,0.47188784471509837,-0.15064045363753945,0.4718878826625391,0.10200000000000001,138
closed_form,0.0001,0.003,0.01,5000,,,,1.0,/shared/home/mauro.diaz/work/FOGAS/data/datasets_clean/generalization/10grid_tabular_new.csv,100,50,42,cuda:2,ok,,24.25481175002642,0.0,-1.9002562182560954,-1.9435016691024773,2.3940786178258984,0.0,-2.1297181459240004,-2.129718145924001,2.3472393026188074,1227.7330036470332,-1227.7330036470332,1298.944136654949,1227.7331164640932,1.193407057050157,36.532597854475206,0.09557354301982153,-0.15058859379496983,0.4720917154208614,-0.1505886417039506,0.4720917240360492,0.10200000000000001,140
closed_form,0.0001,0.001,0.01,10000,,,,1.0,/shared/home/mauro.diaz/work/FOGAS/data/datasets_clean/generalization/10grid_tabular_new.csv,100,50,42,cuda:0,ok,,53.236717242980376,0.0,-1.9002562182560954,-1.9439685115896002,2.3952754297524983,0.0,-2.1297181459240004,-2.129718145924001,2.3472393026188074,1227.8767839303637,-1227.8767839303637,1299.023761871007,1227.876841515221,1.192869819852829,39.130185395772315,0.05728608519004901,-0.15057787464970576,0.4721255893020143,-0.1505778990417613,0.4721255937194439,0.10200000000000001,113
closed_form,0.0001,0.01,0.01,5000,,,,1.0,/shared/home/mauro.diaz/work/FOGAS/data/datasets_clean/generalization/10grid_tabular_new.csv,100,50,42,cuda:5,ok,,22.050512380024884,0.0,-1.9006938942126215,-1.9444364281080966,2.3964900325234333,0.0,-2.1297181459240004,-2.129718145924001,2.3472393026188074,1228.0421788266842,-1228.0421788266842,1299.1153068530018,1228.0421955657714,1.192250907210646,45.97926337840574,0.014018631910923363,-0.15056599997607276,0.4721644067902192,-0.15056600713883186,0.4721644080513069,0.10200000000000001,173
closed_form,0.0001,0.003,0.01,10000,,,,1.0,/shared/home/mauro.diaz/work/FOGAS/data/datasets_clean/generalization/10grid_tabular_new.csv,100,50,42,cuda:3,ok,,56.912424893991556,0.0,-1.9006938942126215,-1.9445243592409045,2.396715991581829,0.0,-2.1297181459240004,-2.129718145924001,2.3472393026188074,1228.0686659322541,-1228.0686659322541,1299.1298436566935,1228.0686734286803,1.1921507474142126,49.39128122585235,0.007101819883708464,-0.15056366410495337,0.47217076133626806,-0.15056366731096466,0.47217076190160123,0.10200000000000001,149
closed_form,0.0001,0.0001,0.001,500,,,,1.0,/shared/home/mauro.diaz/work/FOGAS/data/datasets_clean/generalization/10grid_tabular_new.csv,100,50,42,cuda:1,ok,,4.963869790022727,0.0,-1.1328675067782488,-1.2117156555315585,1.014399968018152,0.0,-3.125764,-3.1257640000000007,2.9909952733248613,330.20778104574316,-330.20778104574316,607.8976023634668,330.23028165255823,7.452077840587934,0.7162068625077496,44.144800802264534,-0.09455055974080263,0.23896631202792012,-0.09456626316099957,0.238969514093708,0.10200000000000001,21
closed_form,0.0001,0.0001,0.001,1000,,,,1.0,/shared/home/mauro.diaz/work/FOGAS/data/datasets_clean/generalization/10grid_tabular_new.csv,100,50,42,cuda:2,ok,,6.7377159359748475,0.0,-1.1368510440751556,-1.2403070039592425,1.0832996523370593,0.0,-3.125764,-3.1257640000000007,2.9909952733248613,345.94659517305,-345.94659517305,620.0004281238098,345.9725289122353,7.40307907848585,1.4488144234277678,48.790458373187846,-0.09834568745007384,0.24396861605677309,-0.09836260987112933,0.24397242389743484,0.10200000000000001,23
closed_form,0.0001,0.0003,0.001,500,,,,1.0,/shared/home/mauro.diaz/work/FOGAS/data/datasets_clean/generalization/10grid_tabular_new.csv,100,50,42,cuda:4,ok,,11.662485544977244,0.0,-1.1990779918538197,-1.2764539931059018,1.16378355887197,0.0,-3.125764,-3.1257640000000007,2.9909952733248613,364.2114204388677,-364.2114204388677,634.0649894078358,364.3018324219907,7.345245496044978,2.2068168847844247,53.58259156556871,-0.1024428904665025,0.2497019953093774,-0.10249810098857651,0.24971554626806017,0.10200000000000001,56
closed_form,0.0001,0.0001,0.001,3000,,,,1.0,/shared/home/mauro.diaz/work/FOGAS/data/datasets_clean/generalization/10grid_tabular_new.csv,100,50,42,cuda:3,ok,,28.011516992002726,0.0,-1.3058325308920997,-1.420213773533579,1.4443615880715472,0.0,-3.125764,-3.1257640000000007,3.0551629453111455,430.9619593668143,-430.9619593668143,685.058972460856,431.0002544675828,7.128235658187419,4.457995577747031,66.28279850960257,-0.11578342955084753,0.2697968179541362,-0.11580313052594508,0.2698025565782281,0.10200000000000001,30
closed_form,0.0001,0.0003,0.001,1000,,,,1.0,/shared/home/mauro.diaz/work/FOGAS/data/datasets_clean/generalization/10grid_tabular_new.csv,100,50,42,cuda:5,ok,,6.516921315982472,0.0,-1.3182762594897517,-1.4306267928353011,1.4637730162514484,0.0,-3.125764,-3.1257640000000007,3.0551629453111455,435.24226965229576,-435.24226965229576,688.3839016076496,435.36795646814767,7.113591851371598,4.58130190668322,66.98197103622051,-0.11657237115414648,0.27104073193274547,-0.1166364494348966,0.2710595361985754,0.10200000000000001,55
closed_form,0.0001,0.0001,0.001,5000,,,,1.0,/shared/home/mauro.diaz/work/FOGAS/data/datasets_clean/generalization/10grid_tabular_new.csv,100,50,42,cuda:4,ok,,21.57105370797217,0.0,-1.6107916895242684,-1.6592164749381386,1.820887730634257,0.0,-3.125764,-3.1257640000000007,3.0551629453111455,537.2966365723912,-537.2966365723912,766.7519492208974,537.3381947756156,6.773680748976612,7.3560240317857275,73.49637289163087,-0.1332973009989553,0.29949184838756876,-0.1333149839034899,0.2994978537824402,0.10200000000000001,29
closed_form,0.0001,0.001,0.001,500,,,,1.0,/shared/home/mauro.diaz/work/FOGAS/data/datasets_clean/generalization/10grid_tabular_new.csv,100,50,42,cuda:7,ok,,8.993851335020736,0.0,-1.6694387552374277,-1.6983711815188511,1.8951520596374167,0.0,-3.125764,-3.1257640000000007,3.0551629453111455,559.398380709397,-559.398380709397,784.0031195678987,559.8894966151267,6.69497756460426,7.890491259307316,74.17165628735044,-0.13693336248713506,0.3051773028236814,-0.1371359156639884,0.30524726996953,0.10200000000000001,91
closed_form,0.0001,0.0003,0.001,3000,,,,1.0,/shared/home/mauro.diaz/work/FOGAS/data/datasets_clean/generalization/10grid_tabular_new.csv,100,50,42,cuda:6,ok,,26.155455974978395,0.0,-2.005945019677813,-2.033507736119498,2.3414591695005096,0.0,-3.125764,-3.1257640000000007,3.0551629453111455,730.687624919094,-730.687624919094,918.983721455827,730.7569511623878,6.135580987868046,12.866506804479805,51.07657699898788,-0.15422266250739924,0.3497965473918194,-0.15424602234561685,0.34980606633002076,0.10200000000000001,65
closed_form,0.0001,0.001,0.001,1000,,,,1.0,/shared/home/mauro.diaz/work/FOGAS/data/datasets_clean/generalization/10grid_tabular_new.csv,100,50,42,cuda:0,ok,,5.105191646958701,0.0,-2.034289188449007,-2.0838596230075117,2.4169021842168226,0.0,-3.125764,-3.1257640000000007,3.0551629453111455,763.8493086573276,-763.8493086573276,945.9761217506348,764.0205431373655,6.032504929351808,14.243377251121212,42.984244052841,-0.15598949925252578,0.3583879503485999,-0.15604543692385142,0.3584113772648976,0.10200000000000001,90
closed_form,0.0001,0.0001,0.001,10000,,,,1.0,/shared/home/mauro.diaz/work/FOGAS/data/datasets_clean/generalization/10grid_tabular_new.csv,100,50,42,cuda:5,ok,,54.83474219898926,0.0,-2.059805839462067,-2.0820969964976173,2.386423798773073,0.0,-3.125764,-3.1257640000000007,3.0551629453111455,745.3261900743786,-745.3261900743786,931.1465513331327,745.3485294121663,6.095867812230945,13.465497287384455,46.39525218548091,-0.1538163494639868,0.3541334808824883,-0.15382387984259782,0.3541365181708542,0.10200000000000001,38
closed_form,0.0001,0.003,0.001,500,,,,1.0,/shared/home/mauro.diaz/work/FOGAS/data/datasets_clean/generalization/10grid_tabular_new.csv,100,50,42,cuda:2,ok,,9.176013972959481,0.0,-2.1358402443084437,-2.190600116518993,2.563864485527799,0.0,-3.125764,-3.1257640000000007,2.9909952733248613,827.7411621038568,-827.7411621038568,999.1202862038392,827.9225068790405,5.851457584650147,18.11946798295859,23.426752614664125,-0.1559994438925393,0.3757888824741428,-0.1560571792315628,0.375813166951456,0.10200000000000001,126
closed_form,0.0001,0.0003,0.001,5000,,,,1.0,/shared/home/mauro.diaz/work/FOGAS/data/datasets_clean/generalization/10grid_tabular_new.csv,100,50,42,cuda:7,ok,,21.86473042005673,0.0,-2.152114727671041,-2.196628579592194,2.565885544506343,0.0,-3.125764,-3.1257640000000007,2.9909952733248613,828.997648428131,-828.997648428131,1000.2464233055152,829.0203862204866,5.8519404830368655,18.11578994979536,22.51162600506741,-0.15571357280338283,0.3762415420200863,-0.1557208812442835,0.37624456062498407,0.10200000000000001,64
closed_form,0.0001,0.001,0.001,3000,,,,1.0,/shared/home/mauro.diaz/work/FOGAS/data/datasets_clean/generalization/10grid_tabular_new.csv,100,50,42,cuda:1,ok,,25.51471512101125,0.0,-2.218650071697595,-2.2624178869057396,2.6754907755715456,0.0,-3.125764,-3.1257640000000007,2.9909952733248613,875.7663701300313,-875.7663701300313,1039.9603240328343,875.7777509827846,5.73031540231512,25.054499899088842,6.960472544858718,-0.1529847448278309,0.3895560064726142,-0.15298852925237397,0.3895574417421316,0.10200000000000001,100
closed_form,0.0001,0.003,0.001,1000,,,,1.0,/shared/home/mauro.diaz/work/FOGAS/data/datasets_clean/generalization/10grid_tabular_new.csv,100,50,42,cuda:3,ok,,5.115278268000111,0.0,-2.2217925270363112,-2.256919692410407,2.667072971754126,0.0,-3.125764,-3.1257640000000007,2.9909952733248613,872.9470403073373,-872.9470403073373,1037.535423634993,872.9785737523498,5.736843206549108,24.372753444571217,7.98193045649761,-0.15336138068605823,0.3886832054359298,-0.15337181245429976,0.3886872021399387,0.10200000000000001,125
closed_form,0.0001,0.01,0.001,500,,,,1.0,/shared/home/mauro.diaz/work/FOGAS/data/datasets_clean/generalization/10grid_tabular_new.csv,100,50,42,cuda:5,ok,,6.542760170996189,0.0,-2.228315515950235,-2.277859577685144,2.7029392452604686,0.0,-3.125764,-3.1257640000000007,2.9909952733248613,885.237304887208,-885.237304887208,1048.1509708919336,885.2654167191638,5.707636186246804,28.69454502942913,3.7222329313860336,-0.15175446919480362,0.39245761969980925,-0.15176410500196522,0.3924610566417773,0.10200000000000001,161
closed_form,0.0001,0.0003,0.001,10000,,,,1.0,/shared/home/mauro.diaz/work/FOGAS/data/datasets_clean/generalization/10grid_tabular_new.csv,100,50,42,cuda:0,ok,,56.011394699977245,0.0,-2.2369218952349446,-2.2801255337107063,2.705253685149197,0.0,-3.125764,-3.1257640000000007,2.9909952733248613,885.0090622033591,-885.0090622033591,1048.0295899446744,885.0123455826925,5.709942983287694,28.29332820330569,3.65957239852768,-0.15151126366719217,0.3924934258567968,-0.15151237271659487,0.3924938342808567,0.10200000000000001,74
closed_form,0.0001,0.001,0.001,5000,,,,1.0,/shared/home/mauro.diaz/work/FOGAS/data/datasets_clean/generalization/10grid_tabular_new.csv,100,50,42,cuda:2,ok,,21.599094823002815,0.0,-2.241755564955148,-2.285739269001002,2.717124452749017,0.0,-3.125764,-3.1257640000000007,2.9909952733248613,889.5888329984217,-889.5888329984217,1051.9252777066804,889.5917833463807,5.697955674806528,31.54858957369719,2.214131033081028,-0.1510151208682243,0.39384913400706467,-0.1510161435046355,0.3938494909981963,0.10200000000000001,98
closed_form,0.0001,0.01,0.001,1000,,,,1.0,/shared/home/mauro.diaz/work/FOGAS/data/datasets_clean/generalization/10grid_tabular_new.csv,100,50,42,cuda:6,ok,,5.395083084004,0.0,-2.2435633714513914,-2.2899786807565583,2.7258977523852383,0.0,-3.125764,-3.1257640000000007,2.9909952733248613,892.3622083829588,-892.3622083829588,1054.352448017395,892.3674686572033,5.69183589644311,34.80071456593764,1.2763431084432313,-0.15054071747699968,0.39473392680632335,-0.15054258154272596,0.39473454851042655,0.10200000000000001,160
closed_form,0.0001,0.003,0.001,3000,,,,1.0,/shared/home/mauro.diaz/work/FOGAS/data/datasets_clean/generalization/10grid_tabular_new.csv,100,50,42,cuda:4,ok,,26.798729016969446,0.0,-2.2441037121384606,-2.2906779580432266,2.727324166699238,0.0,-3.125764,-3.1257640000000007,2.9909952733248613,892.7759831226099,-892.7759831226099,1054.713180726665,892.7780138558437,5.6909606723438415,35.48301483363989,1.1367339206206653,-0.1504610576595854,0.39486909901399114,-0.15046177698596033,0.3948693392010022,0.10200000000000001,134
closed_form,0.0001,0.003,0.001,5000,,,,1.0,/shared/home/mauro.diaz/work/FOGAS/data/datasets_clean/generalization/10grid_tabular_new.csv,100,50,42,cuda:5,ok,,21.83533556899056,0.0,-2.251934712202202,-2.2947305347121545,2.7360238247619346,0.0,-3.125764,-3.1257640000000007,2.9909952733248613,895.0945552219994,-895.0945552219994,1056.781351811553,895.0950390186562,5.686586195476101,42.52326816791666,0.33351280127160204,-0.1499381887467407,0.3956543777794352,-0.1499383637432202,0.39565443373987663,0.10200000000000001,133
closed_form,0.0001,0.01,0.001,5000,,,,1.0,/shared/home/mauro.diaz/work/FOGAS/data/datasets_clean/generalization/10grid_tabular_new.csv,100,50,42,cuda:0,ok,,20.684968318033498,0.0,-2.2553784498822025,-2.2964813989609056,2.7393209331331154,0.0,-3.125764,-3.1257640000000007,2.9909952733248613,895.9384422662714,-895.9384422662714,1057.5239286388598,895.9385193341676,5.6848115061924815,53.598977578952535,0.04912731538105613,-0.149767541753753,0.3959322005175983,-0.14976757055309398,0.3959322090887603,0.10200000000000001,168
closed_form,0.0001,0.01,0.001,3000,,,,1.0,/shared/home/mauro.diaz/work/FOGAS/data/datasets_clean/generalization/10grid_tabular_new.csv,100,50,42,cuda:7,ok,,27.71735244197771,0.0,-2.2553784498822025,-2.2957106468218083,2.7379919946287123,0.0,-3.125764,-3.1257640000000007,2.9909952733248613,895.5542314006426,-895.5542314006426,1057.197187236473,895.5545555545166,5.68581800063907,46.2862252392844,0.17302946116988782,-0.14981869293514968,0.3958157917144805,-0.1498188113664516,0.39581582878262467,0.10200000000000001,170
closed_form,0.0001,0.003,0.001,10000,,,,1.0,/shared/home/mauro.diaz/work/FOGAS/data/datasets_clean/generalization/10grid_tabular_new.csv,100,50,42,cuda:6,ok,,54.83727241499582,0.0,-2.2553784498822025,-2.296729350164587,2.7388997127943697,0.0,-3.125764,-3.1257640000000007,2.9909952733248613,896.0751476760885,-896.0751476760885,1057.592671001727,896.0751824655117,5.683616604525949,57.70354645668012,0.025059781996680474,-0.1498628724692749,0.3959306562555622,-0.14986288512625584,0.39593066025154144,0.10200000000000001,143
closed_form,0.0001,0.001,0.001,10000,,,,1.0,/shared/home/mauro.diaz/work/FOGAS/data/datasets_clean/generalization/10grid_tabular_new.csv,100,50,42,cuda:3,ok,,58.850731101993006,0.0,-2.2553784498822025,-2.2956747589734334,2.7378835252190674,0.0,-3.125764,-3.1257640000000007,2.9909952733248613,895.4884661060487,-895.4884661060487,1057.1422095340524,895.4887076128908,5.6860091790492495,45.54442551181093,0.19297393260237974,-0.14982215276734162,0.395797866537875,-0.14982223992802104,0.3957978945624813,0.10200000000000001,109
closed_form,0.0001,0.0001,1e-05,500,,,,1.0,/shared/home/mauro.diaz/work/FOGAS/data/datasets_clean/generalization/10grid_tabular_new.csv,100,50,42,cuda:7,ok,,4.824062624014914,0.0,-1.1648760222933754,-1.2476127612048997,1.028672467639098,0.0,-3.6244,-3.6244000000000005,3.237730732618746,2.7021453166309226,-2.7021453166309226,26.261079176926145,2.7062238709517215,21.704771505811536,0.7469172914792417,5.411449879020558,-0.012396458130566704,0.020214791305385876,-0.012422913760048957,0.020218728189465855,0.10200000000000001,11
closed_form,0.0001,0.0001,1e-06,500,,,,1.0,/shared/home/mauro.diaz/work/FOGAS/data/datasets_clean/generalization/10grid_tabular_new.csv,100,50,42,cuda:2,ok,,11.11506509501487,0.0,-1.1648760222933754,-1.2472573187308167,1.029068593232098,0.0,-3.6244,-3.6244000000000005,3.232327325748054,-0.0751104886899579,0.0751104886899579,2.8429156115943757,-0.0746461104383849,24.15600017400547,0.742040090537961,0.6011323459316702,-0.001451632233039332,0.0027000606380407372,-0.0014774289388371283,0.0027032857890667466,0.10200000000000001,6
closed_form,0.0001,0.0001,1e-05,1000,,,,1.0,/shared/home/mauro.diaz/work/FOGAS/data/datasets_clean/generalization/10grid_tabular_new.csv,100,50,42,cuda:0,ok,,6.267959207005333,0.0,-1.233930582153636,-1.321132470401092,1.1158190328642843,0.0,-3.6244,-3.6244000000000005,3.237730732618746,3.0210660844772,-3.0210660844772,28.474269998124353,3.025864372074722,22.560321640459662,1.547189848010631,5.971942914096576,-0.013103549859288443,0.021345054924519987,-0.013132686580199024,0.02134962997622453,0.10200000000000001,12
closed_form,0.0001,0.0001,1e-06,1000,,,,1.0,/shared/home/mauro.diaz/work/FOGAS/data/datasets_clean/generalization/10grid_tabular_new.csv,100,50,42,cuda:3,ok,,14.86990730598336,0.0,-1.2428390948386174,-1.3203549652889282,1.1166326898602108,0.0,-3.6244,-3.6244000000000005,3.232327325748054,-0.07824504877277838,0.07824504877277838,3.0908520311288195,-0.07769695627230243,25.173593257225406,1.536046853153915,0.6617785091321033,-0.0015286006329477747,0.0028011838464444367,-0.0015571741105958586,0.0028050355182181164,0.10200000000000001,8
closed_form,0.0001,0.0003,1e-05,500,,,,1.0,/shared/home/mauro.diaz/work/FOGAS/data/datasets_clean/generalization/10grid_tabular_new.csv,100,50,42,cuda:2,ok,,9.45180998503929,0.0,-1.3676316855299187,-1.412034828069189,1.2188854990530327,0.0,-3.6244,-3.6244000000000005,3.237730732618746,3.402997118304527,-3.402997118304527,31.101389143661844,3.420133400009697,23.52923957277504,2.3970977421664523,6.563900223951608,-0.013867690510275565,0.02264726230942639,-0.01396483430455504,0.02266323949249019,0.10200000000000001,45
closed_form,0.0001,0.0003,1e-06,500,,,,1.0,/shared/home/mauro.diaz/work/FOGAS/data/datasets_clean/generalization/10grid_tabular_new.csv,100,50,42,cuda:5,ok,,9.247590087994467,0.0,-1.3733253849259581,-1.4107138461856568,1.219671653071509,0.0,-3.6244,-3.6244000000000005,3.232327325748054,-0.0819567776192,0.0819567776192,3.3866807656249702,-0.07991995678694984,26.33097310169877,2.385655323635524,0.7258236219137302,-0.001613537194568036,0.002929880468211126,-0.0017095502040161792,0.002945008062996391,0.10200000000000001,42
closed_form,0.0001,0.0001,0.0001,3000,,,,1.0,/shared/home/mauro.diaz/work/FOGAS/data/datasets_clean/generalization/10grid_tabular_new.csv,100,50,42,cuda:6,ok,,25.300324645009823,0.0,-1.608485848950708,-1.6525006583526007,1.5534720078179691,0.0,-3.6244,-3.6244000000000005,3.2052273857592666,91.5038985665992,-91.5038985665992,228.64553892782035,91.53636284019115,16.55953961241853,4.670114619318052,43.59078449246501,-0.06958244397928387,0.11607810547774589,-0.06961426152793701,0.11608699558776558,0.10200000000000001,25
closed_form,0.0001,0.0003,0.0001,1000,,,,1.0,/shared/home/mauro.diaz/work/FOGAS/data/datasets_clean/generalization/10grid_tabular_new.csv,100,50,42,cuda:0,ok,,5.808804770989809,0.0,-1.6407309948852682,-1.670224754890927,1.5783607006714755,0.0,-3.6244,-3.6244000000000005,3.2052273857592666,93.44399864053064,-93.44399864053064,231.7119658427595,93.55111139143202,16.622927206200924,4.848854447971625,44.13648230592395,-0.07030289211929867,0.11730944811506834,-0.07040729314381083,0.11733813931115046,0.10200000000000001,50
closed_form,0.0001,0.0001,1e-05,3000,,,,1.0,/shared/home/mauro.diaz/work/FOGAS/data/datasets_clean/generalization/10grid_tabular_new.csv,100,50,42,cuda:1,ok,,27.359105736017227,0.0,-1.6690530918367015,-1.7399296384975402,1.5707459957640193,0.0,-3.6244,-3.6244000000000005,3.237730732618746,4.846123836415996,-4.846123836415996,40.73690902438388,4.853380727535155,26.78937412365161,4.869467672910895,8.131286692005515,-0.016109690553514324,0.027200365643968064,-0.016143672372605587,0.02720690086869545,0.10200000000000001,17
closed_form,0.0001,0.0001,1e-06,3000,,,,1.0,/shared/home/mauro.diaz/work/FOGAS/data/datasets_clean/generalization/10grid_tabular_new.csv,100,50,42,cuda:4,ok,,30.62859706801828,0.0,-1.682831118994317,-1.7372337120116994,1.5702767722817412,0.0,-3.6244,-3.6244000000000005,3.237730732618746,-0.09180962677650875,0.09180962677650875,4.485455467085366,-0.09096196754607593,30.25365245596453,4.911410880303446,0.8977728981846835,-0.0018787267335467095,0.0034801750662367113,-0.0019127479132939025,0.0034860342204928825,0.10200000000000001,14
closed_form,0.0001,0.0003,1e-06,1000,,,,1.0,/shared/home/mauro.diaz/work/FOGAS/data/datasets_clean/generalization/10grid_tabular_new.csv,100,50,42,cuda:6,ok,,5.898905674985144,0.0,-1.7207654827029935,-1.7601507857234184,1.598631222309616,0.0,-3.6244,-3.6244000000000005,3.237730732618746,-0.09113251513146746,0.09113251513146746,4.579187363141242,-0.08816801723510428,30.55275889466071,5.1564781531010375,0.9139618145964803,-0.0019045607011983743,0.0035477404491917833,-0.002018258516992726,0.0035685069119107907,0.10200000000000001,40
closed_form,0.0001,0.0003,1e-05,1000,,,,1.0,/shared/home/mauro.diaz/work/FOGAS/data/datasets_clean/generalization/10grid_tabular_new.csv,100,50,42,cuda:3,ok,,5.66729408496758,0.0,-1.7278435341733112,-1.7636069606077058,1.598335790616969,0.0,-3.6244,-3.6244000000000005,3.237730732618746,4.986236014627206,-4.986236014627206,41.48806035822492,5.010498583011711,27.01020613590841,5.099195418031561,8.246226522562623,-0.01629397347076886,0.027609872089710094,-0.016406629087590874,0.027631039456855036,0.10200000000000001,47
closed_form,0.0001,0.0001,0.0001,5000,,,,1.0,/shared/home/mauro.diaz/work/FOGAS/data/datasets_clean/generalization/10grid_tabular_new.csv,100,50,42,cuda:7,ok,,21.7186422230443,0.0,-2.0694718430047048,-2.1162376231893223,2.001196712739774,0.0,-3.6244,-3.6244000000000005,3.2052273857592666,132.0892759555737,-132.0892759555737,296.23989363582757,132.1227836615499,18.11723543890059,7.729512313841356,47.808502671611315,-0.08037892262864262,0.14133424128446695,-0.08040614712606277,0.14134246367575568,0.10200000000000001,24
closed_form,0.0001,0.001,0.0001,500,,,,1.0,/shared/home/mauro.diaz/work/FOGAS/data/datasets_clean/generalization/10grid_tabular_new.csv,100,50,42,cuda:2,ok,,6.3062365189543925,0.0,-2.1497665398668637,-2.185338970316479,2.084138931004878,0.0,-3.6244,-3.6244000000000005,3.2052273857592666,140.85258856474033,-140.85258856474033,310.3769408074198,141.2402365515519,18.392210539022646,8.422548570644457,48.09853955162765,-0.08253939833659202,0.14620717202396172,-0.08284609190136533,0.14629881900349956,0.10200000000000001,86
closed_form,0.0001,0.0001,1e-05,5000,,,,1.0,/shared/home/mauro.diaz/work/FOGAS/data/datasets_clean/generalization/10grid_tabular_new.csv,100,50,42,cuda:2,ok,,21.038201302988455,0.0,-2.159022104012318,-2.198375842566725,2.0320825989855216,0.0,-3.6244,-3.6244000000000005,3.237730732618746,7.425994441191188,-7.425994441191188,55.99678165611336,7.433656561466549,31.16508466044872,7.946336998729333,9.026338646954201,-0.018364587340376822,0.03443709625502064,-0.018394574636345556,0.034443344333204715,0.10200000000000001,15
closed_form,0.0001,0.0001,1e-06,5000,,,,1.0,/shared/home/mauro.diaz/work/FOGAS/data/datasets_clean/generalization/10grid_tabular_new.csv,100,50,42,cuda:5,ok,,21.131720516015776,0.0,-2.159022104012318,-2.1952979402710318,2.032423562760124,0.0,-3.6244,-3.6244000000000005,3.237730732618746,-0.08870948623812003,0.08870948623812003,6.287341654713749,-0.08777395673716365,35.707465918070724,8.03417761500727,1.0221434611327933,-0.002175589460104991,0.004542071388591253,-0.0022061451872280014,0.004547961470681321,0.10200000000000001,13
closed_form,0.0001,0.001,1e-06,500,,,,1.0,/shared/home/mauro.diaz/work/FOGAS/data/datasets_clean/generalization/10grid_tabular_new.csv,100,50,42,cuda:0,ok,,6.812615201983135,0.0,-2.19105290214074,-2.2675480015760083,2.126803751793522,0.0,-3.6244,-3.6244000000000005,3.237730732618746,-0.07165553709218209,0.07165553709218209,6.801100350389548,-0.05885126330829124,37.040387723936796,8.92086182493116,1.0552611941329457,-0.002263433016471338,0.005003943603866889,-0.0026186557871820688,0.005086205785364434,0.10200000000000001,75
closed_form,0.0001,0.001,1e-05,500,,,,1.0,/shared/home/mauro.diaz/work/FOGAS/data/datasets_clean/generalization/10grid_tabular_new.csv,100,50,42,cuda:5,ok,,6.388483833987266,0.0,-2.201786090614629,-2.273353745259909,2.123002453989078,0.0,-3.6244,-3.6244000000000005,3.237730732618746,8.314580609369614,-8.314580609369614,59.6667436788355,8.407006752218152,32.01866234764262,8.779088339918296,9.19055634940587,-0.018879178773868816,0.03668410584267056,-0.019222434917832588,0.03675776109942234,0.10200000000000001,79
closed_form,0.0001,0.0003,0.0001,3000,,,,1.0,/shared/home/mauro.diaz/work/FOGAS/data/datasets_clean/generalization/10grid_tabular_new.csv,100,50,42,cuda:1,ok,,23.882689403020777,0.0,-2.7996070173619376,-2.8278412085737483,2.6093696550835612,0.0,-3.6244,-3.6244000000000005,3.2052273857592666,202.71779840157777,-202.71779840157777,415.20509179066755,202.77253037963825,20.612256616442036,13.653081331950439,33.279207204659784,-0.0895226304155467,0.18042136656473123,-0.08956178968816693,0.18043226755751382,0.10200000000000001,58
closed_form,0.0001,0.0003,1e-06,3000,,,,1.0,/shared/home/mauro.diaz/work/FOGAS/data/datasets_clean/generalization/10grid_tabular_new.csv,100,50,42,cuda:7,ok,,22.32996171299601,0.0,-2.8552367654719353,-2.8732243527056016,2.6760444042625906,0.0,-3.6244,-3.6244000000000005,3.237730732618746,-0.01748178531415867,0.01748178531415867,9.913510591440106,-0.01579402403619451,44.562999484945585,14.195709025450197,0.7675255977267484,-0.002418776962413997,0.00687299530583593,-0.0024676158997729543,0.006880233701236518,0.10200000000000001,49
closed_form,0.0001,0.0003,1e-05,3000,,,,1.0,/shared/home/mauro.diaz/work/FOGAS/data/datasets_clean/generalization/10grid_tabular_new.csv,100,50,42,cuda:4,ok,,24.830953355005477,0.0,-2.865597467215241,-2.8810232669080063,2.6689470986773856,0.0,-3.6244,-3.6244000000000005,3.237730732618746,13.496233519859427,-13.496233519859427,84.47425908430235,13.509623892310797,37.67350134829295,14.051607417697369,6.699212430511528,-0.019921028158893003,0.04849720935922322,-0.01996767126016081,0.04850564344705612,0.10200000000000001,54
closed_form,0.0001,0.0001,0.0001,10000,,,,1.0,/shared/home/mauro.diaz/work/FOGAS/data/datasets_clean/generalization/10grid_tabular_new.csv,100,50,42,cuda:0,ok,,58.16600563697284,0.0,-2.9244123056612277,-2.919752012826122,2.6709244296282555,0.0,-3.6244,-3.6244000000000005,3.2052273857592666,208.7698287414232,-208.7698287414232,425.82235934427695,208.78754323327775,20.83433781577899,14.215746163773808,30.439070144555053,-0.0889278739300941,0.18403488946899813,-0.08894068455922656,0.18403832443788543,0.10200000000000001,34
closed_form,0.0001,0.001,0.0001,1000,,,,1.0,/shared/home/mauro.diaz/work/FOGAS/data/datasets_clean/generalization/10grid_tabular_new.csv,100,50,42,cuda:3,ok,,4.994414590008091,0.0,-2.9442246019468574,-2.940291986848337,2.7026512267267777,0.0,-3.6244,-3.6244000000000005,3.2052273857592666,215.54685190409168,-215.54685190409168,436.2186639678777,215.68477166369712,21.001613857233952,15.165178557779177,28.282462896543702,-0.089875561081,0.18722970273261347,-0.08997412873670428,0.18725602368202246,0.10200000000000001,85
closed_form,0.0001,0.0001,1e-05,10000,,,,1.0,/shared/home/mauro.diaz/work/FOGAS/data/datasets_clean/generalization/10grid_tabular_new.csv,100,50,42,cuda:3,ok,,50.457930253003724,0.0,-2.9777604829100337,-2.9706313865352807,2.7270279332106324,0.0,-3.6244,-3.6244000000000005,3.237730732618746,13.676845331929497,-13.676845331929497,86.60412147545739,13.68123367792724,38.189759831014946,14.46155069619337,6.284284887837812,-0.019772240514818108,0.048942717495723764,-0.01978784736485496,0.0489453783314174,0.10200000000000001,28
closed_form,0.0001,0.0001,1e-06,10000,,,,1.0,/shared/home/mauro.diaz/work/FOGAS/data/datasets_clean/generalization/10grid_tabular_new.csv,100,50,42,cuda:6,ok,,48.27429974603001,0.0,-2.980730511915668,-2.971048590639979,2.730359393687623,0.0,-3.6244,-3.6244000000000005,3.237730732618746,-0.030976453080150013,0.030976453080150013,10.099315689093014,-0.030422954908064348,45.01052908820575,14.532078719306206,0.7284194463431485,-0.002399054930201357,0.006823476114681704,-0.0024153773176300215,0.0068258470642172915,0.10200000000000001,22
closed_form,0.0001,0.001,1e-06,1000,,,,1.0,/shared/home/mauro.diaz/work/FOGAS/data/datasets_clean/generalization/10grid_tabular_new.csv,100,50,42,cuda:1,ok,,4.81413553096354,0.0,-3.017005235480941,-2.978426230692365,2.776265048746716,0.0,-3.6244,-3.6244000000000005,3.237730732618746,0.003343302581760965,-0.003343302581760965,10.620600366589377,0.007702394846811456,46.07146182126755,15.926848756100474,0.6460869843865089,-0.002424872738752786,0.007310863160827316,-0.0025509334748357246,0.007327684912094749,0.10200000000000001,76
closed_form,0.0001,0.001,1e-05,1000,,,,1.0,/shared/home/mauro.diaz/work/FOGAS/data/datasets_clean/generalization/10grid_tabular_new.csv,100,50,42,cuda:6,ok,,5.1156938539934345,0.0,-3.019519317254926,-2.9910063140384526,2.767193760496469,0.0,-3.6244,-3.6244000000000005,3.237730732618746,14.785182287318229,-14.785182287318229,89.89222010219372,14.819548692131988,38.748592596392896,15.720069039728953,5.704830358730029,-0.019940248723832262,0.051096429117969015,-0.02006016798672304,0.051116760162995926,0.10200000000000001,82
closed_form,0.0001,0.003,0.0001,500,,,,1.0,/shared/home/mauro.diaz/work/FOGAS/data/datasets_clean/generalization/10grid_tabular_new.csv,100,50,42,cuda:5,ok,,5.038122950005345,0.0,-3.2410004458053163,-3.220251703679177,2.907742578121902,0.0,-3.6244,-3.6244000000000005,3.2052273857592666,242.83884569862107,-242.83884569862107,480.059876183287,242.99377570121976,21.774576941105753,19.441362993478982,15.856412522216102,-0.0884193182235762,0.20192630707944756,-0.08853487301427075,0.20195240013488885,0.10200000000000001,120
closed_form,0.0001,0.003,1e-06,500,,,,1.0,/shared/home/mauro.diaz/work/FOGAS/data/datasets_clean/generalization/10grid_tabular_new.csv,100,50,42,cuda:3,ok,,6.413260602974333,0.0,-3.2641662056889165,-3.2522144767060994,2.9883014682438764,0.0,-3.6244,-3.6244000000000005,3.237730732618746,0.02320711383804369,-0.02320711383804369,11.98998306121658,0.02831087249348979,48.9114959671509,20.534482186129733,0.36782915589507836,-0.002384886955567606,0.007938247481855175,-0.002543192209081258,0.007953544423757052,0.10200000000000001,110
closed_form,0.0001,0.0003,0.0001,5000,,,,1.0,/shared/home/mauro.diaz/work/FOGAS/data/datasets_clean/generalization/10grid_tabular_new.csv,100,50,42,cuda:2,ok,,20.224176671996247,0.0,-3.2642500054053163,-3.2525065929801404,2.9197618166072044,0.0,-3.6244,-3.6244000000000005,3.2052273857592666,243.65928371263672,-243.65928371263672,481.4847266294297,243.67856279092035,21.808537953678112,19.53396948796404,15.363680754332487,-0.08808456637015481,0.20247839765371467,-0.08809912545652572,0.20248158507801345,0.10200000000000001,57
closed_form,0.0001,0.0003,1e-06,5000,,,,1.0,/shared/home/mauro.diaz/work/FOGAS/data/datasets_clean/generalization/10grid_tabular_new.csv,100,50,42,cuda:0,ok,,20.171667318965774,0.0,-3.285980562285317,-3.2782024726928656,2.997049143650486,0.0,-3.6244,-3.6244000000000005,3.237730732618746,0.01538756778555539,-0.01538756778555539,11.980965823819023,0.01600815978899567,48.91821269022413,20.34470284530414,0.3685610075148214,-0.0023771473426906086,0.007875061576550267,-0.002397058560206369,0.007876928070867853,0.10200000000000001,48
closed_form,0.0001,0.003,1e-05,500,,,,1.0,/shared/home/mauro.diaz/work/FOGAS/data/datasets_clean/generalization/10grid_tabular_new.csv,100,50,42,cuda:0,ok,,4.877216074964963,0.0,-3.2910508217289167,-3.266168765559617,2.979445399835874,0.0,-3.6244,-3.6244000000000005,3.237730732618746,17.137310244374365,-17.137310244374365,101.051224373115,17.17783492699411,40.95690160305608,20.239875410066144,3.272176433869537,-0.019586510812075294,0.05567540948006259,-0.01973992031679429,0.05569403502837053,0.10200000000000001,114
closed_form,0.0001,0.0003,1e-05,5000,,,,1.0,/shared/home/mauro.diaz/work/FOGAS/data/datasets_clean/generalization/10grid_tabular_new.csv,100,50,42,cuda:5,ok,,21.029771740024444,0.0,-3.3078155702853165,-3.28950851612713,2.9910122120470906,0.0,-3.6244,-3.6244000000000005,3.237730732618746,17.062966317931465,-17.062966317931465,101.21348691754048,17.068030470487855,41.02327545358918,20.118565955509524,3.2547446338275288,-0.019512340110102354,0.05557081910714544,-0.01953183105298381,0.05557308755424966,0.10200000000000001,53
closed_form,0.0001,0.003,0.0001,1000,,,,1.0,/shared/home/mauro.diaz/work/FOGAS/data/datasets_clean/generalization/10grid_tabular_new.csv,100,50,42,cuda:6,ok,,4.71212383400416,0.0,-3.460532752684,-3.466212058015488,3.0600832435534566,0.0,-3.6244,-3.6244000000000005,3.1460123163516664,264.69436498418224,-264.69436498418224,513.6818625880062,264.722561213375,22.314089780881996,26.703337586516216,5.457641500000822,-0.0860243606972852,0.2134572309326258,-0.08604855851160206,0.21346068711465346,0.10200000000000001,121
closed_form,0.0001,0.003,1e-06,1000,,,,1.0,/shared/home/mauro.diaz/work/FOGAS/data/datasets_clean/generalization/10grid_tabular_new.csv,100,50,42,cuda:4,ok,,4.778760246990714,0.0,-3.46345027192,-3.4880526704515327,3.1536119684750643,0.0,-3.6244,-3.6244000000000005,3.237730732618746,0.028990886607104027,-0.028990886607104027,13.057313956561467,0.029915989627618544,51.0438986891359,28.468460810852484,0.1285776205425644,-0.002322723764818803,0.008313999362604409,-0.0023586439799043817,0.008315057700833574,0.10200000000000001,112
closed_form,0.0001,0.003,1e-05,1000,,,,1.0,/shared/home/mauro.diaz/work/FOGAS/data/datasets_clean/generalization/10grid_tabular_new.csv,100,50,42,cuda:1,ok,,5.215707214025315,0.0,-3.46843663192,-3.5001669118510845,3.1517326830984107,0.0,-3.6244,-3.6244000000000005,3.2437345180306263,18.984691023004785,-18.984691023004785,110.15023442363255,18.99237234509507,42.698445423349426,27.965544618252988,1.1546468742175025,-0.019012673925320016,0.05911845560150772,-0.019047461039424708,0.059120255225351644,0.10200000000000001,117
closed_form,0.0001,0.001,0.0001,3000,,,,1.0,/shared/home/mauro.diaz/work/FOGAS/data/datasets_clean/generalization/10grid_tabular_new.csv,100,50,42,cuda:4,ok,,24.85991435102187,0.0,-3.47781597508,-3.4839921321558847,3.0686614054671697,0.0,-3.6244,-3.6244000000000005,3.1460123163516664,266.09988700017277,-266.09988700017277,515.8919669092348,266.1099881449184,22.350927442247954,27.615570038443533,4.774000661811167,-0.08585895212548735,0.21418124337436975,-0.08586745602298959,0.2141825504451626,0.10200000000000001,94
closed_form,0.0001,0.001,1e-06,3000,,,,1.0,/shared/home/mauro.diaz/work/FOGAS/data/datasets_clean/generalization/10grid_tabular_new.csv,100,50,42,cuda:2,ok,,22.152836926979944,0.0,-3.48266087992,-3.50674157674414,3.1650593390433013,0.0,-3.6244,-3.6244000000000005,3.237730732618746,0.027868365059580014,-0.027868365059580014,13.126087068908577,0.028218042956462297,51.18177219665634,29.280488958790674,0.11478853970697944,-0.002316569028626335,0.008324393966634844,-0.002331794604312758,0.008324360480779367,0.10200000000000001,84
closed_form,0.0001,0.001,1e-05,3000,,,,1.0,/shared/home/mauro.diaz/work/FOGAS/data/datasets_clean/generalization/10grid_tabular_new.csv,100,50,42,cuda:7,ok,,25.38369953405345,0.0,-3.496410111520001,-3.517510567592757,3.1630068474985777,0.0,-3.6244,-3.6244000000000005,3.2437345180306263,19.084344374215338,-19.084344374215338,110.69134170100219,19.087093718425237,42.80286158251033,28.806272227387606,1.0171650361137268,-0.01897168110314563,0.059301579864599975,-0.018984178172814198,0.05930221827690273,0.10200000000000001,89
closed_form,0.0001,0.01,0.0001,500,,,,1.0,/shared/home/mauro.diaz/work/FOGAS/data/datasets_clean/generalization/10grid_tabular_new.csv,100,50,42,cuda:0,ok,,4.700030688021798,0.0,-3.53329369156,-3.5345347452726474,3.1028353239845865,0.0,-3.6244,-3.6244000000000005,3.1460123163516664,270.97678297545644,-270.97678297545644,523.1072341786352,271.0017750023781,22.454641354350642,31.750445064414546,2.5266604144893186,-0.08508206187554276,0.21675315694570407,-0.08510379342191574,0.21675615589431937,0.10200000000000001,155
closed_form,0.0001,0.001,0.0001,5000,,,,1.0,/shared/home/mauro.diaz/work/FOGAS/data/datasets_clean/generalization/10grid_tabular_new.csv,100,50,42,cuda:5,ok,,20.903805662994273,0.0,-3.5393298115600005,-3.5333988573581876,3.116654516010988,0.0,-3.6244,-3.6244000000000005,3.1460123163516664,273.2815902900624,-273.2815902900624,526.4586317102462,273.28417615795803,22.502197917194138,35.45936256615813,1.5061151795397971,-0.08470797290903909,0.21796033075051255,-0.08471014819246128,0.21796067174803088,0.10200000000000001,93
closed_form,0.0001,0.0003,0.0001,10000,,,,1.0,/shared/home/mauro.diaz/work/FOGAS/data/datasets_clean/generalization/10grid_tabular_new.csv,100,50,42,cuda:3,ok,,55.898204052005894,0.0,-3.5409306955599997,-3.5309020449439656,3.1046849953573474,0.0,-3.6244,-3.6244000000000005,3.1460123163516664,270.95526471543155,-270.95526471543155,522.9906305399643,270.9581507207002,22.45139104016783,31.637105512071454,2.5807545293167578,-0.08495772360251737,0.2167922041496308,-0.08496014735912494,0.21679258554862837,0.10200000000000001,70
closed_form,0.0001,0.01,0.0001,1000,,,,1.0,/shared/home/mauro.diaz/work/FOGAS/data/datasets_clean/generalization/10grid_tabular_new.csv,100,50,42,cuda:1,ok,,4.605191241018474,0.0,-3.5453268280000003,-3.5441196594397977,3.1272768406453855,0.0,-3.6244,-3.6244000000000005,3.1460123163516664,274.77062551351423,-274.77062551351423,528.5768032798001,274.77522479294976,22.530050088131198,39.16208663300189,0.8552899276048457,-0.08442528282677318,0.21875189708885892,-0.08442921553386241,0.21875248181132723,0.10200000000000001,156
closed_form,0.0001,0.003,0.0001,3000,,,,1.0,/shared/home/mauro.diaz/work/FOGAS/data/datasets_clean/generalization/10grid_tabular_new.csv,100,50,42,cuda:7,ok,,23.550293493026402,0.0,-3.5498145520000004,-3.544939335763916,3.1285582100289364,0.0,-3.6244,-3.6244000000000005,3.1460123163516664,274.9889394884175,-274.9889394884175,528.8957697497262,274.9907111586865,22.534642601605192,40.14832459510915,0.7619411595763723,-0.08439955174923455,0.21886166862593276,-0.08440104724699833,0.21886190141615264,0.10200000000000001,128
closed_form,0.0001,0.01,1e-06,500,,,,1.0,/shared/home/mauro.diaz/work/FOGAS/data/datasets_clean/generalization/10grid_tabular_new.csv,100,50,42,cuda:6,ok,,4.80791930295527,0.0,-3.5548009120000006,-3.5605620047401016,3.204336261050171,0.0,-3.6244,-3.6244000000000005,3.2437345180306263,0.027706403961811676,-0.027706403961811676,13.393509580997284,0.028546943857756024,51.70099155168985,33.949229406839784,0.06014862657402505,-0.0022954682804129244,0.008391039683086658,-0.002329820066498712,0.00839163011100556,0.10200000000000001,145
closed_form,0.0001,0.0003,1e-06,10000,,,,1.0,/shared/home/mauro.diaz/work/FOGAS/data/datasets_clean/generalization/10grid_tabular_new.csv,100,50,42,cuda:1,ok,,51.317818796029314,0.0,-3.5597872720000003,-3.5636458288725725,3.2014503037950046,0.0,-3.6244,-3.6244000000000005,3.2437345180306263,0.025729059268131016,-0.025729059268131016,13.355580416900596,0.02583109266207234,51.63283707920478,32.889363794116946,0.06672495922257367,-0.002297618589044058,0.008370392680014768,-0.0023020329898392248,0.008370403580883324,0.10200000000000001,59
closed_form,0.0001,0.01,0.0001,5000,,,,1.0,/shared/home/mauro.diaz/work/FOGAS/data/datasets_clean/generalization/10grid_tabular_new.csv,100,50,42,cuda:3,ok,,20.65538482996635,0.0,-3.5619392800000003,-3.5577258650250885,3.1367604509671105,0.0,-3.6244,-3.6244000000000005,3.1460123163516664,276.4304327770822,-276.4304327770822,531.3656082561027,276.43049720829725,22.58030606735903,61.945119413633854,0.03352280557014179,-0.08442324236664915,0.2195104383500419,-0.08442329643574294,0.21951044690787092,0.10200000000000001,163
closed_form,0.0001,0.003,0.0001,10000,,,,1.0,/shared/home/mauro.diaz/work/FOGAS/data/datasets_clean/generalization/10grid_tabular_new.csv,100,50,42,cuda:1,ok,,49.486297541996464,0.0,-3.5619392800000003,-3.558127901734659,3.1370113451176724,0.0,-3.6244,-3.6244000000000005,3.1460123163516664,276.46631822649374,-276.46631822649374,531.4221457708793,276.4663467328283,22.581222244956138,66.99416761108732,0.0168551590979964,-0.08442056898637727,0.219527818520619,-0.08442059282148118,0.21952782234014914,0.10200000000000001,137
closed_form,0.0001,0.01,0.0001,3000,,,,1.0,/shared/home/mauro.diaz/work/FOGAS/data/datasets_clean/generalization/10grid_tabular_new.csv,100,50,42,cuda:2,ok,,25.615836555021815,0.0,-3.5643012400000003,-3.5571079752091417,3.136196305504321,0.0,-3.6244,-3.6244000000000005,3.1460123163516664,276.27384802638255,-276.27384802638255,531.0813371410509,276.2741341700989,22.574640771048912,53.1384099244625,0.11739066214875252,-0.08441136769556586,0.21944361803502327,-0.08441160876372297,0.2194436557025847,0.10200000000000001,164
closed_form,0.0001,0.001,0.0001,10000,,,,1.0,/shared/home/mauro.diaz/work/FOGAS/data/datasets_clean/generalization/10grid_tabular_new.csv,100,50,42,cuda:6,ok,,56.098149630008265,0.0,-3.5643012400000003,-3.556978961430903,3.136072578066768,0.0,-3.6244,-3.6244000000000005,3.1460123163516664,276.24689786875825,-276.24689786875825,531.0329824064163,276.2471106763275,22.57369583077121,52.497574380851525,0.13210255056079936,-0.08440940317400568,0.21943209152509469,-0.08440958052284342,0.21943212028600073,0.10200000000000001,105
closed_form,0.0001,0.01,1e-05,500,,,,1.0,/shared/home/mauro.diaz/work/FOGAS/data/datasets_clean/generalization/10grid_tabular_new.csv,100,50,42,cuda:3,ok,,5.08630921295844,0.0,-3.567398032,-3.568107426149339,3.2002873577309927,0.0,-3.6244,-3.6244000000000005,3.2437345180306263,19.4987220278907,-19.4987220278907,112.67454844748737,19.50520159954074,43.16696580672462,33.30485285233082,0.522974105967662,-0.0188297530052022,0.060045846297917836,-0.01885844481024471,0.06004763671047666,0.10200000000000001,150
closed_form,0.0001,0.0003,1e-05,10000,,,,1.0,/shared/home/mauro.diaz/work/FOGAS/data/datasets_clean/generalization/10grid_tabular_new.csv,100,50,42,cuda:6,ok,,51.50523994298419,0.0,-3.567398032,-3.568510053775219,3.1990895406709425,0.0,-3.6244,-3.6244000000000005,3.2437345180306263,19.44230579760779,-19.44230579760779,112.46277420472433,19.443097299614372,43.13227953751342,32.502328963718746,0.5741127494479249,-0.018828630071357745,0.05995220374457762,-0.01883220063938993,0.059952402895577406,0.10200000000000001,63
closed_form,0.0001,0.003,0.0001,5000,,,,1.0,/shared/home/mauro.diaz/work/FOGAS/data/datasets_clean/generalization/10grid_tabular_new.csv,100,50,42,cuda:0,ok,,20.049280220991932,0.0,-3.5692876,-3.556071652828075,3.136179612860076,0.0,-3.6244,-3.6244000000000005,3.1460123163516664,276.13333247632437,-276.13333247632437,530.7113996069162,276.13376641338874,22.564469113787162,48.72294229479668,0.22353561528928545,-0.08431818559562021,0.2194153626506695,-0.08431854771788727,0.21941542126396593,0.10200000000000001,127
closed_form,0.0001,0.001,1e-06,5000,,,,1.0,/shared/home/mauro.diaz/work/FOGAS/data/datasets_clean/generalization/10grid_tabular_new.csv,100,50,42,cuda:3,ok,,20.63913921697531,0.0,-3.5773707520000007,-3.587207489681248,3.220211674963389,0.0,-3.6244,-3.6244000000000005,3.2437345180306263,0.027502264232945883,-0.027502264232945883,13.494140866315808,0.02758559221726481,51.8971199087166,37.546547110495275,0.03615755790626999,-0.002287641636221121,0.008422003661986123,-0.0022910946429844864,0.008422059330426326,0.10200000000000001,83
closed_form,0.0001,0.001,1e-05,5000,,,,1.0,/shared/home/mauro.diaz/work/FOGAS/data/datasets_clean/generalization/10grid_tabular_new.csv,100,50,42,cuda:0,ok,,20.429632181010675,0.0,-3.586844836,-3.592190656888621,3.2177027234610276,0.0,-3.6244,-3.6244000000000005,3.2437345180306263,19.665615647660886,-19.665615647660886,113.50263398758517,19.666285443255305,43.32120694171155,36.99775681334086,0.31632772976930573,-0.018762330661036882,0.06034680561444368,-0.018765345246862467,0.0603469785308398,0.10200000000000001,88
closed_form,0.0001,0.01,1e-06,1000,,,,1.0,/shared/home/mauro.diaz/work/FOGAS/data/datasets_clean/generalization/10grid_tabular_new.csv,100,50,42,cuda:7,ok,,4.789212939038407,0.0,-3.5968175560000004,-3.6024654054495158,3.2306609889521574,0.0,-3.6244,-3.6244000000000005,3.2437345180306263,0.02778480913676118,-0.02778480913676118,13.564606047158707,0.027923071707465774,52.03207275412203,41.67472035687559,0.01965999168266008,-0.0022824304166561005,0.008444225478853228,-0.002287977358869875,0.008444371161321044,0.10200000000000001,147
closed_form,0.0001,0.003,1e-06,3000,,,,1.0,/shared/home/mauro.diaz/work/FOGAS/data/datasets_clean/generalization/10grid_tabular_new.csv,100,50,42,cuda:5,ok,,21.925611013022717,0.0,-3.5968175560000004,-3.605190061629981,3.2321210503912234,0.0,-3.6244,-3.6244000000000005,3.2437345180306263,0.02777091821481803,-0.02777091821481803,13.573437333906442,0.027824313560038172,52.049232502211616,42.64211260509016,0.01765638610764022,-0.0022816457129042024,0.008447605888746242,-0.002283797180132928,0.008447660224609244,0.10200000000000001,118
closed_form,0.0001,0.01,1e-05,1000,,,,1.0,/shared/home/mauro.diaz/work/FOGAS/data/datasets_clean/generalization/10grid_tabular_new.csv,100,50,42,cuda:4,ok,,4.688151759037282,0.0,-3.59868088,-3.606036733645379,3.2286462795226782,0.0,-3.6244,-3.6244000000000005,3.2437345180306263,19.790376557337858,-19.790376557337858,114.06714016329992,19.79153376868535,43.42248412852829,41.0172046649222,0.17449194937622028,-0.018715812654035182,0.06056914588124968,-0.01872118001983777,0.06056939827458058,0.10200000000000001,151
closed_form,0.0001,0.003,1e-05,3000,,,,1.0,/shared/home/mauro.diaz/work/FOGAS/data/datasets_clean/generalization/10grid_tabular_new.csv,100,50,42,cuda:2,ok,,24.493841830000747,0.0,-3.60130528,-3.608338329592906,3.230336143918615,0.0,-3.6244,-3.6244000000000005,3.2437345180306263,19.806810210080744,-19.806810210080744,114.14491819634493,19.807258231534757,43.43677243184861,42.019473534271334,0.15655830053776446,-0.01870836573502407,0.060598780727053415,-0.018710453981970243,0.06059887553440337,0.10200000000000001,124
closed_form,0.0001,0.003,1e-06,5000,,,,1.0,/shared/home/mauro.diaz/work/FOGAS/data/datasets_clean/generalization/10grid_tabular_new.csv,100,50,42,cuda:6,ok,,20.81592147698393,0.0,-3.6141648399999995,-3.619806527758714,3.2403697579951096,0.0,-3.6244,-3.6244000000000005,3.2437345180306263,0.026913752225656118,-0.026913752225656118,13.627913961714244,0.02692738930572436,52.15551087355682,51.31232279397307,0.005094632435921377,-0.0022778471615088262,0.008447176507637969,-0.0022786303420058752,0.008447127571261185,0.10200000000000001,119
closed_form,0.0001,0.003,1e-05,5000,,,,1.0,/shared/home/mauro.diaz/work/FOGAS/data/datasets_clean/generalization/10grid_tabular_new.csv,100,50,42,cuda:3,ok,,21.07766867603641,0.0,-3.6141648399999995,-3.619830429293842,3.2394380729980754,0.0,-3.6244,-3.6244000000000005,3.2437345180306263,19.908015234419913,-19.908015234419913,114.58927656755571,19.908116725899642,43.51578100911348,50.76562836413869,0.04524824808549183,-0.01866681248261663,0.060779582243575506,-0.01866727424246787,0.06077960745255225,0.10200000000000001,123
closed_form,0.0001,0.01,1e-05,3000,,,,1.0,/shared/home/mauro.diaz/work/FOGAS/data/datasets_clean/generalization/10grid_tabular_new.csv,100,50,42,cuda:5,ok,,22.88239970896393,0.0,-3.6141648399999995,-3.622005846278144,3.2411762156837796,0.0,-3.6244,-3.6244000000000005,3.2437345180306263,19.927468526699087,-19.927468526699087,114.67653293390566,19.927535391149647,43.53136743608131,55.217603704600094,0.023214466053637965,-0.018658853814903766,0.060814272711943354,-0.01865915997310028,0.060814288755681775,0.10200000000000001,159
closed_form,0.0001,0.001,1e-05,10000,,,,1.0,/shared/home/mauro.diaz/work/FOGAS/data/datasets_clean/generalization/10grid_tabular_new.csv,100,50,42,cuda:1,ok,,50.67213375499705,0.0,-3.6141648399999995,-3.6217320926555585,3.2408242025661282,0.0,-3.6244,-3.6244000000000005,3.2437345180306263,19.92205621305661,-19.92205621305661,114.66187589622534,19.92210761543403,43.52924724384545,54.30955567221603,0.0270201510333587,-0.018660716317096055,0.06080477874045713,-0.018660950343817293,0.06080479147730623,0.10200000000000001,99
closed_form,0.0001,0.001,1e-06,10000,,,,1.0,/shared/home/mauro.diaz/work/FOGAS/data/datasets_clean/generalization/10grid_tabular_new.csv,100,50,42,cuda:4,ok,,53.981117783056106,0.0,-3.6141648399999995,-3.6219425756696486,3.241780807989868,0.0,-3.6244,-3.6244000000000005,3.2437345180306263,0.026646934593975602,-0.026646934593975602,13.636870716567778,0.02665318434260666,52.17320678705723,54.87284560377786,0.0030525623771542405,-0.002277208118892709,0.008446399421943003,-0.0022774693057224598,0.008446403190687526,0.10200000000000001,95
closed_form,0.0001,0.01,1e-06,3000,,,,1.0,/shared/home/mauro.diaz/work/FOGAS/data/datasets_clean/generalization/10grid_tabular_new.csv,100,50,42,cuda:0,ok,,22.482951742014848,0.0,-3.61678924,-3.6223011820714994,3.2420303810910087,0.0,-3.6244,-3.6244000000000005,3.2437345180306263,0.026700909022834174,-0.026700909022834174,13.638808647812812,0.0267089920043182,52.17681411471669,55.92178714062542,0.002605108420094293,-0.0022770875933738346,0.008446743340458316,-0.0022774131794120844,0.008446751452862744,0.10200000000000001,153
closed_form,0.0001,0.01,1e-05,5000,,,,1.0,/shared/home/mauro.diaz/work/FOGAS/data/datasets_clean/generalization/10grid_tabular_new.csv,100,50,42,cuda:6,ok,,20.768551544984803,0.0,-3.6217756,-3.6237186793475877,3.242269448801429,0.0,-3.6244,-3.6244000000000005,3.2437345180306263,19.937507207231675,-19.937507207231675,114.7431758929483,19.937522328810356,43.544380478802985,64.06022770247564,0.0066286110526845195,-0.018655006057072605,0.060832188699028074,-0.01865507551838302,0.0608321922623563,0.10200000000000001,158
closed_form,0.0001,0.01,1e-06,5000,,,,1.0,/shared/home/mauro.diaz/work/FOGAS/data/datasets_clean/generalization/10grid_tabular_new.csv,100,50,42,cuda:1,ok,,20.981846841983497,0.0,-3.6217756,-3.62383305008862,3.243254588918502,0.0,-3.6244,-3.6244000000000005,3.2437345180306263,0.02674313886881563,-0.02674313886881563,13.64677361916958,0.026744943959387424,52.192008344592736,64.77279293175657,0.000744447511815028,-0.0022764377737817866,0.008449031864005885,-0.002276507067010761,0.008449034588321384,0.10200000000000001,154
closed_form,0.0001,0.003,1e-05,10000,,,,1.0,/shared/home/mauro.diaz/work/FOGAS/data/datasets_clean/generalization/10grid_tabular_new.csv,100,50,42,cuda:4,ok,,53.317518869997,0.0,-3.6217756,-3.624063327730485,3.2424939603754335,0.0,-3.6244,-3.6244000000000005,3.2437345180306263,19.93961680895455,-19.93961680895455,114.75637069259787,19.93962353789469,43.54692805576603,69.12007295942765,0.0033603496170375837,-0.018654101004675558,0.06083597865899304,-0.018654131795329747,0.06083598028130535,0.10200000000000001,135
closed_form,0.0001,0.01,1e-05,10000,,,,1.0,/shared/home/mauro.diaz/work/FOGAS/data/datasets_clean/generalization/10grid_tabular_new.csv,100,50,42,cuda:7,ok,,54.320138926035725,0.0,-3.6244,-3.6243504483980264,3.242704472346605,0.0,-3.6244,-3.6244000000000005,3.2437345180306263,19.941800628346222,-19.941800628346222,114.7678416311432,19.941801606761974,43.549061993200546,82.58424132938069,0.0004827883515694456,-0.018653191675469357,0.060839882682564295,-0.01865319617421274,0.060839882911888736,0.10200000000000001,169
closed_form,0.0001,0.01,1e-06,10000,,,,1.0,/shared/home/mauro.diaz/work/FOGAS/data/datasets_clean/generalization/10grid_tabular_new.csv,100,50,42,cuda:2,ok,,54.340230335015804,0.0,-3.6244,-3.6243595415137073,3.2436997269790218,0.0,-3.6244,-3.6244000000000005,3.2437345180306263,0.026602469651819782,-0.026602469651819782,13.649879791643368,0.026602587079624096,52.19823216271552,83.22825023643689,5.438684833390748e-05,-0.0022762589664548035,0.008447980015237245,-0.002276263455632919,0.008447980197349778,0.10200000000000001,165
closed_form,0.0001,0.003,1e-06,10000,,,,1.0,/shared/home/mauro.diaz/work/FOGAS/data/datasets_clean/generalization/10grid_tabular_new.csv,100,50,42,cuda:7,ok,,55.32685967400903,0.0,-3.6244,-3.624122600214787,3.24349331201919,0.0,-3.6244,-3.6244000000000005,3.2437345180306263,0.026684224155683445,-0.026684224155683445,13.648405131024937,0.026685271418166456,52.195248556945806,69.68646455331026,0.00038804053420827997,-0.0022763266444703815,0.008448687013678373,-0.002276392068027432,0.008448681793365373,0.10200000000000001,131
