problem,ablation,policy_optimizer,policy_gradient,alpha,eta,rho,T,theta_lambda,theta_lr,theta_inner_steps,reinforce_samples,fisher_damping,cg_iters,cg_tol,count,ok_count,failed_count,elapsed_seconds_mean,solver_success_rate_best,solver_success_rate_mean,solver_success_rate_std,solver_success_rate_sem,solver_success_rate_ci95,greedy_success_rate_best,greedy_success_rate_mean,greedy_success_rate_std,greedy_success_rate_sem,greedy_success_rate_ci95,solver_avg_reward_best,solver_avg_reward_mean,solver_avg_reward_std,solver_avg_reward_sem,solver_avg_reward_ci95,greedy_avg_reward_best,greedy_avg_reward_mean,greedy_avg_reward_std,greedy_avg_reward_sem,greedy_avg_reward_ci95
deterministic,adam_exact_baseline,adam,exact,0.001,0.0001,0.03,3000,1e-07,0.001,10,4,0.001,50,1e-10,5,5,0,118.83003707741155,1.0,1.0,0.0,0.0,0.0,1.0,1.0,0.0,0.0,0.0,0.9247000000000001,0.9247,1.1102230246251565e-16,4.965068306494546e-17,9.731533880729309e-17,0.9300000000000002,0.93,1.2412670766236366e-16,5.551115123125783e-17,1.0880185641326534e-16
deterministic,adam_reinforce_samples,adam,reinforce,0.001,0.0001,0.03,3000,1e-07,0.001,10,1,0.001,50,1e-10,5,5,0,488.9077806016081,1.0,1.0,0.0,0.0,0.0,1.0,1.0,0.0,0.0,0.0,0.9249,0.9239600000000001,0.0006804410334480867,0.000304302481094026,0.0005964328629442909,0.9300000000000002,0.93,1.2412670766236366e-16,5.551115123125783e-17,1.0880185641326534e-16
deterministic,adam_reinforce_samples,adam,reinforce,0.001,0.0001,0.03,3000,1e-07,0.001,10,2,0.001,50,1e-10,5,5,0,538.8116543174023,1.0,1.0,0.0,0.0,0.0,1.0,1.0,0.0,0.0,0.0,0.9254000000000002,0.9244800000000002,0.0007014271166700994,0.0003136877428272036,0.000614827975941319,0.9300000000000002,0.93,1.2412670766236366e-16,5.551115123125783e-17,1.0880185641326534e-16
deterministic,adam_reinforce_samples,adam,reinforce,0.001,0.0001,0.03,3000,1e-07,0.001,10,4,0.001,50,1e-10,5,5,0,349.2602470353944,1.0,1.0,0.0,0.0,0.0,1.0,1.0,0.0,0.0,0.0,0.9251,0.9243200000000001,0.0007259476565152052,0.00032465366161493335,0.0006363211767652693,0.9300000000000002,0.93,1.2412670766236366e-16,5.551115123125783e-17,1.0880185641326534e-16
deterministic,adam_reinforce_samples,adam,reinforce,0.001,0.0001,0.03,3000,1e-07,0.001,10,8,0.001,50,1e-10,5,5,0,1663.738832208782,1.0,1.0,0.0,0.0,0.0,1.0,1.0,0.0,0.0,0.0,0.9249000000000004,0.9239400000000002,0.0007503332592921363,0.0003355592347112385,0.0006576961000340274,0.9300000000000002,0.93,1.2412670766236366e-16,5.551115123125783e-17,1.0880185641326534e-16
deterministic,adam_reinforce_samples,adam,reinforce,0.001,0.0001,0.03,3000,1e-07,0.001,10,16,0.001,50,1e-10,5,5,0,2901.2887047033873,1.0,1.0,0.0,0.0,0.0,1.0,1.0,0.0,0.0,0.0,0.9257,0.9247,0.0006819090848492014,0.00030495901363949724,0.0005977196667334146,0.9300000000000002,0.93,1.2412670766236366e-16,5.551115123125783e-17,1.0880185641326534e-16
deterministic,adam_reinforce_samples,adam,reinforce,0.001,0.0001,0.03,3000,1e-07,0.001,10,32,0.001,50,1e-10,5,5,0,5974.114103105606,1.0,1.0,0.0,0.0,0.0,1.0,1.0,0.0,0.0,0.0,0.9244,0.9237400000000001,0.0007700649323271515,0.0003443835071544572,0.0006749916740227361,0.9300000000000002,0.93,1.2412670766236366e-16,5.551115123125783e-17,1.0880185641326534e-16
deterministic,adam_reinforce_samples,adam,reinforce,0.001,0.0001,0.03,3000,1e-07,0.001,10,64,0.001,50,1e-10,5,5,0,6765.702517069818,1.0,1.0,0.0,0.0,0.0,1.0,1.0,0.0,0.0,0.0,0.9253,0.9241600000000002,0.0010285912696499238,0.0004600000000000092,0.000901600000000018,0.9300000000000002,0.93,1.2412670766236366e-16,5.551115123125783e-17,1.0880185641326534e-16
deterministic,adam_reinforce_samples,adam,reinforce,0.001,0.0001,0.03,3000,1e-07,0.001,10,128,0.001,50,1e-10,5,5,0,9499.296800675791,1.0,0.998,0.004472135954999584,0.002000000000000002,0.003920000000000004,1.0,1.0,0.0,0.0,0.0,0.9250000000000004,0.9220600000000001,0.005965148782721238,0.002667695634812962,0.005228683444233406,0.9300000000000002,0.93,1.2412670766236366e-16,5.551115123125783e-17,1.0880185641326534e-16
deterministic,npg_exact_alpha_fisher,npg,exact,0.03,0.0001,0.03,3000,1e-07,0.001,10,4,1e-06,50,1e-10,5,5,0,466.946753552428,1.0,1.0,0.0,0.0,0.0,1.0,1.0,0.0,0.0,0.0,0.9204000000000001,0.9204000000000001,5.551115123125783e-17,2.482534153247273e-17,4.8657669403646546e-17,0.9300000000000002,0.93,1.2412670766236366e-16,5.551115123125783e-17,1.0880185641326534e-16
deterministic,npg_exact_alpha_fisher,npg,exact,0.03,0.0001,0.03,3000,1e-07,0.001,10,4,3e-06,50,1e-10,5,5,0,462.36493487479163,1.0,1.0,0.0,0.0,0.0,1.0,1.0,0.0,0.0,0.0,0.9218000000000002,0.9218000000000002,0.0,0.0,0.0,0.9300000000000002,0.93,1.2412670766236366e-16,5.551115123125783e-17,1.0880185641326534e-16
deterministic,npg_exact_alpha_fisher,npg,exact,0.03,0.0001,0.03,3000,1e-07,0.001,10,4,1e-05,50,1e-10,5,5,0,444.2329596631695,1.0,1.0,0.0,0.0,0.0,1.0,1.0,0.0,0.0,0.0,0.9220000000000002,0.9220000000000003,1.2412670766236366e-16,5.551115123125783e-17,1.0880185641326534e-16,0.9300000000000002,0.93,1.2412670766236366e-16,5.551115123125783e-17,1.0880185641326534e-16
deterministic,npg_exact_alpha_fisher,npg,exact,0.03,0.0001,0.03,3000,1e-07,0.001,10,4,3e-05,50,1e-10,5,5,0,433.8563681434025,1.0,1.0,0.0,0.0,0.0,1.0,1.0,0.0,0.0,0.0,0.9209000000000002,0.9209000000000002,0.0,0.0,0.0,0.9300000000000002,0.93,1.2412670766236366e-16,5.551115123125783e-17,1.0880185641326534e-16
deterministic,npg_exact_alpha_fisher,npg,exact,0.03,0.0001,0.03,3000,1e-07,0.001,10,4,0.0001,50,1e-10,5,5,0,445.7046515226131,1.0,1.0,0.0,0.0,0.0,1.0,1.0,0.0,0.0,0.0,0.9211000000000004,0.9211000000000003,5.551115123125783e-17,2.482534153247273e-17,4.8657669403646546e-17,0.9300000000000002,0.93,1.2412670766236366e-16,5.551115123125783e-17,1.0880185641326534e-16
deterministic,npg_exact_alpha_fisher,npg,exact,0.03,0.0001,0.03,3000,1e-07,0.001,10,4,0.0003,50,1e-10,5,5,0,434.67196170802924,1.0,1.0,0.0,0.0,0.0,1.0,1.0,0.0,0.0,0.0,0.9217000000000002,0.9217000000000002,0.0,0.0,0.0,0.9300000000000002,0.93,1.2412670766236366e-16,5.551115123125783e-17,1.0880185641326534e-16
deterministic,npg_exact_alpha_fisher,npg,exact,0.03,0.0001,0.03,3000,1e-07,0.001,10,4,0.001,50,1e-10,5,5,0,364.286669838801,1.0,1.0,0.0,0.0,0.0,1.0,1.0,0.0,0.0,0.0,0.9205000000000002,0.9205000000000002,0.0,0.0,0.0,0.9300000000000002,0.93,1.2412670766236366e-16,5.551115123125783e-17,1.0880185641326534e-16
deterministic,npg_exact_alpha_fisher,npg,exact,0.03,0.0001,0.03,3000,1e-07,0.001,10,4,0.003,50,1e-10,5,5,0,310.9953056758037,1.0,1.0,0.0,0.0,0.0,1.0,1.0,0.0,0.0,0.0,0.9199000000000004,0.9199000000000004,1.1102230246251565e-16,4.965068306494546e-17,9.731533880729309e-17,0.9300000000000002,0.93,1.2412670766236366e-16,5.551115123125783e-17,1.0880185641326534e-16
deterministic,npg_exact_alpha_fisher,npg,exact,0.1,0.0001,0.03,3000,1e-07,0.001,10,4,1e-06,50,1e-10,5,5,0,466.73675805400126,1.0,1.0,0.0,0.0,0.0,1.0,1.0,0.0,0.0,0.0,0.9225000000000004,0.9225000000000003,5.551115123125783e-17,2.482534153247273e-17,4.8657669403646546e-17,0.9300000000000002,0.93,1.2412670766236366e-16,5.551115123125783e-17,1.0880185641326534e-16
deterministic,npg_exact_alpha_fisher,npg,exact,0.1,0.0001,0.03,3000,1e-07,0.001,10,4,3e-06,50,1e-10,5,5,0,460.30650383279425,1.0,1.0,0.0,0.0,0.0,1.0,1.0,0.0,0.0,0.0,0.9237000000000002,0.9237000000000002,0.0,0.0,0.0,0.9300000000000002,0.93,1.2412670766236366e-16,5.551115123125783e-17,1.0880185641326534e-16
deterministic,npg_exact_alpha_fisher,npg,exact,0.1,0.0001,0.03,3000,1e-07,0.001,10,4,1e-05,50,1e-10,5,5,0,463.38853977201506,1.0,1.0,0.0,0.0,0.0,1.0,1.0,0.0,0.0,0.0,0.9232000000000002,0.9232000000000002,0.0,0.0,0.0,0.9300000000000002,0.93,1.2412670766236366e-16,5.551115123125783e-17,1.0880185641326534e-16
deterministic,npg_exact_alpha_fisher,npg,exact,0.1,0.0001,0.03,3000,1e-07,0.001,10,4,3e-05,50,1e-10,5,5,0,447.6787960245856,1.0,1.0,0.0,0.0,0.0,1.0,1.0,0.0,0.0,0.0,0.9236000000000001,0.9236000000000001,5.551115123125783e-17,2.482534153247273e-17,4.8657669403646546e-17,0.9300000000000002,0.93,1.2412670766236366e-16,5.551115123125783e-17,1.0880185641326534e-16
deterministic,npg_exact_alpha_fisher,npg,exact,0.1,0.0001,0.03,3000,1e-07,0.001,10,4,0.0001,50,1e-10,5,5,0,447.19565215440235,1.0,1.0,0.0,0.0,0.0,1.0,1.0,0.0,0.0,0.0,0.9239000000000002,0.9239,1.2412670766236366e-16,5.551115123125783e-17,1.0880185641326534e-16,0.9300000000000002,0.93,1.2412670766236366e-16,5.551115123125783e-17,1.0880185641326534e-16
deterministic,npg_exact_alpha_fisher,npg,exact,0.1,0.0001,0.03,3000,1e-07,0.001,10,4,0.0003,50,1e-10,5,5,0,435.621733006055,1.0,1.0,0.0,0.0,0.0,1.0,1.0,0.0,0.0,0.0,0.9230000000000002,0.9230000000000003,1.2412670766236366e-16,5.551115123125783e-17,1.0880185641326534e-16,0.9300000000000002,0.93,1.2412670766236366e-16,5.551115123125783e-17,1.0880185641326534e-16
deterministic,npg_exact_alpha_fisher,npg,exact,0.1,0.0001,0.03,3000,1e-07,0.001,10,4,0.001,50,1e-10,5,5,0,359.210647305008,1.0,1.0,0.0,0.0,0.0,1.0,1.0,0.0,0.0,0.0,0.9239000000000002,0.9239,1.2412670766236366e-16,5.551115123125783e-17,1.0880185641326534e-16,0.9300000000000002,0.93,1.2412670766236366e-16,5.551115123125783e-17,1.0880185641326534e-16
deterministic,npg_exact_alpha_fisher,npg,exact,0.1,0.0001,0.03,3000,1e-07,0.001,10,4,0.003,50,1e-10,5,5,0,291.2379690238158,1.0,1.0,0.0,0.0,0.0,1.0,1.0,0.0,0.0,0.0,0.9230000000000002,0.9230000000000003,1.2412670766236366e-16,5.551115123125783e-17,1.0880185641326534e-16,0.9300000000000002,0.93,1.2412670766236366e-16,5.551115123125783e-17,1.0880185641326534e-16
deterministic,npg_exact_alpha_fisher,npg,exact,0.1,0.0001,0.03,3000,1e-07,0.001,10,4,0.01,50,1e-10,5,5,0,241.41873569841263,1.0,1.0,0.0,0.0,0.0,1.0,1.0,0.0,0.0,0.0,0.9235000000000002,0.9235000000000003,1.2412670766236366e-16,5.551115123125783e-17,1.0880185641326534e-16,0.9300000000000002,0.93,1.2412670766236366e-16,5.551115123125783e-17,1.0880185641326534e-16
deterministic,npg_exact_alpha_fisher,npg,exact,0.01,0.0001,0.03,3000,1e-07,0.001,10,4,1e-06,50,1e-10,5,5,0,437.3957467545988,0.99,0.99,0.0,0.0,0.0,1.0,1.0,0.0,0.0,0.0,0.8856999999999999,0.8856999999999999,0.0,0.0,0.0,0.9300000000000002,0.93,1.2412670766236366e-16,5.551115123125783e-17,1.0880185641326534e-16
deterministic,npg_exact_alpha_fisher,npg,exact,0.01,0.0001,0.03,3000,1e-07,0.001,10,4,3e-06,50,1e-10,5,5,0,431.5758842356154,0.99,0.99,0.0,0.0,0.0,1.0,1.0,0.0,0.0,0.0,0.885,0.885,0.0,0.0,0.0,0.9300000000000002,0.93,1.2412670766236366e-16,5.551115123125783e-17,1.0880185641326534e-16
deterministic,npg_exact_alpha_fisher,npg,exact,0.01,0.0001,0.03,3000,1e-07,0.001,10,4,1e-05,50,1e-10,5,5,0,430.7975777265965,0.99,0.99,0.0,0.0,0.0,1.0,1.0,0.0,0.0,0.0,0.8857,0.8857000000000002,1.2412670766236366e-16,5.551115123125783e-17,1.0880185641326534e-16,0.9300000000000002,0.93,1.2412670766236366e-16,5.551115123125783e-17,1.0880185641326534e-16
deterministic,npg_exact_alpha_fisher,npg,exact,0.01,0.0001,0.03,3000,1e-07,0.001,10,4,3e-05,50,1e-10,5,5,0,434.70187134960435,0.99,0.99,0.0,0.0,0.0,1.0,1.0,0.0,0.0,0.0,0.8855000000000001,0.8855000000000001,0.0,0.0,0.0,0.9300000000000002,0.93,1.2412670766236366e-16,5.551115123125783e-17,1.0880185641326534e-16
deterministic,npg_exact_alpha_fisher,npg,exact,0.01,0.0001,0.03,3000,1e-07,0.001,10,4,0.0001,50,1e-10,5,5,0,431.1195014069905,0.99,0.99,0.0,0.0,0.0,1.0,1.0,0.0,0.0,0.0,0.8854000000000001,0.8854000000000001,0.0,0.0,0.0,0.9300000000000002,0.93,1.2412670766236366e-16,5.551115123125783e-17,1.0880185641326534e-16
deterministic,npg_exact_alpha_fisher,npg,exact,0.01,0.0001,0.03,3000,1e-07,0.001,10,4,0.0003,50,1e-10,5,5,0,400.5269210500061,0.99,0.99,0.0,0.0,0.0,1.0,1.0,0.0,0.0,0.0,0.8852000000000001,0.8852,1.2412670766236366e-16,5.551115123125783e-17,1.0880185641326534e-16,0.9300000000000002,0.93,1.2412670766236366e-16,5.551115123125783e-17,1.0880185641326534e-16
deterministic,npg_exact_alpha_fisher,npg,exact,0.03,0.0001,0.03,3000,1e-07,0.001,10,4,0.01,50,1e-10,5,5,0,252.59685461214977,0.99,0.99,0.0,0.0,0.0,1.0,1.0,0.0,0.0,0.0,0.9031000000000001,0.9031,1.1102230246251565e-16,4.965068306494546e-17,9.731533880729309e-17,0.9300000000000002,0.93,1.2412670766236366e-16,5.551115123125783e-17,1.0880185641326534e-16
deterministic,npg_exact_alpha_fisher,npg,exact,0.01,0.0001,0.03,3000,1e-07,0.001,10,4,0.001,50,1e-10,5,5,0,365.6699127754429,0.96,0.96,0.0,0.0,0.0,1.0,1.0,0.0,0.0,0.0,0.8499000000000001,0.8499000000000001,0.0,0.0,0.0,0.9300000000000002,0.93,1.2412670766236366e-16,5.551115123125783e-17,1.0880185641326534e-16
deterministic,npg_exact_alpha_fisher,npg,exact,0.01,0.0001,0.03,3000,1e-07,0.001,10,4,0.003,50,1e-10,5,5,0,307.6274730734178,0.94,0.9399999999999998,1.2412670766236366e-16,5.551115123125783e-17,1.0880185641326534e-16,1.0,1.0,0.0,0.0,0.0,0.8194,0.8194000000000001,1.2412670766236366e-16,5.551115123125783e-17,1.0880185641326534e-16,0.9300000000000002,0.93,1.2412670766236366e-16,5.551115123125783e-17,1.0880185641326534e-16
deterministic,npg_exact_alpha_fisher,npg,exact,0.01,0.0001,0.03,3000,1e-07,0.001,10,4,0.01,50,1e-10,5,5,0,257.55170038342476,0.75,0.75,0.0,0.0,0.0,1.0,1.0,0.0,0.0,0.0,0.5981,0.5981,0.0,0.0,0.0,0.9300000000000002,0.93,1.2412670766236366e-16,5.551115123125783e-17,1.0880185641326534e-16
deterministic,npg_exact_alpha_fisher,npg,exact,0.003,0.0001,0.03,3000,1e-07,0.001,10,4,1e-05,50,1e-10,5,5,0,401.71201514640126,0.43,0.43,0.0,0.0,0.0,1.0,1.0,0.0,0.0,0.0,0.2536999999999999,0.2536999999999999,0.0,0.0,0.0,0.9300000000000002,0.93,1.2412670766236366e-16,5.551115123125783e-17,1.0880185641326534e-16
deterministic,npg_exact_alpha_fisher,npg,exact,0.003,0.0001,0.03,3000,1e-07,0.001,10,4,1e-06,50,1e-10,5,5,0,402.9077180327498,0.42,0.42000000000000004,6.206335383118183e-17,2.7755575615628914e-17,5.440092820663267e-17,1.0,1.0,0.0,0.0,0.0,0.24319999999999997,0.24319999999999994,3.925231146709438e-17,1.7554167342883506e-17,3.440616799205167e-17,0.9300000000000002,0.93,1.2412670766236366e-16,5.551115123125783e-17,1.0880185641326534e-16
deterministic,npg_exact_alpha_fisher,npg,exact,0.003,0.0001,0.03,3000,1e-07,0.001,10,4,3e-06,50,1e-10,5,5,0,401.29532576940255,0.41,0.41,0.0,0.0,0.0,1.0,1.0,0.0,0.0,0.0,0.23259999999999995,0.23259999999999992,3.1031676915590914e-17,1.3877787807814457e-17,2.7200464103316335e-17,0.9300000000000002,0.93,1.2412670766236366e-16,5.551115123125783e-17,1.0880185641326534e-16
deterministic,npg_exact_alpha_fisher,npg,exact,0.003,0.0001,0.03,3000,1e-07,0.001,10,4,3e-05,50,1e-10,5,5,0,411.35656900319736,0.4,0.4,0.0,0.0,0.0,1.0,1.0,0.0,0.0,0.0,0.22229999999999997,0.22229999999999994,3.925231146709438e-17,1.7554167342883506e-17,3.440616799205167e-17,0.9300000000000002,0.93,1.2412670766236366e-16,5.551115123125783e-17,1.0880185641326534e-16
deterministic,npg_exact_alpha_fisher,npg,exact,0.003,0.0001,0.03,3000,1e-07,0.001,10,4,0.0001,50,1e-10,5,5,0,398.5105772591778,0.4,0.4,0.0,0.0,0.0,1.0,1.0,0.0,0.0,0.0,0.2219,0.2219,0.0,0.0,0.0,0.9300000000000002,0.93,1.2412670766236366e-16,5.551115123125783e-17,1.0880185641326534e-16
deterministic,npg_exact_alpha_fisher,npg,exact,0.003,0.0001,0.03,3000,1e-07,0.001,10,4,0.0003,50,1e-10,5,5,0,377.349234371644,0.37,0.37,0.0,0.0,0.0,1.0,1.0,0.0,0.0,0.0,0.18979999999999997,0.18979999999999997,2.7755575615628914e-17,1.2412670766236365e-17,2.4328834701823273e-17,0.9300000000000002,0.93,1.2412670766236366e-16,5.551115123125783e-17,1.0880185641326534e-16
deterministic,npg_exact_alpha_fisher,npg,exact,0.003,0.0001,0.03,3000,1e-07,0.001,10,4,0.001,50,1e-10,5,5,0,348.09419404201907,0.36,0.36,0.0,0.0,0.0,1.0,1.0,0.0,0.0,0.0,0.17839999999999998,0.17839999999999998,4.163336342344337e-17,1.8619006149354548e-17,3.649325205273491e-17,0.9300000000000002,0.93,1.2412670766236366e-16,5.551115123125783e-17,1.0880185641326534e-16
deterministic,npg_exact_alpha_fisher,npg,exact,0.003,0.0001,0.03,3000,1e-07,0.001,10,4,0.003,50,1e-10,5,5,0,301.8090710305958,0.21,0.21000000000000002,3.1031676915590914e-17,1.3877787807814457e-17,2.7200464103316335e-17,1.0,1.0,0.0,0.0,0.0,0.019999999999999973,0.01999999999999996,3.2592495070968174e-17,1.4575806907002335e-17,2.8568581537724576e-17,0.9300000000000002,0.93,1.2412670766236366e-16,5.551115123125783e-17,1.0880185641326534e-16
deterministic,npg_exact_alpha_fisher,npg,exact,0.001,0.0001,0.03,3000,1e-07,0.001,10,4,1e-06,50,1e-10,5,5,0,378.70451824098126,0.11,0.11000000000000001,1.5515838457795457e-17,6.938893903907228e-18,1.3600232051658167e-17,1.0,1.0,0.0,0.0,0.0,-0.0856,-0.08560000000000001,1.5515838457795457e-17,6.938893903907228e-18,1.3600232051658167e-17,0.9300000000000002,0.93,1.2412670766236366e-16,5.551115123125783e-17,1.0880185641326534e-16
deterministic,npg_exact_alpha_fisher,npg,exact,0.001,0.0001,0.03,3000,1e-07,0.001,10,4,3e-06,50,1e-10,5,5,0,387.58072680121984,0.11,0.11000000000000001,1.5515838457795457e-17,6.938893903907228e-18,1.3600232051658167e-17,1.0,1.0,0.0,0.0,0.0,-0.0856,-0.08560000000000001,1.5515838457795457e-17,6.938893903907228e-18,1.3600232051658167e-17,0.9300000000000002,0.93,1.2412670766236366e-16,5.551115123125783e-17,1.0880185641326534e-16
deterministic,npg_exact_alpha_fisher,npg,exact,0.001,0.0001,0.03,3000,1e-07,0.001,10,4,1e-05,50,1e-10,5,5,0,381.0515889167902,0.11,0.11000000000000001,1.5515838457795457e-17,6.938893903907228e-18,1.3600232051658167e-17,1.0,1.0,0.0,0.0,0.0,-0.0856,-0.08560000000000001,1.5515838457795457e-17,6.938893903907228e-18,1.3600232051658167e-17,0.9300000000000002,0.93,1.2412670766236366e-16,5.551115123125783e-17,1.0880185641326534e-16
deterministic,npg_exact_alpha_fisher,npg,exact,0.001,0.0001,0.03,3000,1e-07,0.001,10,4,3e-05,50,1e-10,5,5,0,377.39969004816373,0.11,0.11000000000000001,1.5515838457795457e-17,6.938893903907228e-18,1.3600232051658167e-17,1.0,1.0,0.0,0.0,0.0,-0.0856,-0.08560000000000001,1.5515838457795457e-17,6.938893903907228e-18,1.3600232051658167e-17,0.9300000000000002,0.93,1.2412670766236366e-16,5.551115123125783e-17,1.0880185641326534e-16
deterministic,npg_exact_alpha_fisher,npg,exact,0.001,0.0001,0.03,3000,1e-07,0.001,10,4,0.0001,50,1e-10,5,5,0,383.216085427627,0.11,0.11000000000000001,1.5515838457795457e-17,6.938893903907228e-18,1.3600232051658167e-17,1.0,1.0,0.0,0.0,0.0,-0.0856,-0.08560000000000001,1.5515838457795457e-17,6.938893903907228e-18,1.3600232051658167e-17,0.9300000000000002,0.93,1.2412670766236366e-16,5.551115123125783e-17,1.0880185641326534e-16
deterministic,npg_exact_alpha_fisher,npg,exact,0.001,0.0001,0.03,3000,1e-07,0.001,10,4,0.0003,50,1e-10,5,5,0,357.8221443505725,0.1,0.1,0.0,0.0,0.0,1.0,1.0,0.0,0.0,0.0,-0.096,-0.096,0.0,0.0,0.0,0.9300000000000002,0.93,1.2412670766236366e-16,5.551115123125783e-17,1.0880185641326534e-16
deterministic,npg_exact_alpha_fisher,npg,exact,0.001,0.0001,0.03,3000,1e-07,0.001,10,4,0.001,50,1e-10,5,5,0,336.3880977517809,0.1,0.1,0.0,0.0,0.0,1.0,1.0,0.0,0.0,0.0,-0.096,-0.096,0.0,0.0,0.0,0.9300000000000002,0.93,1.2412670766236366e-16,5.551115123125783e-17,1.0880185641326534e-16
deterministic,npg_exact_alpha_fisher,npg,exact,0.003,0.0001,0.03,3000,1e-07,0.001,10,4,0.01,50,1e-10,5,5,0,249.76797135301166,0.1,0.1,0.0,0.0,0.0,1.0,1.0,0.0,0.0,0.0,-0.096,-0.096,0.0,0.0,0.0,0.9300000000000002,0.93,1.2412670766236366e-16,5.551115123125783e-17,1.0880185641326534e-16
deterministic,npg_exact_alpha_fisher,npg,exact,0.0003,0.0001,0.03,3000,1e-07,0.001,10,4,1e-06,50,1e-10,5,5,0,362.9775702400133,0.08,0.08,0.0,0.0,0.0,1.0,1.0,0.0,0.0,0.0,-0.1173,-0.1173,0.0,0.0,0.0,0.9300000000000002,0.93,1.2412670766236366e-16,5.551115123125783e-17,1.0880185641326534e-16
deterministic,npg_exact_alpha_fisher,npg,exact,0.0003,0.0001,0.03,3000,1e-07,0.001,10,4,3e-06,50,1e-10,5,5,0,364.3514162514126,0.08,0.08,0.0,0.0,0.0,1.0,1.0,0.0,0.0,0.0,-0.1173,-0.1173,0.0,0.0,0.0,0.9300000000000002,0.93,1.2412670766236366e-16,5.551115123125783e-17,1.0880185641326534e-16
deterministic,npg_exact_alpha_fisher,npg,exact,0.0003,0.0001,0.03,3000,1e-07,0.001,10,4,1e-05,50,1e-10,5,5,0,371.9199729008251,0.08,0.08,0.0,0.0,0.0,1.0,1.0,0.0,0.0,0.0,-0.1173,-0.1173,0.0,0.0,0.0,0.9300000000000002,0.93,1.2412670766236366e-16,5.551115123125783e-17,1.0880185641326534e-16
deterministic,npg_exact_alpha_fisher,npg,exact,0.0003,0.0001,0.03,3000,1e-07,0.001,10,4,3e-05,50,1e-10,5,5,0,360.4899349584128,0.08,0.08,0.0,0.0,0.0,1.0,1.0,0.0,0.0,0.0,-0.1173,-0.1173,0.0,0.0,0.0,0.9300000000000002,0.93,1.2412670766236366e-16,5.551115123125783e-17,1.0880185641326534e-16
deterministic,npg_exact_alpha_fisher,npg,exact,0.0003,0.0001,0.03,3000,1e-07,0.001,10,4,0.0001,50,1e-10,5,5,0,364.23820179040774,0.08,0.08,0.0,0.0,0.0,1.0,1.0,0.0,0.0,0.0,-0.1173,-0.1173,0.0,0.0,0.0,0.9300000000000002,0.93,1.2412670766236366e-16,5.551115123125783e-17,1.0880185641326534e-16
deterministic,npg_exact_alpha_fisher,npg,exact,0.0003,0.0001,0.03,3000,1e-07,0.001,10,4,0.0003,50,1e-10,5,5,0,348.00791381060844,0.08,0.08,0.0,0.0,0.0,1.0,1.0,0.0,0.0,0.0,-0.1173,-0.1173,0.0,0.0,0.0,0.9300000000000002,0.93,1.2412670766236366e-16,5.551115123125783e-17,1.0880185641326534e-16
deterministic,npg_exact_alpha_fisher,npg,exact,0.001,0.0001,0.03,3000,1e-07,0.001,10,4,0.003,50,1e-10,5,5,0,294.4963300622068,0.08,0.08,0.0,0.0,0.0,1.0,1.0,0.0,0.0,0.0,-0.1171,-0.11710000000000001,1.5515838457795457e-17,6.938893903907228e-18,1.3600232051658167e-17,0.9300000000000002,0.93,1.2412670766236366e-16,5.551115123125783e-17,1.0880185641326534e-16
deterministic,npg_exact_alpha_fisher,npg,exact,0.0003,0.0001,0.03,3000,1e-07,0.001,10,4,0.001,50,1e-10,5,5,0,313.86397399780105,0.07,0.07,0.0,0.0,0.0,1.0,1.0,0.0,0.0,0.0,-0.1273999999999999,-0.12739999999999996,3.925231146709438e-17,1.7554167342883506e-17,3.440616799205167e-17,0.9300000000000002,0.93,1.2412670766236366e-16,5.551115123125783e-17,1.0880185641326534e-16
deterministic,npg_exact_alpha_fisher,npg,exact,1e-05,0.0001,0.03,3000,1e-07,0.001,10,4,1e-06,50,1e-10,5,5,0,336.2606719294214,0.06,0.06,0.0,0.0,0.0,1.0,1.0,0.0,0.0,0.0,-0.1379,-0.1379,0.0,0.0,0.0,0.9300000000000002,0.93,1.2412670766236366e-16,5.551115123125783e-17,1.0880185641326534e-16
deterministic,npg_exact_alpha_fisher,npg,exact,1e-05,0.0001,0.03,3000,1e-07,0.001,10,4,3e-06,50,1e-10,5,5,0,335.5654756057891,0.06,0.06,0.0,0.0,0.0,1.0,1.0,0.0,0.0,0.0,-0.1379,-0.1379,0.0,0.0,0.0,0.9300000000000002,0.93,1.2412670766236366e-16,5.551115123125783e-17,1.0880185641326534e-16
deterministic,npg_exact_alpha_fisher,npg,exact,1e-05,0.0001,0.03,3000,1e-07,0.001,10,4,1e-05,50,1e-10,5,5,0,331.3071754350327,0.06,0.06,0.0,0.0,0.0,1.0,1.0,0.0,0.0,0.0,-0.1379,-0.1379,0.0,0.0,0.0,0.9300000000000002,0.93,1.2412670766236366e-16,5.551115123125783e-17,1.0880185641326534e-16
deterministic,npg_exact_alpha_fisher,npg,exact,1e-05,0.0001,0.03,3000,1e-07,0.001,10,4,3e-05,50,1e-10,5,5,0,339.64544912278654,0.06,0.06,0.0,0.0,0.0,1.0,1.0,0.0,0.0,0.0,-0.1379,-0.1379,0.0,0.0,0.0,0.9300000000000002,0.93,1.2412670766236366e-16,5.551115123125783e-17,1.0880185641326534e-16
deterministic,npg_exact_alpha_fisher,npg,exact,1e-05,0.0001,0.03,3000,1e-07,0.001,10,4,0.0001,50,1e-10,5,5,0,330.331500486366,0.06,0.06,0.0,0.0,0.0,1.0,1.0,0.0,0.0,0.0,-0.1379,-0.1379,0.0,0.0,0.0,0.9300000000000002,0.93,1.2412670766236366e-16,5.551115123125783e-17,1.0880185641326534e-16
deterministic,npg_exact_alpha_fisher,npg,exact,1e-05,0.0001,0.03,3000,1e-07,0.001,10,4,0.0003,50,1e-10,5,5,0,323.33104618799405,0.06,0.06,0.0,0.0,0.0,1.0,1.0,0.0,0.0,0.0,-0.1379,-0.1379,0.0,0.0,0.0,0.9300000000000002,0.93,1.2412670766236366e-16,5.551115123125783e-17,1.0880185641326534e-16
deterministic,npg_exact_alpha_fisher,npg,exact,1e-05,0.0001,0.03,3000,1e-07,0.001,10,4,0.001,50,1e-10,5,5,0,312.39728252561764,0.06,0.06,0.0,0.0,0.0,1.0,1.0,0.0,0.0,0.0,-0.1379,-0.1379,0.0,0.0,0.0,0.9300000000000002,0.93,1.2412670766236366e-16,5.551115123125783e-17,1.0880185641326534e-16
deterministic,npg_exact_alpha_fisher,npg,exact,1e-05,0.0001,0.03,3000,1e-07,0.001,10,4,0.003,50,1e-10,5,5,0,292.3706280240091,0.06,0.06,0.0,0.0,0.0,1.0,1.0,0.0,0.0,0.0,-0.1379,-0.1379,0.0,0.0,0.0,0.9300000000000002,0.93,1.2412670766236366e-16,5.551115123125783e-17,1.0880185641326534e-16
deterministic,npg_exact_alpha_fisher,npg,exact,1e-05,0.0001,0.03,3000,1e-07,0.001,10,4,0.01,50,1e-10,5,5,0,253.49851319858573,0.06,0.06,0.0,0.0,0.0,1.0,1.0,0.0,0.0,0.0,-0.1379,-0.1379,0.0,0.0,0.0,0.9300000000000002,0.93,1.2412670766236366e-16,5.551115123125783e-17,1.0880185641326534e-16
deterministic,npg_exact_alpha_fisher,npg,exact,3e-05,0.0001,0.03,3000,1e-07,0.001,10,4,1e-06,50,1e-10,5,5,0,324.62971876600056,0.06,0.06,0.0,0.0,0.0,1.0,1.0,0.0,0.0,0.0,-0.1379,-0.1379,0.0,0.0,0.0,0.9300000000000002,0.93,1.2412670766236366e-16,5.551115123125783e-17,1.0880185641326534e-16
deterministic,npg_exact_alpha_fisher,npg,exact,3e-05,0.0001,0.03,3000,1e-07,0.001,10,4,3e-06,50,1e-10,5,5,0,339.7924840711988,0.06,0.06,0.0,0.0,0.0,1.0,1.0,0.0,0.0,0.0,-0.1379,-0.1379,0.0,0.0,0.0,0.9300000000000002,0.93,1.2412670766236366e-16,5.551115123125783e-17,1.0880185641326534e-16
deterministic,npg_exact_alpha_fisher,npg,exact,3e-05,0.0001,0.03,3000,1e-07,0.001,10,4,1e-05,50,1e-10,5,5,0,339.3706485350034,0.06,0.06,0.0,0.0,0.0,1.0,1.0,0.0,0.0,0.0,-0.1379,-0.1379,0.0,0.0,0.0,0.9300000000000002,0.93,1.2412670766236366e-16,5.551115123125783e-17,1.0880185641326534e-16
deterministic,npg_exact_alpha_fisher,npg,exact,3e-05,0.0001,0.03,3000,1e-07,0.001,10,4,3e-05,50,1e-10,5,5,0,341.87069742780875,0.06,0.06,0.0,0.0,0.0,1.0,1.0,0.0,0.0,0.0,-0.1379,-0.1379,0.0,0.0,0.0,0.9300000000000002,0.93,1.2412670766236366e-16,5.551115123125783e-17,1.0880185641326534e-16
deterministic,npg_exact_alpha_fisher,npg,exact,3e-05,0.0001,0.03,3000,1e-07,0.001,10,4,0.0001,50,1e-10,5,5,0,339.6682156665949,0.06,0.06,0.0,0.0,0.0,1.0,1.0,0.0,0.0,0.0,-0.1379,-0.1379,0.0,0.0,0.0,0.9300000000000002,0.93,1.2412670766236366e-16,5.551115123125783e-17,1.0880185641326534e-16
deterministic,npg_exact_alpha_fisher,npg,exact,3e-05,0.0001,0.03,3000,1e-07,0.001,10,4,0.0003,50,1e-10,5,5,0,335.21508518757764,0.06,0.06,0.0,0.0,0.0,1.0,1.0,0.0,0.0,0.0,-0.1379,-0.1379,0.0,0.0,0.0,0.9300000000000002,0.93,1.2412670766236366e-16,5.551115123125783e-17,1.0880185641326534e-16
deterministic,npg_exact_alpha_fisher,npg,exact,3e-05,0.0001,0.03,3000,1e-07,0.001,10,4,0.001,50,1e-10,5,5,0,320.7599060697714,0.06,0.06,0.0,0.0,0.0,1.0,1.0,0.0,0.0,0.0,-0.1379,-0.1379,0.0,0.0,0.0,0.9300000000000002,0.93,1.2412670766236366e-16,5.551115123125783e-17,1.0880185641326534e-16
deterministic,npg_exact_alpha_fisher,npg,exact,3e-05,0.0001,0.03,3000,1e-07,0.001,10,4,0.003,50,1e-10,5,5,0,287.23743337439373,0.06,0.06,0.0,0.0,0.0,1.0,1.0,0.0,0.0,0.0,-0.1379,-0.1379,0.0,0.0,0.0,0.9300000000000002,0.93,1.2412670766236366e-16,5.551115123125783e-17,1.0880185641326534e-16
deterministic,npg_exact_alpha_fisher,npg,exact,3e-05,0.0001,0.03,3000,1e-07,0.001,10,4,0.01,50,1e-10,5,5,0,252.53980752057396,0.06,0.06,0.0,0.0,0.0,1.0,1.0,0.0,0.0,0.0,-0.1379,-0.1379,0.0,0.0,0.0,0.9300000000000002,0.93,1.2412670766236366e-16,5.551115123125783e-17,1.0880185641326534e-16
deterministic,npg_exact_alpha_fisher,npg,exact,0.0001,0.0001,0.03,3000,1e-07,0.001,10,4,1e-06,50,1e-10,5,5,0,348.4658152014017,0.06,0.06,0.0,0.0,0.0,1.0,1.0,0.0,0.0,0.0,-0.1379,-0.1379,0.0,0.0,0.0,0.9300000000000002,0.93,1.2412670766236366e-16,5.551115123125783e-17,1.0880185641326534e-16
deterministic,npg_exact_alpha_fisher,npg,exact,0.0001,0.0001,0.03,3000,1e-07,0.001,10,4,3e-06,50,1e-10,5,5,0,349.954032091808,0.06,0.06,0.0,0.0,0.0,1.0,1.0,0.0,0.0,0.0,-0.1379,-0.1379,0.0,0.0,0.0,0.9300000000000002,0.93,1.2412670766236366e-16,5.551115123125783e-17,1.0880185641326534e-16
deterministic,npg_exact_alpha_fisher,npg,exact,0.0001,0.0001,0.03,3000,1e-07,0.001,10,4,1e-05,50,1e-10,5,5,0,346.113939590787,0.06,0.06,0.0,0.0,0.0,1.0,1.0,0.0,0.0,0.0,-0.1379,-0.1379,0.0,0.0,0.0,0.9300000000000002,0.93,1.2412670766236366e-16,5.551115123125783e-17,1.0880185641326534e-16
deterministic,npg_exact_alpha_fisher,npg,exact,0.0001,0.0001,0.03,3000,1e-07,0.001,10,4,3e-05,50,1e-10,5,5,0,346.31407592417673,0.06,0.06,0.0,0.0,0.0,1.0,1.0,0.0,0.0,0.0,-0.1379,-0.1379,0.0,0.0,0.0,0.9300000000000002,0.93,1.2412670766236366e-16,5.551115123125783e-17,1.0880185641326534e-16
deterministic,npg_exact_alpha_fisher,npg,exact,0.0001,0.0001,0.03,3000,1e-07,0.001,10,4,0.0001,50,1e-10,5,5,0,340.47955493602205,0.06,0.06,0.0,0.0,0.0,1.0,1.0,0.0,0.0,0.0,-0.1379,-0.1379,0.0,0.0,0.0,0.9300000000000002,0.93,1.2412670766236366e-16,5.551115123125783e-17,1.0880185641326534e-16
deterministic,npg_exact_alpha_fisher,npg,exact,0.0001,0.0001,0.03,3000,1e-07,0.001,10,4,0.0003,50,1e-10,5,5,0,341.4621171471896,0.06,0.06,0.0,0.0,0.0,1.0,1.0,0.0,0.0,0.0,-0.1379,-0.1379,0.0,0.0,0.0,0.9300000000000002,0.93,1.2412670766236366e-16,5.551115123125783e-17,1.0880185641326534e-16
deterministic,npg_exact_alpha_fisher,npg,exact,0.0001,0.0001,0.03,3000,1e-07,0.001,10,4,0.001,50,1e-10,5,5,0,318.28779863398523,0.06,0.06,0.0,0.0,0.0,1.0,1.0,0.0,0.0,0.0,-0.1379,-0.1379,0.0,0.0,0.0,0.9300000000000002,0.93,1.2412670766236366e-16,5.551115123125783e-17,1.0880185641326534e-16
deterministic,npg_exact_alpha_fisher,npg,exact,0.0001,0.0001,0.03,3000,1e-07,0.001,10,4,0.003,50,1e-10,5,5,0,294.7911881093984,0.06,0.06,0.0,0.0,0.0,1.0,1.0,0.0,0.0,0.0,-0.1379,-0.1379,0.0,0.0,0.0,0.9300000000000002,0.93,1.2412670766236366e-16,5.551115123125783e-17,1.0880185641326534e-16
deterministic,npg_exact_alpha_fisher,npg,exact,0.0001,0.0001,0.03,3000,1e-07,0.001,10,4,0.01,50,1e-10,5,5,0,250.99018277178985,0.06,0.06,0.0,0.0,0.0,1.0,1.0,0.0,0.0,0.0,-0.1379,-0.1379,0.0,0.0,0.0,0.9300000000000002,0.93,1.2412670766236366e-16,5.551115123125783e-17,1.0880185641326534e-16
deterministic,npg_exact_alpha_fisher,npg,exact,0.0003,0.0001,0.03,3000,1e-07,0.001,10,4,0.003,50,1e-10,5,5,0,291.5626426982111,0.06,0.06,0.0,0.0,0.0,1.0,1.0,0.0,0.0,0.0,-0.1379,-0.1379,0.0,0.0,0.0,0.9300000000000002,0.93,1.2412670766236366e-16,5.551115123125783e-17,1.0880185641326534e-16
deterministic,npg_exact_alpha_fisher,npg,exact,0.0003,0.0001,0.03,3000,1e-07,0.001,10,4,0.01,50,1e-10,5,5,0,247.13820256800392,0.06,0.06,0.0,0.0,0.0,1.0,1.0,0.0,0.0,0.0,-0.1379,-0.1379,0.0,0.0,0.0,0.9300000000000002,0.93,1.2412670766236366e-16,5.551115123125783e-17,1.0880185641326534e-16
deterministic,npg_exact_alpha_fisher,npg,exact,0.001,0.0001,0.03,3000,1e-07,0.001,10,4,0.01,50,1e-10,5,5,0,251.3720055510057,0.06,0.06,0.0,0.0,0.0,1.0,1.0,0.0,0.0,0.0,-0.1375,-0.1375,0.0,0.0,0.0,0.9300000000000002,0.93,1.2412670766236366e-16,5.551115123125783e-17,1.0880185641326534e-16
deterministic,sgd_exact_alpha,sgd,exact,1e-05,0.0001,0.03,3000,1e-07,0.001,10,4,0.001,50,1e-10,5,5,0,132.17761393098627,0.06,0.06,0.0,0.0,0.0,1.0,1.0,0.0,0.0,0.0,-0.1379,-0.1379,0.0,0.0,0.0,0.9300000000000002,0.93,1.2412670766236366e-16,5.551115123125783e-17,1.0880185641326534e-16
deterministic,sgd_exact_alpha,sgd,exact,3e-05,0.0001,0.03,3000,1e-07,0.001,10,4,0.001,50,1e-10,5,5,0,129.93636088821805,0.06,0.06,0.0,0.0,0.0,1.0,1.0,0.0,0.0,0.0,-0.1379,-0.1379,0.0,0.0,0.0,0.9300000000000002,0.93,1.2412670766236366e-16,5.551115123125783e-17,1.0880185641326534e-16
deterministic,sgd_exact_alpha,sgd,exact,0.0001,0.0001,0.03,3000,1e-07,0.001,10,4,0.001,50,1e-10,5,5,0,127.62213347682264,0.06,0.06,0.0,0.0,0.0,1.0,1.0,0.0,0.0,0.0,-0.1379,-0.1379,0.0,0.0,0.0,0.9300000000000002,0.93,1.2412670766236366e-16,5.551115123125783e-17,1.0880185641326534e-16
deterministic,sgd_exact_alpha,sgd,exact,0.0003,0.0001,0.03,3000,1e-07,0.001,10,4,0.001,50,1e-10,5,5,0,133.55437983497978,0.06,0.06,0.0,0.0,0.0,1.0,1.0,0.0,0.0,0.0,-0.1379,-0.1379,0.0,0.0,0.0,0.9300000000000002,0.93,1.2412670766236366e-16,5.551115123125783e-17,1.0880185641326534e-16
deterministic,sgd_exact_alpha,sgd,exact,0.001,0.0001,0.03,3000,1e-07,0.001,10,4,0.001,50,1e-10,5,5,0,127.83928649020382,0.06,0.06,0.0,0.0,0.0,1.0,1.0,0.0,0.0,0.0,-0.1379,-0.1379,0.0,0.0,0.0,0.9300000000000002,0.93,1.2412670766236366e-16,5.551115123125783e-17,1.0880185641326534e-16
deterministic,sgd_exact_alpha,sgd,exact,0.003,0.0001,0.03,3000,1e-07,0.001,10,4,0.001,50,1e-10,5,5,0,135.50315306099364,0.06,0.06,0.0,0.0,0.0,1.0,1.0,0.0,0.0,0.0,-0.1379,-0.1379,0.0,0.0,0.0,0.9300000000000002,0.93,1.2412670766236366e-16,5.551115123125783e-17,1.0880185641326534e-16
deterministic,sgd_exact_alpha,sgd,exact,0.01,0.0001,0.03,3000,1e-07,0.001,10,4,0.001,50,1e-10,5,5,0,136.4351815555943,0.06,0.06,0.0,0.0,0.0,1.0,1.0,0.0,0.0,0.0,-0.1379,-0.1379,0.0,0.0,0.0,0.9300000000000002,0.93,1.2412670766236366e-16,5.551115123125783e-17,1.0880185641326534e-16
deterministic,sgd_exact_alpha,sgd,exact,0.03,0.0001,0.03,3000,1e-07,0.001,10,4,0.001,50,1e-10,5,5,0,129.66381273441948,0.06,0.06,0.0,0.0,0.0,1.0,1.0,0.0,0.0,0.0,-0.1375,-0.1375,0.0,0.0,0.0,0.9300000000000002,0.93,1.2412670766236366e-16,5.551115123125783e-17,1.0880185641326534e-16
stochastic,adam_exact_baseline,adam,exact,0.001,0.0001,1.0,3000,3e-07,0.001,10,4,0.001,50,1e-10,5,5,0,112.18705527560087,0.91,0.9099999999999999,1.2412670766236366e-16,5.551115123125783e-17,1.0880185641326534e-16,0.93,0.93,0.0,0.0,0.0,-0.1663000000000001,-0.1663000000000001,0.0,0.0,0.0,0.018750000000000062,0.018750000000000048,2.797157557069881e-17,1.2509268882771001e-17,2.451816701023116e-17
stochastic,adam_reinforce_samples,adam,reinforce,0.001,0.0001,1.0,3000,3e-07,0.001,10,4,0.001,50,1e-10,5,5,0,371.0577754638158,0.91,0.8800000000000001,0.020000000000000018,0.008944271909999166,0.017530772943598366,0.93,0.93,0.0,0.0,0.0,-0.1744,-0.20573000000000002,0.03070915173038815,0.013733550160100638,0.026917758313797252,0.01875,0.01875,0.0,0.0,0.0
stochastic,adam_reinforce_samples,adam,reinforce,0.001,0.0001,1.0,3000,3e-07,0.001,10,8,0.001,50,1e-10,5,5,0,1289.9499412152102,0.91,0.882,0.027748873851023242,0.012409673645990868,0.024322960346142102,0.93,0.93,0.0,0.0,0.0,-0.1728500000000001,-0.20604000000000008,0.028883373244827204,0.01291703719898646,0.02531739291001346,0.01875,0.01875,0.0,0.0,0.0
stochastic,adam_reinforce_samples,adam,reinforce,0.001,0.0001,1.0,3000,3e-07,0.001,10,16,0.001,50,1e-10,5,5,0,4129.79453482239,0.91,0.8879999999999999,0.016431676725154998,0.0073484692283495405,0.014402999687565098,0.93,0.93,0.0,0.0,0.0,-0.14005,-0.1967000000000001,0.03964454565258634,0.017729579803255364,0.03474997641438051,0.01875,0.01875,0.0,0.0,0.0
stochastic,adam_reinforce_samples,adam,reinforce,0.001,0.0001,1.0,3000,3e-07,0.001,10,32,0.001,50,1e-10,5,5,0,3993.8143438463912,0.91,0.874,0.028809720581775892,0.012884098726725137,0.025252833504381268,0.93,0.93,0.0,0.0,0.0,-0.1427,-0.2022800000000001,0.05031169844081994,0.02250007555542871,0.044100148088640274,0.01875,0.01875,0.0,0.0,0.0
stochastic,adam_reinforce_samples,adam,reinforce,0.001,0.0001,1.0,3000,3e-07,0.001,10,64,0.001,50,1e-10,5,5,0,6694.0564634086095,0.91,0.8879999999999999,0.014832396974191338,0.006633249580710805,0.013001169178193177,0.93,0.93,0.0,0.0,0.0,-0.1747500000000001,-0.20195000000000007,0.017920972350851938,0.008014502479879828,0.015708424860564462,0.01875,0.01875,0.0,0.0,0.0
stochastic,adam_reinforce_samples,adam,reinforce,0.001,0.0001,1.0,3000,3e-07,0.001,10,2,0.001,50,1e-10,5,5,0,641.0610762181925,0.9,0.86,0.02738612787525833,0.012247448713915901,0.024004999479275167,0.93,0.93,0.0,0.0,0.0,-0.1773000000000001,-0.22443000000000007,0.04115805814175399,0.01840644316537012,0.03607662860412543,0.01875,0.01875,0.0,0.0,0.0
stochastic,adam_reinforce_samples,adam,reinforce,0.001,0.0001,1.0,3000,3e-07,0.001,10,128,0.001,50,1e-10,5,5,0,9164.703554725227,0.89,0.874,0.016733200530681527,0.007483314773547889,0.014667296956153862,0.93,0.93,0.0,0.0,0.0,-0.1967000000000001,-0.21783000000000005,0.015299125792018278,0.006841977053454636,0.013410275024771086,0.01875,0.01875,0.0,0.0,0.0
stochastic,adam_reinforce_samples,adam,reinforce,0.001,0.0001,1.0,3000,3e-07,0.001,10,1,0.001,50,1e-10,5,5,0,545.0697700159974,0.88,0.8540000000000001,0.015165750888103114,0.006782329983125273,0.013293366766925534,0.93,0.93,0.0,0.0,0.0,-0.2212000000000001,-0.24894000000000008,0.02211920545589284,0.009892009401532124,0.019388338427002962,0.01875,0.01875,0.0,0.0,0.0
stochastic,npg_exact_alpha_fisher,npg,exact,0.1,0.0001,1.0,3000,3e-07,0.001,10,4,3e-05,50,1e-10,5,5,0,405.30837517941836,0.89,0.89,0.0,0.0,0.0,0.93,0.93,0.0,0.0,0.0,-0.1907500000000001,-0.19075000000000014,2.7755575615628914e-17,1.2412670766236365e-17,2.4328834701823273e-17,0.018750000000000062,0.018750000000000048,2.797157557069881e-17,1.2509268882771001e-17,2.451816701023116e-17
stochastic,npg_exact_alpha_fisher,npg,exact,0.1,0.0001,1.0,3000,3e-07,0.001,10,4,1e-05,50,1e-10,5,5,0,406.853355230391,0.88,0.8800000000000001,1.2412670766236366e-16,5.551115123125783e-17,1.0880185641326534e-16,0.93,0.93,0.0,0.0,0.0,-0.2418000000000001,-0.2418000000000001,2.7755575615628914e-17,1.2412670766236365e-17,2.4328834701823273e-17,0.018750000000000062,0.018750000000000048,2.797157557069881e-17,1.2509268882771001e-17,2.451816701023116e-17
stochastic,npg_exact_alpha_fisher,npg,exact,0.1,0.0001,1.0,3000,3e-07,0.001,10,4,3e-06,50,1e-10,5,5,0,410.3010026378208,0.87,0.8699999999999999,1.2412670766236366e-16,5.551115123125783e-17,1.0880185641326534e-16,0.93,0.93,0.0,0.0,0.0,-0.3544500000000001,-0.3544500000000001,0.0,0.0,0.0,0.018750000000000062,0.018750000000000048,2.797157557069881e-17,1.2509268882771001e-17,2.451816701023116e-17
stochastic,npg_exact_alpha_fisher,npg,exact,0.1,0.0001,1.0,3000,3e-07,0.001,10,4,0.0003,50,1e-10,5,5,0,389.3026699939743,0.87,0.8699999999999999,1.2412670766236366e-16,5.551115123125783e-17,1.0880185641326534e-16,0.93,0.93,0.0,0.0,0.0,-0.2627500000000001,-0.26275000000000015,2.7755575615628914e-17,1.2412670766236365e-17,2.4328834701823273e-17,0.018750000000000062,0.018750000000000048,2.797157557069881e-17,1.2509268882771001e-17,2.451816701023116e-17
stochastic,npg_exact_alpha_fisher,npg,exact,0.1,0.0001,1.0,3000,3e-07,0.001,10,4,0.01,50,1e-10,5,5,0,216.06523393099195,0.86,0.86,0.0,0.0,0.0,0.93,0.93,0.0,0.0,0.0,-0.2817000000000002,-0.2817000000000002,0.0,0.0,0.0,0.018750000000000062,0.018750000000000048,2.797157557069881e-17,1.2509268882771001e-17,2.451816701023116e-17
stochastic,npg_exact_alpha_fisher,npg,exact,0.03,0.0001,1.0,3000,3e-07,0.001,10,4,0.001,50,1e-10,5,5,0,344.2842750474112,0.85,0.85,0.0,0.0,0.0,0.93,0.93,0.0,0.0,0.0,-0.2942500000000002,-0.2942500000000002,0.0,0.0,0.0,0.018750000000000062,0.018750000000000048,2.797157557069881e-17,1.2509268882771001e-17,2.451816701023116e-17
stochastic,npg_exact_alpha_fisher,npg,exact,0.1,0.0001,1.0,3000,3e-07,0.001,10,4,0.001,50,1e-10,5,5,0,332.1747708739946,0.85,0.85,0.0,0.0,0.0,0.93,0.93,0.0,0.0,0.0,-0.2783500000000001,-0.2783500000000001,5.551115123125783e-17,2.482534153247273e-17,4.8657669403646546e-17,0.018750000000000062,0.018750000000000048,2.797157557069881e-17,1.2509268882771001e-17,2.451816701023116e-17
stochastic,npg_exact_alpha_fisher,npg,exact,0.03,0.0001,1.0,3000,3e-07,0.001,10,4,1e-06,50,1e-10,5,5,0,414.60990328860936,0.84,0.8400000000000001,1.2412670766236366e-16,5.551115123125783e-17,1.0880185641326534e-16,0.93,0.93,0.0,0.0,0.0,-0.3204500000000002,-0.3204500000000002,0.0,0.0,0.0,0.018750000000000062,0.018750000000000048,2.797157557069881e-17,1.2509268882771001e-17,2.451816701023116e-17
stochastic,npg_exact_alpha_fisher,npg,exact,0.03,0.0001,1.0,3000,3e-07,0.001,10,4,3e-06,50,1e-10,5,5,0,412.69657349899643,0.84,0.8400000000000001,1.2412670766236366e-16,5.551115123125783e-17,1.0880185641326534e-16,0.93,0.93,0.0,0.0,0.0,-0.3597000000000002,-0.3597000000000002,0.0,0.0,0.0,0.018750000000000062,0.018750000000000048,2.797157557069881e-17,1.2509268882771001e-17,2.451816701023116e-17
stochastic,npg_exact_alpha_fisher,npg,exact,0.03,0.0001,1.0,3000,3e-07,0.001,10,4,0.0003,50,1e-10,5,5,0,397.92629117723556,0.84,0.8400000000000001,1.2412670766236366e-16,5.551115123125783e-17,1.0880185641326534e-16,0.93,0.93,0.0,0.0,0.0,-0.3745500000000002,-0.37455000000000027,2.7755575615628914e-17,1.2412670766236365e-17,2.4328834701823273e-17,0.018750000000000062,0.018750000000000048,2.797157557069881e-17,1.2509268882771001e-17,2.451816701023116e-17
stochastic,npg_exact_alpha_fisher,npg,exact,0.1,0.0001,1.0,3000,3e-07,0.001,10,4,1e-06,50,1e-10,5,5,0,409.36825775079194,0.83,0.8299999999999998,1.2412670766236366e-16,5.551115123125783e-17,1.0880185641326534e-16,0.93,0.93,0.0,0.0,0.0,-0.2861500000000001,-0.2861500000000001,0.0,0.0,0.0,0.018750000000000062,0.018750000000000048,2.797157557069881e-17,1.2509268882771001e-17,2.451816701023116e-17
stochastic,npg_exact_alpha_fisher,npg,exact,0.01,0.0001,1.0,3000,3e-07,0.001,10,4,1e-06,50,1e-10,5,5,0,406.4727818368236,0.77,0.77,0.0,0.0,0.0,0.93,0.93,0.0,0.0,0.0,-0.5536000000000003,-0.5536000000000003,0.0,0.0,0.0,0.018750000000000062,0.018750000000000048,2.797157557069881e-17,1.2509268882771001e-17,2.451816701023116e-17
stochastic,npg_exact_alpha_fisher,npg,exact,0.01,0.0001,1.0,3000,3e-07,0.001,10,4,3e-06,50,1e-10,5,5,0,412.5124226607615,0.77,0.77,0.0,0.0,0.0,0.93,0.93,0.0,0.0,0.0,-0.5471000000000004,-0.5471000000000004,0.0,0.0,0.0,0.018750000000000062,0.018750000000000048,2.797157557069881e-17,1.2509268882771001e-17,2.451816701023116e-17
stochastic,npg_exact_alpha_fisher,npg,exact,0.01,0.0001,1.0,3000,3e-07,0.001,10,4,0.0001,50,1e-10,5,5,0,395.103424639802,0.77,0.77,0.0,0.0,0.0,0.93,0.93,0.0,0.0,0.0,-0.5629000000000004,-0.5629000000000004,0.0,0.0,0.0,0.018750000000000062,0.018750000000000048,2.797157557069881e-17,1.2509268882771001e-17,2.451816701023116e-17
stochastic,npg_exact_alpha_fisher,npg,exact,0.01,0.0001,1.0,3000,3e-07,0.001,10,4,0.001,50,1e-10,5,5,0,350.28126306299816,0.77,0.77,0.0,0.0,0.0,0.93,0.93,0.0,0.0,0.0,-0.6280500000000003,-0.6280500000000003,0.0,0.0,0.0,0.018750000000000062,0.018750000000000048,2.797157557069881e-17,1.2509268882771001e-17,2.451816701023116e-17
stochastic,npg_exact_alpha_fisher,npg,exact,0.03,0.0001,1.0,3000,3e-07,0.001,10,4,0.01,50,1e-10,5,5,0,233.1848429671605,0.77,0.77,0.0,0.0,0.0,0.93,0.93,0.0,0.0,0.0,-0.5989500000000003,-0.5989500000000003,0.0,0.0,0.0,0.018750000000000062,0.018750000000000048,2.797157557069881e-17,1.2509268882771001e-17,2.451816701023116e-17
stochastic,npg_exact_alpha_fisher,npg,exact,0.01,0.0001,1.0,3000,3e-07,0.001,10,4,1e-05,50,1e-10,5,5,0,408.4018348384299,0.76,0.76,0.0,0.0,0.0,0.93,0.93,0.0,0.0,0.0,-0.5881000000000003,-0.5881000000000003,0.0,0.0,0.0,0.018750000000000062,0.018750000000000048,2.797157557069881e-17,1.2509268882771001e-17,2.451816701023116e-17
stochastic,npg_exact_alpha_fisher,npg,exact,0.01,0.0001,1.0,3000,3e-07,0.001,10,4,3e-05,50,1e-10,5,5,0,399.48754241719143,0.76,0.76,0.0,0.0,0.0,0.93,0.93,0.0,0.0,0.0,-0.5695000000000003,-0.5695000000000003,0.0,0.0,0.0,0.018750000000000062,0.018750000000000048,2.797157557069881e-17,1.2509268882771001e-17,2.451816701023116e-17
stochastic,npg_exact_alpha_fisher,npg,exact,0.01,0.0001,1.0,3000,3e-07,0.001,10,4,0.0003,50,1e-10,5,5,0,396.05800467818045,0.76,0.76,0.0,0.0,0.0,0.93,0.93,0.0,0.0,0.0,-0.5988500000000003,-0.5988500000000003,0.0,0.0,0.0,0.018750000000000062,0.018750000000000048,2.797157557069881e-17,1.2509268882771001e-17,2.451816701023116e-17
stochastic,npg_exact_alpha_fisher,npg,exact,0.01,0.0001,1.0,3000,3e-07,0.001,10,4,0.003,50,1e-10,5,5,0,290.26488857902586,0.75,0.75,0.0,0.0,0.0,0.93,0.93,0.0,0.0,0.0,-0.7032500000000005,-0.7032500000000005,0.0,0.0,0.0,0.018750000000000062,0.018750000000000048,2.797157557069881e-17,1.2509268882771001e-17,2.451816701023116e-17
stochastic,npg_exact_alpha_fisher,npg,exact,0.01,0.0001,1.0,3000,3e-07,0.001,10,4,0.01,50,1e-10,5,5,0,235.76918640079674,0.56,0.56,0.0,0.0,0.0,0.93,0.93,0.0,0.0,0.0,-1.1508000000000005,-1.1508000000000005,0.0,0.0,0.0,0.018750000000000062,0.018750000000000048,2.797157557069881e-17,1.2509268882771001e-17,2.451816701023116e-17
stochastic,npg_exact_alpha_fisher,npg,exact,0.003,0.0001,1.0,3000,3e-07,0.001,10,4,1e-06,50,1e-10,5,5,0,385.4618460852304,0.46,0.4600000000000001,6.206335383118183e-17,2.7755575615628914e-17,5.440092820663267e-17,0.93,0.93,0.0,0.0,0.0,-1.2932000000000006,-1.2932000000000006,0.0,0.0,0.0,0.018750000000000062,0.018750000000000048,2.797157557069881e-17,1.2509268882771001e-17,2.451816701023116e-17
stochastic,npg_exact_alpha_fisher,npg,exact,0.003,0.0001,1.0,3000,3e-07,0.001,10,4,3e-06,50,1e-10,5,5,0,396.5216201365576,0.46,0.4600000000000001,6.206335383118183e-17,2.7755575615628914e-17,5.440092820663267e-17,0.93,0.93,0.0,0.0,0.0,-1.2932000000000006,-1.2932000000000006,0.0,0.0,0.0,0.018750000000000062,0.018750000000000048,2.797157557069881e-17,1.2509268882771001e-17,2.451816701023116e-17
stochastic,npg_exact_alpha_fisher,npg,exact,0.003,0.0001,1.0,3000,3e-07,0.001,10,4,1e-05,50,1e-10,5,5,0,399.6035037941765,0.46,0.4600000000000001,6.206335383118183e-17,2.7755575615628914e-17,5.440092820663267e-17,0.93,0.93,0.0,0.0,0.0,-1.2932000000000006,-1.2932000000000006,0.0,0.0,0.0,0.018750000000000062,0.018750000000000048,2.797157557069881e-17,1.2509268882771001e-17,2.451816701023116e-17
stochastic,npg_exact_alpha_fisher,npg,exact,0.003,0.0001,1.0,3000,3e-07,0.001,10,4,3e-05,50,1e-10,5,5,0,387.3806390415528,0.45,0.45,0.0,0.0,0.0,0.93,0.93,0.0,0.0,0.0,-1.3026500000000008,-1.3026500000000008,0.0,0.0,0.0,0.018750000000000062,0.018750000000000048,2.797157557069881e-17,1.2509268882771001e-17,2.451816701023116e-17
stochastic,npg_exact_alpha_fisher,npg,exact,0.003,0.0001,1.0,3000,3e-07,0.001,10,4,0.0001,50,1e-10,5,5,0,391.6235512205749,0.45,0.45,0.0,0.0,0.0,0.93,0.93,0.0,0.0,0.0,-1.3092000000000008,-1.3092000000000008,0.0,0.0,0.0,0.018750000000000062,0.018750000000000048,2.797157557069881e-17,1.2509268882771001e-17,2.451816701023116e-17
stochastic,npg_exact_alpha_fisher,npg,exact,0.003,0.0001,1.0,3000,3e-07,0.001,10,4,0.0003,50,1e-10,5,5,0,381.1177552650217,0.43,0.43,0.0,0.0,0.0,0.93,0.93,0.0,0.0,0.0,-1.345900000000001,-1.345900000000001,0.0,0.0,0.0,0.018750000000000062,0.018750000000000048,2.797157557069881e-17,1.2509268882771001e-17,2.451816701023116e-17
stochastic,npg_exact_alpha_fisher,npg,exact,0.003,0.0001,1.0,3000,3e-07,0.001,10,4,0.001,50,1e-10,5,5,0,337.25936649619837,0.38,0.38,0.0,0.0,0.0,0.93,0.93,0.0,0.0,0.0,-1.4845000000000004,-1.4845000000000004,0.0,0.0,0.0,0.018750000000000062,0.018750000000000048,2.797157557069881e-17,1.2509268882771001e-17,2.451816701023116e-17
stochastic,npg_exact_alpha_fisher,npg,exact,0.003,0.0001,1.0,3000,3e-07,0.001,10,4,0.003,50,1e-10,5,5,0,285.2578440839658,0.19,0.19,0.0,0.0,0.0,0.93,0.93,0.0,0.0,0.0,-1.783150000000001,-1.783150000000001,0.0,0.0,0.0,0.018750000000000062,0.018750000000000048,2.797157557069881e-17,1.2509268882771001e-17,2.451816701023116e-17
stochastic,npg_exact_alpha_fisher,npg,exact,0.003,0.0001,1.0,3000,3e-07,0.001,10,4,0.01,50,1e-10,5,5,0,240.08513075462542,0.11,0.11000000000000001,1.5515838457795457e-17,6.938893903907228e-18,1.3600232051658167e-17,0.93,0.93,0.0,0.0,0.0,-1.928700000000001,-1.928700000000001,0.0,0.0,0.0,0.018750000000000062,0.018750000000000048,2.797157557069881e-17,1.2509268882771001e-17,2.451816701023116e-17
stochastic,npg_exact_alpha_fisher,npg,exact,0.001,0.0001,1.0,3000,3e-07,0.001,10,4,1e-06,50,1e-10,5,5,0,389.1454215172213,0.09,0.09,0.0,0.0,0.0,0.93,0.93,0.0,0.0,0.0,-1.9192500000000003,-1.9192500000000003,0.0,0.0,0.0,0.018750000000000062,0.018750000000000048,2.797157557069881e-17,1.2509268882771001e-17,2.451816701023116e-17
stochastic,npg_exact_alpha_fisher,npg,exact,0.001,0.0001,1.0,3000,3e-07,0.001,10,4,3e-06,50,1e-10,5,5,0,386.2186929981923,0.09,0.09,0.0,0.0,0.0,0.93,0.93,0.0,0.0,0.0,-1.9192500000000003,-1.9192500000000003,0.0,0.0,0.0,0.018750000000000062,0.018750000000000048,2.797157557069881e-17,1.2509268882771001e-17,2.451816701023116e-17
stochastic,npg_exact_alpha_fisher,npg,exact,0.001,0.0001,1.0,3000,3e-07,0.001,10,4,1e-05,50,1e-10,5,5,0,387.69500192062696,0.09,0.09,0.0,0.0,0.0,0.93,0.93,0.0,0.0,0.0,-1.9192500000000003,-1.9192500000000003,0.0,0.0,0.0,0.018750000000000062,0.018750000000000048,2.797157557069881e-17,1.2509268882771001e-17,2.451816701023116e-17
stochastic,npg_exact_alpha_fisher,npg,exact,0.001,0.0001,1.0,3000,3e-07,0.001,10,4,3e-05,50,1e-10,5,5,0,376.6916975938249,0.09,0.09,0.0,0.0,0.0,0.93,0.93,0.0,0.0,0.0,-1.9192500000000003,-1.9192500000000003,0.0,0.0,0.0,0.018750000000000062,0.018750000000000048,2.797157557069881e-17,1.2509268882771001e-17,2.451816701023116e-17
stochastic,npg_exact_alpha_fisher,npg,exact,0.001,0.0001,1.0,3000,3e-07,0.001,10,4,0.0001,50,1e-10,5,5,0,367.49941747940613,0.09,0.09,0.0,0.0,0.0,0.93,0.93,0.0,0.0,0.0,-1.9264500000000007,-1.9264500000000009,2.220446049250313e-16,9.930136612989092e-17,1.9463067761458618e-16,0.018750000000000062,0.018750000000000048,2.797157557069881e-17,1.2509268882771001e-17,2.451816701023116e-17
stochastic,npg_exact_alpha_fisher,npg,exact,0.001,0.0001,1.0,3000,3e-07,0.001,10,4,0.0003,50,1e-10,5,5,0,354.21575761801796,0.09,0.09,0.0,0.0,0.0,0.93,0.93,0.0,0.0,0.0,-1.9490500000000006,-1.9490500000000004,3.1401849173675503e-16,1.4043333874306804e-16,2.7524934393641336e-16,0.018750000000000062,0.018750000000000048,2.797157557069881e-17,1.2509268882771001e-17,2.451816701023116e-17
stochastic,npg_exact_alpha_fisher,npg,exact,0.001,0.0001,1.0,3000,3e-07,0.001,10,4,0.001,50,1e-10,5,5,0,330.23345858438404,0.08,0.08,0.0,0.0,0.0,0.93,0.93,0.0,0.0,0.0,-1.9643500000000005,-1.9643500000000003,2.482534153247273e-16,1.1102230246251565e-16,2.1760371282653068e-16,0.018750000000000062,0.018750000000000048,2.797157557069881e-17,1.2509268882771001e-17,2.451816701023116e-17
stochastic,npg_exact_alpha_fisher,npg,exact,0.001,0.0001,1.0,3000,3e-07,0.001,10,4,0.003,50,1e-10,5,5,0,283.138288508798,0.08,0.08,0.0,0.0,0.0,0.93,0.93,0.0,0.0,0.0,-1.9550000000000003,-1.9550000000000005,1.1102230246251565e-16,4.965068306494546e-17,9.731533880729309e-17,0.018750000000000062,0.018750000000000048,2.797157557069881e-17,1.2509268882771001e-17,2.451816701023116e-17
stochastic,npg_exact_alpha_fisher,npg,exact,0.0001,0.0001,1.0,3000,3e-07,0.001,10,4,1e-06,50,1e-10,5,5,0,369.9129236119799,0.06,0.06,0.0,0.0,0.0,0.93,0.93,0.0,0.0,0.0,-1.9562500000000005,-1.9562500000000003,2.482534153247273e-16,1.1102230246251565e-16,2.1760371282653068e-16,0.018750000000000062,0.018750000000000048,2.797157557069881e-17,1.2509268882771001e-17,2.451816701023116e-17
stochastic,npg_exact_alpha_fisher,npg,exact,0.0001,0.0001,1.0,3000,3e-07,0.001,10,4,3e-06,50,1e-10,5,5,0,360.0344586863881,0.06,0.06,0.0,0.0,0.0,0.93,0.93,0.0,0.0,0.0,-1.9562500000000005,-1.9562500000000003,2.482534153247273e-16,1.1102230246251565e-16,2.1760371282653068e-16,0.018750000000000062,0.018750000000000048,2.797157557069881e-17,1.2509268882771001e-17,2.451816701023116e-17
stochastic,npg_exact_alpha_fisher,npg,exact,0.0001,0.0001,1.0,3000,3e-07,0.001,10,4,1e-05,50,1e-10,5,5,0,365.9628745906055,0.06,0.06,0.0,0.0,0.0,0.93,0.93,0.0,0.0,0.0,-1.9562500000000005,-1.9562500000000003,2.482534153247273e-16,1.1102230246251565e-16,2.1760371282653068e-16,0.018750000000000062,0.018750000000000048,2.797157557069881e-17,1.2509268882771001e-17,2.451816701023116e-17
stochastic,npg_exact_alpha_fisher,npg,exact,0.0001,0.0001,1.0,3000,3e-07,0.001,10,4,3e-05,50,1e-10,5,5,0,370.7972708029556,0.06,0.06,0.0,0.0,0.0,0.93,0.93,0.0,0.0,0.0,-1.9562500000000005,-1.9562500000000003,2.482534153247273e-16,1.1102230246251565e-16,2.1760371282653068e-16,0.018750000000000062,0.018750000000000048,2.797157557069881e-17,1.2509268882771001e-17,2.451816701023116e-17
stochastic,npg_exact_alpha_fisher,npg,exact,0.0001,0.0001,1.0,3000,3e-07,0.001,10,4,0.0001,50,1e-10,5,5,0,355.8192325619981,0.06,0.06,0.0,0.0,0.0,0.93,0.93,0.0,0.0,0.0,-1.9562500000000005,-1.9562500000000003,2.482534153247273e-16,1.1102230246251565e-16,2.1760371282653068e-16,0.018750000000000062,0.018750000000000048,2.797157557069881e-17,1.2509268882771001e-17,2.451816701023116e-17
stochastic,npg_exact_alpha_fisher,npg,exact,0.0001,0.0001,1.0,3000,3e-07,0.001,10,4,0.0003,50,1e-10,5,5,0,343.94753452519655,0.06,0.06,0.0,0.0,0.0,0.93,0.93,0.0,0.0,0.0,-1.9542500000000007,-1.9542500000000007,0.0,0.0,0.0,0.018750000000000062,0.018750000000000048,2.797157557069881e-17,1.2509268882771001e-17,2.451816701023116e-17
stochastic,npg_exact_alpha_fisher,npg,exact,0.0001,0.0001,1.0,3000,3e-07,0.001,10,4,0.001,50,1e-10,5,5,0,322.85116076198176,0.06,0.06,0.0,0.0,0.0,0.93,0.93,0.0,0.0,0.0,-1.9542500000000007,-1.9542500000000007,0.0,0.0,0.0,0.018750000000000062,0.018750000000000048,2.797157557069881e-17,1.2509268882771001e-17,2.451816701023116e-17
stochastic,npg_exact_alpha_fisher,npg,exact,0.0001,0.0001,1.0,3000,3e-07,0.001,10,4,0.003,50,1e-10,5,5,0,283.74186756580605,0.06,0.06,0.0,0.0,0.0,0.93,0.93,0.0,0.0,0.0,-1.9538000000000004,-1.9538000000000004,0.0,0.0,0.0,0.018750000000000062,0.018750000000000048,2.797157557069881e-17,1.2509268882771001e-17,2.451816701023116e-17
stochastic,npg_exact_alpha_fisher,npg,exact,0.0003,0.0001,1.0,3000,3e-07,0.001,10,4,1e-06,50,1e-10,5,5,0,377.2624864740181,0.06,0.06,0.0,0.0,0.0,0.93,0.93,0.0,0.0,0.0,-1.9619500000000003,-1.9619500000000005,1.1102230246251565e-16,4.965068306494546e-17,9.731533880729309e-17,0.018750000000000062,0.018750000000000048,2.797157557069881e-17,1.2509268882771001e-17,2.451816701023116e-17
stochastic,npg_exact_alpha_fisher,npg,exact,0.0003,0.0001,1.0,3000,3e-07,0.001,10,4,3e-06,50,1e-10,5,5,0,377.23701760339316,0.06,0.06,0.0,0.0,0.0,0.93,0.93,0.0,0.0,0.0,-1.9619500000000003,-1.9619500000000005,1.1102230246251565e-16,4.965068306494546e-17,9.731533880729309e-17,0.018750000000000062,0.018750000000000048,2.797157557069881e-17,1.2509268882771001e-17,2.451816701023116e-17
stochastic,npg_exact_alpha_fisher,npg,exact,0.0003,0.0001,1.0,3000,3e-07,0.001,10,4,1e-05,50,1e-10,5,5,0,363.530956754589,0.06,0.06,0.0,0.0,0.0,0.93,0.93,0.0,0.0,0.0,-1.9619500000000003,-1.9619500000000005,1.1102230246251565e-16,4.965068306494546e-17,9.731533880729309e-17,0.018750000000000062,0.018750000000000048,2.797157557069881e-17,1.2509268882771001e-17,2.451816701023116e-17
stochastic,npg_exact_alpha_fisher,npg,exact,0.0003,0.0001,1.0,3000,3e-07,0.001,10,4,3e-05,50,1e-10,5,5,0,367.0967133291764,0.06,0.06,0.0,0.0,0.0,0.93,0.93,0.0,0.0,0.0,-1.9619500000000003,-1.9619500000000005,1.1102230246251565e-16,4.965068306494546e-17,9.731533880729309e-17,0.018750000000000062,0.018750000000000048,2.797157557069881e-17,1.2509268882771001e-17,2.451816701023116e-17
stochastic,npg_exact_alpha_fisher,npg,exact,0.0003,0.0001,1.0,3000,3e-07,0.001,10,4,0.0001,50,1e-10,5,5,0,369.33061160759536,0.06,0.06,0.0,0.0,0.0,0.93,0.93,0.0,0.0,0.0,-1.9619500000000003,-1.9619500000000005,1.1102230246251565e-16,4.965068306494546e-17,9.731533880729309e-17,0.018750000000000062,0.018750000000000048,2.797157557069881e-17,1.2509268882771001e-17,2.451816701023116e-17
stochastic,npg_exact_alpha_fisher,npg,exact,0.0003,0.0001,1.0,3000,3e-07,0.001,10,4,0.0003,50,1e-10,5,5,0,353.8453794725821,0.06,0.06,0.0,0.0,0.0,0.93,0.93,0.0,0.0,0.0,-1.9619500000000003,-1.9619500000000005,1.1102230246251565e-16,4.965068306494546e-17,9.731533880729309e-17,0.018750000000000062,0.018750000000000048,2.797157557069881e-17,1.2509268882771001e-17,2.451816701023116e-17
stochastic,npg_exact_alpha_fisher,npg,exact,0.0003,0.0001,1.0,3000,3e-07,0.001,10,4,0.003,50,1e-10,5,5,0,283.047872020409,0.06,0.06,0.0,0.0,0.0,0.93,0.93,0.0,0.0,0.0,-1.9650500000000009,-1.9650500000000009,0.0,0.0,0.0,0.018750000000000062,0.018750000000000048,2.797157557069881e-17,1.2509268882771001e-17,2.451816701023116e-17
stochastic,npg_exact_alpha_fisher,npg,exact,0.0003,0.0001,1.0,3000,3e-07,0.001,10,4,0.01,50,1e-10,5,5,0,243.02619064177853,0.06,0.06,0.0,0.0,0.0,0.93,0.93,0.0,0.0,0.0,-1.9526000000000006,-1.9526000000000008,2.220446049250313e-16,9.930136612989092e-17,1.9463067761458618e-16,0.018750000000000062,0.018750000000000048,2.797157557069881e-17,1.2509268882771001e-17,2.451816701023116e-17
stochastic,npg_exact_alpha_fisher,npg,exact,0.001,0.0001,1.0,3000,3e-07,0.001,10,4,0.01,50,1e-10,5,5,0,241.05544198197313,0.06,0.06,0.0,0.0,0.0,0.93,0.93,0.0,0.0,0.0,-1.9637,-1.9637,2.220446049250313e-16,9.930136612989092e-17,1.9463067761458618e-16,0.018750000000000062,0.018750000000000048,2.797157557069881e-17,1.2509268882771001e-17,2.451816701023116e-17
stochastic,npg_exact_alpha_fisher,npg,exact,0.0001,0.0001,1.0,3000,3e-07,0.001,10,4,0.01,50,1e-10,5,5,0,244.35637303517433,0.05,0.05,0.0,0.0,0.0,0.93,0.93,0.0,0.0,0.0,-1.9676000000000005,-1.9676000000000005,0.0,0.0,0.0,0.018750000000000062,0.018750000000000048,2.797157557069881e-17,1.2509268882771001e-17,2.451816701023116e-17
stochastic,npg_exact_alpha_fisher,npg,exact,0.0003,0.0001,1.0,3000,3e-07,0.001,10,4,0.001,50,1e-10,5,5,0,328.13542537321337,0.05,0.05,0.0,0.0,0.0,0.93,0.93,0.0,0.0,0.0,-1.9755000000000007,-1.9755000000000007,0.0,0.0,0.0,0.018750000000000062,0.018750000000000048,2.797157557069881e-17,1.2509268882771001e-17,2.451816701023116e-17
stochastic,npg_exact_alpha_fisher,npg,exact,1e-05,0.0001,1.0,3000,3e-07,0.001,10,4,1e-06,50,1e-10,5,5,0,356.3178535790183,0.04,0.04,0.0,0.0,0.0,0.93,0.93,0.0,0.0,0.0,-1.9877000000000005,-1.9877000000000007,2.482534153247273e-16,1.1102230246251565e-16,2.1760371282653068e-16,0.018750000000000062,0.018750000000000048,2.797157557069881e-17,1.2509268882771001e-17,2.451816701023116e-17
stochastic,npg_exact_alpha_fisher,npg,exact,1e-05,0.0001,1.0,3000,3e-07,0.001,10,4,3e-06,50,1e-10,5,5,0,359.379750108812,0.04,0.04,0.0,0.0,0.0,0.93,0.93,0.0,0.0,0.0,-1.9877000000000005,-1.9877000000000007,2.482534153247273e-16,1.1102230246251565e-16,2.1760371282653068e-16,0.018750000000000062,0.018750000000000048,2.797157557069881e-17,1.2509268882771001e-17,2.451816701023116e-17
stochastic,npg_exact_alpha_fisher,npg,exact,1e-05,0.0001,1.0,3000,3e-07,0.001,10,4,1e-05,50,1e-10,5,5,0,361.3124992502038,0.04,0.04,0.0,0.0,0.0,0.93,0.93,0.0,0.0,0.0,-1.9877000000000005,-1.9877000000000007,2.482534153247273e-16,1.1102230246251565e-16,2.1760371282653068e-16,0.018750000000000062,0.018750000000000048,2.797157557069881e-17,1.2509268882771001e-17,2.451816701023116e-17
stochastic,npg_exact_alpha_fisher,npg,exact,1e-05,0.0001,1.0,3000,3e-07,0.001,10,4,3e-05,50,1e-10,5,5,0,345.4134190049954,0.04,0.04,0.0,0.0,0.0,0.93,0.93,0.0,0.0,0.0,-1.9877000000000005,-1.9877000000000007,2.482534153247273e-16,1.1102230246251565e-16,2.1760371282653068e-16,0.018750000000000062,0.018750000000000048,2.797157557069881e-17,1.2509268882771001e-17,2.451816701023116e-17
stochastic,npg_exact_alpha_fisher,npg,exact,1e-05,0.0001,1.0,3000,3e-07,0.001,10,4,0.0001,50,1e-10,5,5,0,346.3657919039717,0.04,0.04,0.0,0.0,0.0,0.93,0.93,0.0,0.0,0.0,-1.9877000000000005,-1.9877000000000007,2.482534153247273e-16,1.1102230246251565e-16,2.1760371282653068e-16,0.018750000000000062,0.018750000000000048,2.797157557069881e-17,1.2509268882771001e-17,2.451816701023116e-17
stochastic,npg_exact_alpha_fisher,npg,exact,1e-05,0.0001,1.0,3000,3e-07,0.001,10,4,0.0003,50,1e-10,5,5,0,337.2363540457794,0.04,0.04,0.0,0.0,0.0,0.93,0.93,0.0,0.0,0.0,-1.9877000000000005,-1.9877000000000007,2.482534153247273e-16,1.1102230246251565e-16,2.1760371282653068e-16,0.018750000000000062,0.018750000000000048,2.797157557069881e-17,1.2509268882771001e-17,2.451816701023116e-17
stochastic,npg_exact_alpha_fisher,npg,exact,1e-05,0.0001,1.0,3000,3e-07,0.001,10,4,0.001,50,1e-10,5,5,0,314.6444319029688,0.04,0.04,0.0,0.0,0.0,0.93,0.93,0.0,0.0,0.0,-1.9877000000000005,-1.9877000000000007,2.482534153247273e-16,1.1102230246251565e-16,2.1760371282653068e-16,0.018750000000000062,0.018750000000000048,2.797157557069881e-17,1.2509268882771001e-17,2.451816701023116e-17
stochastic,npg_exact_alpha_fisher,npg,exact,1e-05,0.0001,1.0,3000,3e-07,0.001,10,4,0.003,50,1e-10,5,5,0,287.397732828639,0.04,0.04,0.0,0.0,0.0,0.93,0.93,0.0,0.0,0.0,-1.9877000000000005,-1.9877000000000007,2.482534153247273e-16,1.1102230246251565e-16,2.1760371282653068e-16,0.018750000000000062,0.018750000000000048,2.797157557069881e-17,1.2509268882771001e-17,2.451816701023116e-17
stochastic,npg_exact_alpha_fisher,npg,exact,1e-05,0.0001,1.0,3000,3e-07,0.001,10,4,0.01,50,1e-10,5,5,0,238.4804005218204,0.04,0.04,0.0,0.0,0.0,0.93,0.93,0.0,0.0,0.0,-1.9877000000000005,-1.9877000000000007,2.482534153247273e-16,1.1102230246251565e-16,2.1760371282653068e-16,0.018750000000000062,0.018750000000000048,2.797157557069881e-17,1.2509268882771001e-17,2.451816701023116e-17
stochastic,npg_exact_alpha_fisher,npg,exact,3e-05,0.0001,1.0,3000,3e-07,0.001,10,4,1e-06,50,1e-10,5,5,0,356.03482768379615,0.04,0.04,0.0,0.0,0.0,0.93,0.93,0.0,0.0,0.0,-1.9877000000000005,-1.9877000000000007,2.482534153247273e-16,1.1102230246251565e-16,2.1760371282653068e-16,0.018750000000000062,0.018750000000000048,2.797157557069881e-17,1.2509268882771001e-17,2.451816701023116e-17
stochastic,npg_exact_alpha_fisher,npg,exact,3e-05,0.0001,1.0,3000,3e-07,0.001,10,4,3e-06,50,1e-10,5,5,0,360.2504572506179,0.04,0.04,0.0,0.0,0.0,0.93,0.93,0.0,0.0,0.0,-1.9877000000000005,-1.9877000000000007,2.482534153247273e-16,1.1102230246251565e-16,2.1760371282653068e-16,0.018750000000000062,0.018750000000000048,2.797157557069881e-17,1.2509268882771001e-17,2.451816701023116e-17
stochastic,npg_exact_alpha_fisher,npg,exact,3e-05,0.0001,1.0,3000,3e-07,0.001,10,4,1e-05,50,1e-10,5,5,0,362.40493570298423,0.04,0.04,0.0,0.0,0.0,0.93,0.93,0.0,0.0,0.0,-1.9877000000000005,-1.9877000000000007,2.482534153247273e-16,1.1102230246251565e-16,2.1760371282653068e-16,0.018750000000000062,0.018750000000000048,2.797157557069881e-17,1.2509268882771001e-17,2.451816701023116e-17
stochastic,npg_exact_alpha_fisher,npg,exact,3e-05,0.0001,1.0,3000,3e-07,0.001,10,4,3e-05,50,1e-10,5,5,0,361.7713349353755,0.04,0.04,0.0,0.0,0.0,0.93,0.93,0.0,0.0,0.0,-1.9877000000000005,-1.9877000000000007,2.482534153247273e-16,1.1102230246251565e-16,2.1760371282653068e-16,0.018750000000000062,0.018750000000000048,2.797157557069881e-17,1.2509268882771001e-17,2.451816701023116e-17
stochastic,npg_exact_alpha_fisher,npg,exact,3e-05,0.0001,1.0,3000,3e-07,0.001,10,4,0.0001,50,1e-10,5,5,0,356.80084273180694,0.04,0.04,0.0,0.0,0.0,0.93,0.93,0.0,0.0,0.0,-1.9877000000000005,-1.9877000000000007,2.482534153247273e-16,1.1102230246251565e-16,2.1760371282653068e-16,0.018750000000000062,0.018750000000000048,2.797157557069881e-17,1.2509268882771001e-17,2.451816701023116e-17
stochastic,npg_exact_alpha_fisher,npg,exact,3e-05,0.0001,1.0,3000,3e-07,0.001,10,4,0.0003,50,1e-10,5,5,0,340.0229297682061,0.04,0.04,0.0,0.0,0.0,0.93,0.93,0.0,0.0,0.0,-1.9877000000000005,-1.9877000000000007,2.482534153247273e-16,1.1102230246251565e-16,2.1760371282653068e-16,0.018750000000000062,0.018750000000000048,2.797157557069881e-17,1.2509268882771001e-17,2.451816701023116e-17
stochastic,npg_exact_alpha_fisher,npg,exact,3e-05,0.0001,1.0,3000,3e-07,0.001,10,4,0.001,50,1e-10,5,5,0,319.01523459361636,0.04,0.04,0.0,0.0,0.0,0.93,0.93,0.0,0.0,0.0,-1.9877000000000005,-1.9877000000000007,2.482534153247273e-16,1.1102230246251565e-16,2.1760371282653068e-16,0.018750000000000062,0.018750000000000048,2.797157557069881e-17,1.2509268882771001e-17,2.451816701023116e-17
stochastic,npg_exact_alpha_fisher,npg,exact,3e-05,0.0001,1.0,3000,3e-07,0.001,10,4,0.003,50,1e-10,5,5,0,284.54944045938316,0.04,0.04,0.0,0.0,0.0,0.93,0.93,0.0,0.0,0.0,-1.9877000000000005,-1.9877000000000007,2.482534153247273e-16,1.1102230246251565e-16,2.1760371282653068e-16,0.018750000000000062,0.018750000000000048,2.797157557069881e-17,1.2509268882771001e-17,2.451816701023116e-17
stochastic,npg_exact_alpha_fisher,npg,exact,3e-05,0.0001,1.0,3000,3e-07,0.001,10,4,0.01,50,1e-10,5,5,0,238.89762030462734,0.04,0.04,0.0,0.0,0.0,0.93,0.93,0.0,0.0,0.0,-1.9877000000000005,-1.9877000000000007,2.482534153247273e-16,1.1102230246251565e-16,2.1760371282653068e-16,0.018750000000000062,0.018750000000000048,2.797157557069881e-17,1.2509268882771001e-17,2.451816701023116e-17
stochastic,npg_exact_alpha_fisher,npg,exact,0.03,0.0001,1.0,3000,3e-07,0.001,10,4,0.003,50,1e-10,5,5,0,286.1432383190142,0.83,0.8299999999999998,1.2412670766236366e-16,5.551115123125783e-17,1.0880185641326534e-16,0.89,0.89,0.0,0.0,0.0,-0.4177500000000003,-0.4177500000000003,0.0,0.0,0.0,-0.07665,-0.07665,0.0,0.0,0.0
stochastic,npg_exact_alpha_fisher,npg,exact,0.03,0.0001,1.0,3000,3e-07,0.001,10,4,1e-05,50,1e-10,5,5,0,408.8571342475945,0.81,0.8100000000000002,1.2412670766236366e-16,5.551115123125783e-17,1.0880185641326534e-16,0.89,0.89,0.0,0.0,0.0,-0.4722000000000003,-0.4722000000000003,0.0,0.0,0.0,-0.07665,-0.07665,0.0,0.0,0.0
stochastic,npg_exact_alpha_fisher,npg,exact,0.03,0.0001,1.0,3000,3e-07,0.001,10,4,3e-05,50,1e-10,5,5,0,415.84555002098205,0.81,0.8100000000000002,1.2412670766236366e-16,5.551115123125783e-17,1.0880185641326534e-16,0.89,0.89,0.0,0.0,0.0,-0.4712000000000003,-0.47120000000000034,6.206335383118183e-17,2.7755575615628914e-17,5.440092820663267e-17,-0.07665,-0.07665,0.0,0.0,0.0
stochastic,npg_exact_alpha_fisher,npg,exact,0.03,0.0001,1.0,3000,3e-07,0.001,10,4,0.0001,50,1e-10,5,5,0,397.2454604887986,0.81,0.8100000000000002,1.2412670766236366e-16,5.551115123125783e-17,1.0880185641326534e-16,0.89,0.89,0.0,0.0,0.0,-0.4635500000000003,-0.4635500000000004,7.850462293418876e-17,3.510833468576701e-17,6.881233598410334e-17,-0.07665,-0.07665,0.0,0.0,0.0
stochastic,npg_exact_alpha_fisher,npg,exact,0.1,0.0001,1.0,3000,3e-07,0.001,10,4,0.0001,50,1e-10,5,5,0,404.41002456815914,0.81,0.8100000000000002,1.2412670766236366e-16,5.551115123125783e-17,1.0880185641326534e-16,0.35,0.35,0.0,0.0,0.0,-0.4120500000000002,-0.41205000000000014,6.206335383118183e-17,2.7755575615628914e-17,5.440092820663267e-17,-1.4244500000000004,-1.4244500000000004,0.0,0.0,0.0
stochastic,npg_exact_alpha_fisher,npg,exact,0.1,0.0001,1.0,3000,3e-07,0.001,10,4,0.003,50,1e-10,5,5,0,281.2286097884062,0.79,0.79,0.0,0.0,0.0,0.35,0.35,0.0,0.0,0.0,-0.5012500000000003,-0.5012500000000003,0.0,0.0,0.0,-1.4244500000000004,-1.4244500000000004,0.0,0.0,0.0
stochastic,sgd_exact_alpha,sgd,exact,0.01,0.0001,1.0,3000,3e-07,0.001,10,4,0.001,50,1e-10,5,5,0,110.17513066240353,0.06,0.06,0.0,0.0,0.0,0.93,0.93,0.0,0.0,0.0,-1.9551500000000004,-1.9551500000000004,0.0,0.0,0.0,0.018750000000000062,0.018750000000000048,2.797157557069881e-17,1.2509268882771001e-17,2.451816701023116e-17
stochastic,sgd_exact_alpha,sgd,exact,0.003,0.0001,1.0,3000,3e-07,0.001,10,4,0.001,50,1e-10,5,5,0,117.57865143796661,0.05,0.05,0.0,0.0,0.0,0.93,0.93,0.0,0.0,0.0,-1.9766000000000006,-1.9766000000000006,1.1102230246251565e-16,4.965068306494546e-17,9.731533880729309e-17,0.018750000000000062,0.018750000000000048,2.797157557069881e-17,1.2509268882771001e-17,2.451816701023116e-17
stochastic,sgd_exact_alpha,sgd,exact,0.03,0.0001,1.0,3000,3e-07,0.001,10,4,0.001,50,1e-10,5,5,0,113.4625847222167,0.05,0.05,0.0,0.0,0.0,0.93,0.93,0.0,0.0,0.0,-1.9700500000000007,-1.970050000000001,2.482534153247273e-16,1.1102230246251565e-16,2.1760371282653068e-16,0.018750000000000062,0.018750000000000048,2.797157557069881e-17,1.2509268882771001e-17,2.451816701023116e-17
stochastic,sgd_exact_alpha,sgd,exact,1e-05,0.0001,1.0,3000,3e-07,0.001,10,4,0.001,50,1e-10,5,5,0,116.31201176181203,0.04,0.04,0.0,0.0,0.0,0.93,0.93,0.0,0.0,0.0,-1.9899000000000007,-1.989900000000001,2.220446049250313e-16,9.930136612989092e-17,1.9463067761458618e-16,0.018750000000000062,0.018750000000000048,2.797157557069881e-17,1.2509268882771001e-17,2.451816701023116e-17
stochastic,sgd_exact_alpha,sgd,exact,3e-05,0.0001,1.0,3000,3e-07,0.001,10,4,0.001,50,1e-10,5,5,0,116.2877178685856,0.04,0.04,0.0,0.0,0.0,0.93,0.93,0.0,0.0,0.0,-1.9899000000000007,-1.989900000000001,2.220446049250313e-16,9.930136612989092e-17,1.9463067761458618e-16,0.018750000000000062,0.018750000000000048,2.797157557069881e-17,1.2509268882771001e-17,2.451816701023116e-17
stochastic,sgd_exact_alpha,sgd,exact,0.0001,0.0001,1.0,3000,3e-07,0.001,10,4,0.001,50,1e-10,5,5,0,120.08236424822826,0.04,0.04,0.0,0.0,0.0,0.93,0.93,0.0,0.0,0.0,-1.9877000000000005,-1.9877000000000007,2.482534153247273e-16,1.1102230246251565e-16,2.1760371282653068e-16,0.018750000000000062,0.018750000000000048,2.797157557069881e-17,1.2509268882771001e-17,2.451816701023116e-17
stochastic,sgd_exact_alpha,sgd,exact,0.0003,0.0001,1.0,3000,3e-07,0.001,10,4,0.001,50,1e-10,5,5,0,120.68780772719765,0.04,0.04,0.0,0.0,0.0,0.93,0.93,0.0,0.0,0.0,-1.9877000000000005,-1.9877000000000007,2.482534153247273e-16,1.1102230246251565e-16,2.1760371282653068e-16,0.018750000000000062,0.018750000000000048,2.797157557069881e-17,1.2509268882771001e-17,2.451816701023116e-17
stochastic,sgd_exact_alpha,sgd,exact,0.001,0.0001,1.0,3000,3e-07,0.001,10,4,0.001,50,1e-10,5,5,0,122.05073614341673,0.04,0.04,0.0,0.0,0.0,0.93,0.93,0.0,0.0,0.0,-1.9877000000000005,-1.9877000000000007,2.482534153247273e-16,1.1102230246251565e-16,2.1760371282653068e-16,0.018750000000000062,0.018750000000000048,2.797157557069881e-17,1.2509268882771001e-17,2.451816701023116e-17
