alpha,eta,rho,T,theta_lr,theta_inner_steps,theta_lambda,batch_size,hidden_sizes,beta_reg,theta_mode,theta_optimizer,theta_start_mode,beta_update,policy_optimizer,policy_gradient,nn_seed,seed,device,status,error,elapsed_seconds,greedy_mean_steps,greedy_std_steps,greedy_success_rate,greedy_avg_env_return,greedy_std_env_return,solver_mean_steps,solver_std_steps,solver_success_rate,solver_avg_env_return,solver_std_env_return,final_total_loss,final_policy_objective,final_beta_objective,final_q_objective,final_theta_norm,final_policy_grad_norm,final_beta_grad_norm,final_theta_grad_norm,run_idx
0.0001,1e-06,0.02,20000,0.0003,10,1e-08,,16x16,,reg_fixed,adam,warm,fogas_diag,adam,exact,44,44,cuda:5,ok,,924.6905168140074,167.9,22.30819480719037,0.7,-167.9,22.30819480719037,167.0,23.079572497485014,0.7,-167.0,23.079572497485014,-102.67490588139263,-99.72816938113633,-0.5198472918308105,-102.67999767070908,374.3330787241394,0.06886292669904492,5.038000285670841,0.41443295355092263,62
0.0001,1e-06,0.005,20000,0.0003,10,1e-08,,16x16,,reg_fixed,adam,warm,fogas_diag,adam,exact,44,44,cuda:3,ok,,915.0519416030147,164.4,12.553883861180172,0.9,-164.4,12.553883861180172,179.4,21.767457872296948,0.5,-179.4,21.767457872296948,-102.66493486172438,-99.45875624880242,-0.5107731583641857,-102.66954310896526,405.7852108985468,0.0652606053542358,6.25660747005108,0.4147488467689957,52
0.0002,3e-07,0.02,20000,0.001,10,1e-06,,16x16,,reg_fixed,adam,warm,fogas_diag,adam,exact,44,44,cuda:7,ok,,925.9323370740167,150.3,2.7100635498903793,1.0,-150.3,2.7100635498903793,186.1,22.38774466334452,0.3,-186.1,22.38774466334452,-342.16795600331716,-335.1654383534098,-2.015984675498096,-342.17159520087876,897.7386689658537,4.382926993693224,152.08243270658545,0.46775592709855407,120
0.0001,1e-06,0.02,20000,0.0003,10,3e-08,,16x16,,reg_fixed,adam,warm,fogas_diag,adam,exact,44,44,cuda:6,ok,,930.3620554219815,166.4,23.2197234168617,0.7,-166.4,23.2197234168617,195.8,13.281566172707192,0.1,-195.8,13.281566172707192,-102.64163530443209,-100.48764238752725,-0.49036501398917776,-102.64608131440892,342.85807609066603,0.19858498281424453,19.80857149308283,0.41899308313449185,63
0.0002,1e-06,0.005,20000,0.001,10,3e-08,,16x16,,reg_fixed,adam,warm,fogas_diag,adam,exact,44,44,cuda:5,ok,,921.6300166200381,200.0,0.0,0.0,-200.0,0.0,199.4,1.8973665961010275,0.1,-199.4,1.8973665961010275,-341.8381433897632,-338.76039548173475,-1.8908716999358484,-341.8403374151838,954.067648159096,2.5523025306279044,55.322793429700816,0.45619346533584415,158
0.0002,3e-07,0.02,20000,0.001,10,1e-09,,16x16,,reg_fixed,adam,warm,fogas_diag,adam,exact,44,44,cuda:3,ok,,915.335650441004,154.1,16.134504089751943,0.9,-154.1,16.134504089751943,200.0,0.0,0.0,-200.0,0.0,-341.56916383765815,-328.66367007978596,-1.6969730242092607,-341.5740979030442,911.6403627000734,0.141784394253784,13.89355791781586,0.5931801546899805,116
0.0001,1e-06,0.005,20000,0.0003,10,3e-08,,16x16,,reg_fixed,adam,warm,fogas_diag,adam,exact,44,44,cuda:4,ok,,920.5319118109765,156.5,31.83027908559186,0.9,-156.5,31.83027908559186,200.0,0.0,0.0,-200.0,0.0,-102.65214536313808,-100.06478517775759,-0.5058333678916634,-102.66336719242007,332.9530990280609,0.6094911491230088,30.201072971861763,0.41765521033211833,53
0.0002,3e-07,0.005,20000,0.001,10,1e-08,,16x16,,reg_fixed,adam,warm,fogas_diag,adam,exact,44,44,cuda:2,ok,,898.6498234960018,161.0,26.915505650915133,0.7,-161.0,26.915505650915133,200.0,0.0,0.0,-200.0,0.0,-341.86852782999176,-330.9659411471814,-1.71608864124822,-341.87304033125224,946.6294567857615,0.1712819639076235,12.49123632794576,0.4197174603518148,107
0.0002,3e-07,0.5,20000,0.001,10,1e-08,,16x16,,reg_fixed,adam,warm,fogas_diag,adam,exact,44,44,cuda:2,ok,,896.6408496020013,163.8,24.98355014360004,0.7,-163.8,24.98355014360004,200.0,0.0,0.0,-200.0,0.0,-342.12125607132003,-330.3301592551037,-1.9700786595982427,-342.1262395690219,955.1453973465856,0.14836110855830634,12.974546007703875,0.42539481714890925,147
0.0002,1e-06,0.02,20000,0.001,10,1e-09,,16x16,,reg_fixed,adam,warm,fogas_diag,adam,exact,44,44,cuda:5,ok,,923.2944279859657,184.9,16.14827132131073,0.5,-184.9,16.14827132131073,200.0,0.0,0.0,-200.0,0.0,-132.03601269315672,-252.6611225180941,11.602897436056692,-132.52235111185288,659.3062818262237,10.068478571895781,52.39967951029965,3.946838953438497,166
0.0001,1e-06,0.5,20000,0.001,10,1e-07,,16x16,,reg_fixed,adam,warm,fogas_diag,adam,exact,44,44,cuda:2,ok,,895.4921977430349,194.0,4.371625682868,0.8,-194.0,4.371625682868,200.0,0.0,0.0,-200.0,0.0,-150.26795474821222,344.3421683763378,-52.4657956548607,-151.00142051132048,445.40080120042654,45.81689359584704,148.1881952469805,10.307759704301215,99
0.0001,1e-06,0.1,20000,0.001,10,1e-07,,16x16,,reg_fixed,adam,warm,fogas_diag,adam,exact,44,44,cuda:0,ok,,891.0952044490259,196.5,2.718251071716682,0.7,-196.5,2.718251071716682,200.0,0.0,0.0,-200.0,0.0,-149.84726032965935,172.0874533897853,-49.665868084924625,-150.43356131911028,441.77936445321967,40.832470677497106,164.01412699990465,6.438977550479592,89
0.0001,1e-06,0.05,20000,0.001,10,1e-07,,16x16,,reg_fixed,adam,warm,fogas_diag,adam,exact,44,44,cuda:6,ok,,927.3212021840154,196.9,5.216427044549853,0.3,-196.9,5.216427044549853,200.0,0.0,0.0,-200.0,0.0,-152.84545209857362,95.51976851955385,-51.11773211381702,-153.45960106086386,463.6615508276328,33.219373842929414,171.51779291077187,18.764552413590884,79
0.0001,3e-07,0.005,20000,0.001,10,1e-07,,16x16,,reg_fixed,adam,warm,fogas_diag,adam,exact,44,44,cuda:0,ok,,886.4524855560157,200.0,0.0,0.0,-200.0,0.0,200.0,0.0,0.0,-200.0,0.0,-306.4795699113358,-303.2568214301751,-6.242430973831176,-306.4814832295273,800.8502770924038,1.7207524652202455,51.750003891642734,0.4254872462390452,9
0.0002,3e-07,0.005,20000,0.0003,10,1e-06,,16x16,,reg_fixed,adam,warm,fogas_diag,adam,exact,44,44,cuda:0,ok,,887.4485314509948,200.0,0.0,0.0,-200.0,0.0,200.0,0.0,0.0,-200.0,0.0,-103.09714127381484,-97.66255241752447,-0.9433281855695976,-103.09938983945231,283.52673804614477,0.015205508374365254,7.823367673662682,0.41588690633114966,105
0.0002,3e-07,0.05,20000,0.0003,10,1e-09,,16x16,,reg_fixed,adam,warm,fogas_diag,adam,exact,44,44,cuda:0,ok,,887.6766529579763,200.0,0.0,0.0,-200.0,0.0,200.0,0.0,0.0,-200.0,0.0,-96.9763084758524,-117.29458950061738,4.973472214459493,-97.59094774755441,260.2147299073247,0.8206729856308924,36.62238248456849,0.6804476043002583,121
0.0001,3e-07,0.1,20000,0.0003,10,3e-08,,16x16,,reg_fixed,adam,warm,fogas_diag,adam,exact,44,44,cuda:0,ok,,888.4603710979572,200.0,0.0,0.0,-200.0,0.0,200.0,0.0,0.0,-200.0,0.0,-103.23083858389047,-99.38890077067829,-1.0751815281320316,-103.23043539251077,351.45139755336265,0.3015768296912392,24.01949503093588,0.4245214323612249,33
0.0002,1e-06,0.005,20000,0.0003,10,3e-08,,16x16,,reg_fixed,adam,warm,fogas_diag,adam,exact,44,44,cuda:0,ok,,889.6094235869823,200.0,0.0,0.0,-200.0,0.0,200.0,0.0,0.0,-200.0,0.0,-95.23549265948155,-144.236566962973,6.898796453608849,-95.54080994407019,388.99037734880835,2.2295931244810316,32.04436876894451,0.4092848802020227,153
0.0001,1e-06,0.1,20000,0.0003,10,1e-09,,16x16,,reg_fixed,adam,warm,fogas_diag,adam,exact,44,44,cuda:0,ok,,889.7583714369684,200.0,0.0,0.0,-200.0,0.0,200.0,0.0,0.0,-200.0,0.0,21.227675911260036,122.868587880318,-10.02849696396368,20.90130574310875,322.6160566417027,0.07325920533591479,56.19512307999996,0.2757404475827013,81
0.0002,3e-07,0.02,20000,0.0003,10,3e-08,,16x16,,reg_fixed,adam,warm,fogas_diag,adam,exact,44,44,cuda:0,ok,,889.7676536740037,200.0,0.0,0.0,-200.0,0.0,200.0,0.0,0.0,-200.0,0.0,-102.63810948808529,-102.69107570036837,-0.48184687339611965,-102.69198756184281,325.8189033893239,0.5825161029520014,32.35026636011035,0.4157254484451553,113
0.0002,1e-06,0.02,20000,0.0003,10,1e-09,,16x16,,reg_fixed,adam,warm,fogas_diag,adam,exact,44,44,cuda:0,ok,,890.0765696860035,200.0,0.0,0.0,-200.0,0.0,200.0,0.0,0.0,-200.0,0.0,40.659626534558456,-537.9818901236326,61.55712913093176,37.89923041837392,295.9212925414291,0.15700563548891489,64.8976007032652,0.7956518933526071,161
0.0001,1e-06,0.005,20000,0.001,10,1e-08,,16x16,,reg_fixed,adam,warm,fogas_diag,adam,exact,44,44,cuda:0,ok,,890.1618396160193,200.0,0.0,0.0,-200.0,0.0,200.0,0.0,0.0,-200.0,0.0,-4.190003214533348,1162.7218983901805,-117.78197126099708,-5.2181925053844225,516.1706244651537,0.022257014552104912,247.94730388231244,0.02629869581437013,57
0.0001,3e-07,0.05,20000,0.0003,10,1e-06,,16x16,,reg_fixed,adam,warm,fogas_diag,adam,exact,44,44,cuda:0,ok,,890.3097515110276,200.0,0.0,0.0,-200.0,0.0,200.0,0.0,0.0,-200.0,0.0,-103.16198460935622,-96.73782027302943,-1.0055600928570716,-103.16085215328765,307.8407933475829,0.31687583792618285,47.28777785336274,0.41891318804698674,25
0.0001,3e-07,0.02,20000,0.001,10,1e-08,,16x16,,reg_fixed,adam,warm,fogas_diag,adam,exact,44,44,cuda:0,ok,,890.3323140490102,200.0,0.0,0.0,-200.0,0.0,200.0,0.0,0.0,-200.0,0.0,-342.95648248897345,-332.8900280791532,-2.800578562734227,-342.9541789139199,949.9092578056399,0.2472500829188444,28.833668291725267,0.41669910205910743,17
0.0002,3e-07,0.5,20000,0.0003,10,1e-06,,16x16,,reg_fixed,adam,warm,fogas_diag,adam,exact,44,44,cuda:0,ok,,890.3458939190023,200.0,0.0,0.0,-200.0,0.0,200.0,0.0,0.0,-200.0,0.0,-101.81657590169279,-93.5458417289039,0.0902201226553566,-101.8550960851494,299.93298276960394,7.728518725447025,96.98912294555542,13.073775060707353,145
0.0002,1e-06,0.05,20000,0.001,10,1e-08,,16x16,,reg_fixed,adam,warm,fogas_diag,adam,exact,44,44,cuda:0,ok,,890.3606997049646,200.0,0.0,0.0,-200.0,0.0,200.0,0.0,0.0,-200.0,0.0,-340.95820384236345,-338.35601894521994,-0.8036536612010812,-340.9586873257852,949.5275082188754,0.0007941007798183666,38.31962050599748,0.41387151602606703,177
0.0001,1e-06,0.05,20000,0.0003,10,3e-08,,16x16,,reg_fixed,adam,warm,fogas_diag,adam,exact,44,44,cuda:0,ok,,890.4550092710415,200.0,0.0,0.0,-200.0,0.0,200.0,0.0,0.0,-200.0,0.0,-103.00718004797383,-100.39287544221189,-0.8526042059152217,-103.01479007459672,315.85481859359595,0.9851135872833312,25.09360841181013,0.45596705723064096,73
0.0002,3e-07,0.05,20000,0.001,10,1e-07,,16x16,,reg_fixed,adam,warm,fogas_diag,adam,exact,44,44,cuda:0,ok,,890.8303720619879,200.0,0.0,0.0,-200.0,0.0,200.0,0.0,0.0,-200.0,0.0,-343.0428065659658,-327.4535472254112,-2.8867657799957605,-343.0374942137549,913.9638305798039,1.8053286778158295,31.559457856703656,0.41612027345188096,129
0.0002,3e-07,0.1,20000,0.001,10,1e-08,,16x16,,reg_fixed,adam,warm,fogas_diag,adam,exact,44,44,cuda:0,ok,,890.8490130720311,200.0,0.0,0.0,-200.0,0.0,200.0,0.0,0.0,-200.0,0.0,-342.4057563423602,-335.8912869465037,-2.250208101128861,-342.40569801803053,943.2532396065022,0.13250034752942233,32.76990394443066,0.41668903547101993,137
0.0001,1e-06,0.5,20000,0.001,10,1e-08,,16x16,,reg_fixed,adam,warm,fogas_diag,adam,exact,44,44,cuda:0,ok,,890.9220093069598,200.0,0.0,0.0,-200.0,0.0,200.0,0.0,0.0,-200.0,0.0,-1.640257966141931,1139.5939701280893,-115.25132513348777,-2.6457893808051267,516.2521452234586,0.028879746106860227,245.795095368629,1.158990168124277,97
0.0001,1e-06,0.02,20000,0.0003,10,1e-06,,16x16,,reg_fixed,adam,warm,fogas_diag,adam,exact,44,44,cuda:0,ok,,891.1056329560233,200.0,0.0,0.0,-200.0,0.0,200.0,0.0,0.0,-200.0,0.0,-95.26297868114273,-148.24604518317912,6.875871272451767,-95.51589097829273,369.47462386541645,1.4558211637362655,32.385049532716636,1.21539382021175,65
0.0001,3e-07,0.5,20000,0.001,10,1e-07,,16x16,,reg_fixed,adam,warm,fogas_diag,adam,exact,44,44,cuda:0,ok,,891.5919461699668,200.0,0.0,0.0,-200.0,0.0,200.0,0.0,0.0,-200.0,0.0,-341.9358566841512,-336.6256925186457,-1.781855720985494,-341.9345827266529,970.0132171117864,1.6697465819891337,76.21648480150564,0.46783891403760713,49
0.0002,1e-06,0.02,20000,0.001,10,1e-07,,16x16,,reg_fixed,adam,warm,fogas_diag,adam,exact,44,44,cuda:0,ok,,892.4944154999685,200.0,0.0,0.0,-200.0,0.0,200.0,0.0,0.0,-200.0,0.0,-342.39164017340653,-330.71034623585905,-2.2459928787471464,-342.39656014776824,932.3276725793327,1.630842463412728,423.279321892156,1.5702105002529987,169
0.0001,3e-07,0.5,20000,0.0003,10,1e-09,,16x16,,reg_fixed,adam,warm,fogas_diag,adam,exact,44,44,cuda:0,ok,,892.9042942140368,200.0,0.0,0.0,-200.0,0.0,200.0,0.0,0.0,-200.0,0.0,36.05103216767766,395.3113292314,-36.1006922918052,35.552417735110566,205.07621243201842,7.462914499074034e-09,136.88746842019648,0.20316423609459144,41
0.0002,1e-06,0.02,20000,0.0003,10,1e-08,,16x16,,reg_fixed,adam,warm,fogas_diag,adam,exact,44,44,cuda:1,ok,,893.464399539982,200.0,0.0,0.0,-200.0,0.0,200.0,0.0,0.0,-200.0,0.0,-79.6501661130678,-316.6260554072925,16.377061288141082,-80.07981008228336,297.56663363175255,85.56048524527334,60.9136638968617,24.225917435884337,162
0.0002,3e-07,0.1,20000,0.001,10,3e-08,,16x16,,reg_fixed,adam,warm,fogas_diag,adam,exact,44,44,cuda:1,ok,,894.1038149300148,200.0,0.0,0.0,-200.0,0.0,200.0,0.0,0.0,-200.0,0.0,-325.20972560204086,-316.1193913480831,-2.8365372472021426,-325.20813647649857,873.0333491985929,0.17171069121572685,25.491763418176003,0.4165072569875413,138
0.0001,3e-07,0.005,20000,0.001,10,1e-09,,16x16,,reg_fixed,adam,warm,fogas_diag,adam,exact,44,44,cuda:5,ok,,894.3547246449743,200.0,0.0,0.0,-200.0,0.0,200.0,0.0,0.0,-200.0,0.0,137.20430956131634,-1931.6558436140685,212.89806579650474,134.4723801170685,431.71482166420117,0.0038410347973345574,226.04823606235985,1.8294735119058223,1
0.0001,1e-06,0.005,20000,0.001,10,3e-08,,16x16,,reg_fixed,adam,warm,fogas_diag,adam,exact,44,44,cuda:1,ok,,894.5170328610111,200.0,0.0,0.0,-200.0,0.0,200.0,0.0,0.0,-200.0,0.0,-1.0197987638403845,1139.5970596532884,-115.21143568317311,-2.0197047651024604,496.8505323452296,0.009921931239825012,247.62915747638695,1.0778321921133946,58
0.0002,1e-06,0.05,20000,0.001,10,3e-08,,16x16,,reg_fixed,adam,warm,fogas_diag,adam,exact,44,44,cuda:1,ok,,894.5299287289963,200.0,0.0,0.0,-200.0,0.0,200.0,0.0,0.0,-200.0,0.0,-340.9120613293815,-336.64484898534687,-0.7608735510058167,-340.9120694028905,921.4741658965896,0.024520805741274337,78.22244706808318,0.41543000570869715,178
0.0002,3e-07,0.5,20000,0.001,10,1e-09,,16x16,,reg_fixed,adam,warm,fogas_diag,adam,exact,44,44,cuda:1,ok,,894.7056687420118,200.0,0.0,0.0,-200.0,0.0,200.0,0.0,0.0,-200.0,0.0,-153.00773293345745,-280.24562977795836,15.32945510010894,-153.5052916711343,430.5141956409526,4.309549722962946,79.9252806759636,1.621583200081007,146
0.0001,3e-07,0.1,20000,0.0003,10,1e-06,,16x16,,reg_fixed,adam,warm,fogas_diag,adam,exact,44,44,cuda:2,ok,,894.7914035050198,200.0,0.0,0.0,-200.0,0.0,200.0,0.0,0.0,-200.0,0.0,-103.11615623600443,-98.71505029080974,-0.9644181721938389,-103.12322365647881,345.09959217515666,0.16228896448220534,16.293311793138475,0.4160448218975572,35
0.0001,1e-06,0.5,20000,0.0003,10,1e-09,,16x16,,reg_fixed,adam,warm,fogas_diag,adam,exact,44,44,cuda:2,ok,,894.8379164190264,200.0,0.0,0.0,-200.0,0.0,200.0,0.0,0.0,-200.0,0.0,21.202328163034327,121.64873537344057,-9.90915380114329,20.87828889775642,322.3265663066198,0.07192605240908503,55.563294233943466,0.27671354335075865,91
0.0001,1e-06,0.5,20000,0.001,10,3e-08,,16x16,,reg_fixed,adam,warm,fogas_diag,adam,exact,44,44,cuda:1,ok,,894.9572835580329,200.0,0.0,0.0,-200.0,0.0,200.0,0.0,0.0,-200.0,0.0,-1.4582307923325004,1138.2220540938788,-115.10601109493739,-2.4620991188412518,473.7584085093179,0.007737582912687903,245.7400996678273,0.9479195830350213,98
0.0001,3e-07,0.5,20000,0.001,10,1e-06,,16x16,,reg_fixed,adam,warm,fogas_diag,adam,exact,44,44,cuda:1,ok,,894.9929854199872,200.0,0.0,0.0,-200.0,0.0,200.0,0.0,0.0,-200.0,0.0,-342.5994369783402,-335.204331831288,-2.4445497419092828,-342.598783339232,900.4579604750159,0.12995912646686092,28.93900261766561,0.4168083097506485,50
0.0001,3e-07,0.5,20000,0.0003,10,1e-08,,16x16,,reg_fixed,adam,warm,fogas_diag,adam,exact,44,44,cuda:1,ok,,895.0591159879696,200.0,0.0,0.0,-200.0,0.0,200.0,0.0,0.0,-200.0,0.0,-102.84590234155435,-101.89773013758493,-1.037147126898568,-102.8538323809352,332.98824478558055,0.8871774234569002,36.67842125334809,0.416728166444663,42
0.0001,1e-06,0.1,20000,0.001,10,1e-06,,16x16,,reg_fixed,adam,warm,fogas_diag,adam,exact,44,44,cuda:1,ok,,895.2267959789606,200.0,0.0,0.0,-200.0,0.0,200.0,0.0,0.0,-200.0,0.0,-340.9192435478132,-338.64467632549446,-0.7643428893686327,-340.9204529710339,887.6575553655184,0.0525346867838323,17.85685086774463,0.4124889153154616,90
0.0001,3e-07,0.005,20000,0.0003,10,1e-09,,16x16,,reg_fixed,adam,warm,fogas_diag,adam,exact,44,44,cuda:0,ok,,895.3244051410002,200.0,0.0,0.0,-200.0,0.0,200.0,0.0,0.0,-200.0,0.0,35.79112836522338,395.7803196482222,-36.42047605339523,35.29078616493865,220.69352199228388,4.439252510748671,138.36375656434583,0.2018949778737799,2
0.0002,3e-07,0.02,20000,0.0003,10,1e-07,,16x16,,reg_fixed,adam,warm,fogas_diag,adam,exact,44,44,cuda:1,ok,,895.4205157129909,200.0,0.0,0.0,-200.0,0.0,200.0,0.0,0.0,-200.0,0.0,-103.293203691193,-100.01811420982588,-1.1387128207288761,-103.29256637042569,331.7436888382055,0.2344824768781655,25.122299459878025,0.4169844582202274,114
0.0002,3e-07,0.02,20000,0.0003,10,1e-06,,16x16,,reg_fixed,adam,warm,fogas_diag,adam,exact,44,44,cuda:2,ok,,895.4349598460249,200.0,0.0,0.0,-200.0,0.0,200.0,0.0,0.0,-200.0,0.0,-103.20860916212474,-98.69362544329685,-1.0600680191016953,-103.21640072530214,307.69419004714604,0.12501546292876337,16.152690815503234,0.4164003762486439,115
0.0002,1e-06,0.05,20000,0.001,10,1e-07,,16x16,,reg_fixed,adam,warm,fogas_diag,adam,exact,44,44,cuda:2,ok,,895.511891770002,200.0,0.0,0.0,-200.0,0.0,200.0,0.0,0.0,-200.0,0.0,712.1021973096483,-6985.104728517948,791.2737077554401,702.3887813703786,387.88186549836996,0.0024962302116378764,320.08223244289394,3.657978572660614,179
0.0002,3e-07,0.05,20000,0.0003,10,1e-08,,16x16,,reg_fixed,adam,warm,fogas_diag,adam,exact,44,44,cuda:1,ok,,895.6053549509961,200.0,0.0,0.0,-200.0,0.0,200.0,0.0,0.0,-200.0,0.0,-101.65174248457177,-98.3530963994867,-0.36350029041378096,-101.65123783565313,298.67790370297547,0.5086028028691886,37.52896701907563,0.4145528348292808,122
0.0002,3e-07,0.005,20000,0.001,10,1e-09,,16x16,,reg_fixed,adam,warm,fogas_diag,adam,exact,44,44,cuda:1,ok,,895.9151949500083,200.0,0.0,0.0,-200.0,0.0,200.0,0.0,0.0,-200.0,0.0,-342.27327665591207,-330.0631922371727,-2.3004509727780627,-342.27815079584207,942.2851506513016,0.06202207993655095,20.29566625175595,0.4387272929010885,106
0.0002,1e-06,0.02,20000,0.001,10,1e-06,,16x16,,reg_fixed,adam,warm,fogas_diag,adam,exact,44,44,cuda:1,ok,,895.9930698350072,200.0,0.0,0.0,-200.0,0.0,200.0,0.0,0.0,-200.0,0.0,-340.7967801359483,-337.80825378512384,-0.6420229012676087,-340.7971637257604,868.208261062044,0.0011130567520696675,14.365973330650442,0.41470646222034596,170
0.0002,3e-07,0.05,20000,0.0003,10,3e-08,,16x16,,reg_fixed,adam,warm,fogas_diag,adam,exact,44,44,cuda:2,ok,,896.2312368529965,200.0,0.0,0.0,-200.0,0.0,200.0,0.0,0.0,-200.0,0.0,-102.70541944692,-96.90104126842091,-0.5491976166471383,-102.76020989029172,332.5294088577876,0.2076465307499642,26.80693627737653,0.4183483238723121,123
0.0001,3e-07,0.005,20000,0.0003,10,1e-07,,16x16,,reg_fixed,adam,warm,fogas_diag,adam,exact,44,44,cuda:3,ok,,896.3140058260178,200.0,0.0,0.0,-200.0,0.0,200.0,0.0,0.0,-200.0,0.0,-103.43935370718468,-100.78892573855315,-1.28476985695,-103.44085129858425,340.7004340323969,0.3676318194820455,21.57335514421827,0.41872334259934707,3
0.0002,1e-06,0.05,20000,0.0003,10,1e-09,,16x16,,reg_fixed,adam,warm,fogas_diag,adam,exact,44,44,cuda:2,ok,,896.4241483230144,200.0,0.0,0.0,-200.0,0.0,200.0,0.0,0.0,-200.0,0.0,40.670487360033135,-538.3708598319588,61.597165321898274,37.912015042761595,296.4528672610446,0.15325093950330607,64.96620865067247,0.7951692432921186,171
0.0002,3e-07,0.1,20000,0.001,10,1e-07,,16x16,,reg_fixed,adam,warm,fogas_diag,adam,exact,44,44,cuda:2,ok,,896.4356291000149,200.0,0.0,0.0,-200.0,0.0,200.0,0.0,0.0,-200.0,0.0,-342.1909125574474,-332.53306450258776,-2.0418575432806048,-342.19500497222947,928.6455973832085,5.649313409120458,147.3199846638989,0.5063898276727359,139
0.0001,3e-07,0.005,20000,0.001,10,1e-06,,16x16,,reg_fixed,adam,warm,fogas_diag,adam,exact,44,44,cuda:1,ok,,896.5424682039884,200.0,0.0,0.0,-200.0,0.0,200.0,0.0,0.0,-200.0,0.0,-342.52313274908505,-338.9375200171203,-2.3727640964287815,-342.5264368103687,886.486725193378,0.9434937696244833,46.15034470677809,0.42845214314567964,10
0.0001,3e-07,0.05,20000,0.001,10,1e-09,,16x16,,reg_fixed,adam,warm,fogas_diag,adam,exact,44,44,cuda:1,ok,,896.5454779169522,200.0,0.0,0.0,-200.0,0.0,200.0,0.0,0.0,-200.0,0.0,-342.25825436472246,-335.67492210140256,-2.1042035547984783,-342.2594254701131,1037.3013494881518,0.09141179857254171,24.971459390936513,0.41642875943907365,26
0.0002,3e-07,0.1,20000,0.0003,10,1e-09,,16x16,,reg_fixed,adam,warm,fogas_diag,adam,exact,44,44,cuda:2,ok,,896.5504331460106,200.0,0.0,0.0,-200.0,0.0,200.0,0.0,0.0,-200.0,0.0,-96.93098557864309,-117.58314580171306,5.0206318729087345,-97.5460460322441,260.01941717292624,0.9563388495817646,36.699574579069285,0.5801048797225782,131
0.0001,1e-06,0.1,20000,0.0003,10,1e-08,,16x16,,reg_fixed,adam,warm,fogas_diag,adam,exact,44,44,cuda:1,ok,,896.9022871250054,200.0,0.0,0.0,-200.0,0.0,200.0,0.0,0.0,-200.0,0.0,-102.96175747216685,-100.341762659033,-0.8052537687682425,-102.96103719542587,379.76693011145727,0.06203703018769151,10.394338162104964,0.4155737144592079,82
0.0001,1e-06,0.02,20000,0.001,10,1e-09,,16x16,,reg_fixed,adam,warm,fogas_diag,adam,exact,44,44,cuda:1,ok,,896.9319197530276,200.0,0.0,0.0,-200.0,0.0,200.0,0.0,0.0,-200.0,0.0,-340.9471842165053,-336.7942614135321,-0.791241429993568,-340.9488960337753,942.1954585184825,0.06199258104993196,13.78959980252549,0.4165699447638322,66
0.0002,3e-07,0.05,20000,0.001,10,1e-06,,16x16,,reg_fixed,adam,warm,fogas_diag,adam,exact,44,44,cuda:1,ok,,896.9770881480072,200.0,0.0,0.0,-200.0,0.0,200.0,0.0,0.0,-200.0,0.0,-342.6480185116158,-334.7026842154894,-2.492763143266044,-342.64683896318246,891.163365261821,0.07234896315133231,23.72596756231591,0.4163284855716206,130
0.0001,1e-06,0.1,20000,0.0003,10,3e-08,,16x16,,reg_fixed,adam,warm,fogas_diag,adam,exact,44,44,cuda:2,ok,,897.0395811249618,200.0,0.0,0.0,-200.0,0.0,200.0,0.0,0.0,-200.0,0.0,-136.53284791941923,31.67853539234987,-40.56432597480457,-136.87757443881202,320.436634776574,49.552396585663445,197.67875886716035,1.9325655495609628,83
0.0001,3e-07,0.02,20000,0.0003,10,1e-09,,16x16,,reg_fixed,adam,warm,fogas_diag,adam,exact,44,44,cuda:2,ok,,897.4578612020123,200.0,0.0,0.0,-200.0,0.0,200.0,0.0,0.0,-200.0,0.0,35.7468486486108,396.9966783186044,-36.551150285513465,35.24534968591257,220.73889314905767,4.479898727098113,138.57198909738864,0.202031359908272,11
0.0001,1e-06,0.05,20000,0.0003,10,1e-07,,16x16,,reg_fixed,adam,warm,fogas_diag,adam,exact,44,44,cuda:1,ok,,897.6111838180223,200.0,0.0,0.0,-200.0,0.0,200.0,0.0,0.0,-200.0,0.0,-101.49413431511478,-116.36720789010077,0.6431025104264333,-101.52287950171296,333.8594894693158,0.47226678766626196,7.749209016107573,0.42757266309554387,74
0.0001,3e-07,0.02,20000,0.001,10,3e-08,,16x16,,reg_fixed,adam,warm,fogas_diag,adam,exact,44,44,cuda:1,ok,,898.0253319179756,200.0,0.0,0.0,-200.0,0.0,200.0,0.0,0.0,-200.0,0.0,138.2002080345939,-1945.2081465900164,214.37163150371055,135.46641240163422,390.3607626880762,0.0692760104768908,227.5294202008545,1.083433738378653,18
0.0001,1e-06,0.05,20000,0.0003,10,1e-06,,16x16,,reg_fixed,adam,warm,fogas_diag,adam,exact,44,44,cuda:2,ok,,898.1025402470259,200.0,0.0,0.0,-200.0,0.0,200.0,0.0,0.0,-200.0,0.0,-95.01623352664548,-147.7266441406911,7.109790507592527,-95.27112008947694,369.39878958948253,0.3954693261771958,32.9000379014659,1.2682237466851003,75
0.0001,1e-06,0.005,20000,0.001,10,1e-07,,16x16,,reg_fixed,adam,warm,fogas_diag,adam,exact,44,44,cuda:2,ok,,898.1778070990113,200.0,0.0,0.0,-200.0,0.0,200.0,0.0,0.0,-200.0,0.0,-4.94792137707303,1168.5903629866361,-118.3702633037163,-5.983893495712437,438.7255340071679,1.2189710147056696,247.78350092816356,2.3049458763140827,59
0.0001,3e-07,0.5,20000,0.0003,10,3e-08,,16x16,,reg_fixed,adam,warm,fogas_diag,adam,exact,44,44,cuda:2,ok,,898.3418508259929,200.0,0.0,0.0,-200.0,0.0,200.0,0.0,0.0,-200.0,0.0,-103.31325486497316,-99.29395901557773,-1.1587804350094055,-103.31720280670541,328.0530099892885,0.24831153762071614,12.534117429490943,0.4170173361906465,43
0.0001,3e-07,0.1,20000,0.0003,10,1e-07,,16x16,,reg_fixed,adam,warm,fogas_diag,adam,exact,44,44,cuda:1,ok,,898.4400007390068,200.0,0.0,0.0,-200.0,0.0,200.0,0.0,0.0,-200.0,0.0,-104.25363018818126,-103.427323238496,-2.184639037753005,-104.26246704380951,330.3010754806568,5.234019561077226,604.9099975593704,1.8899772757343216,34
0.0001,1e-06,0.02,20000,0.001,10,1e-08,,16x16,,reg_fixed,adam,warm,fogas_diag,adam,exact,44,44,cuda:2,ok,,898.5657528570155,200.0,0.0,0.0,-200.0,0.0,200.0,0.0,0.0,-200.0,0.0,-4.034280043743664,1162.1983320769782,-117.71790362823694,-5.061042185907354,492.34494531070715,0.04050746408548166,248.04308643813965,0.04243889717891017,67
0.0002,1e-06,0.005,20000,0.0003,10,1e-07,,16x16,,reg_fixed,adam,warm,fogas_diag,adam,exact,44,44,cuda:1,ok,,898.9972616010346,200.0,0.0,0.0,-200.0,0.0,200.0,0.0,0.0,-200.0,0.0,-87.51162486887046,-177.63517659668594,10.704497722564405,-87.63433998915616,284.66178312882965,7.776267632528478,90.36954529148082,5.734424458323642,154
0.0002,1e-06,0.02,20000,0.0003,10,3e-08,,16x16,,reg_fixed,adam,warm,fogas_diag,adam,exact,44,44,cuda:2,ok,,899.0538553689839,200.0,0.0,0.0,-200.0,0.0,200.0,0.0,0.0,-200.0,0.0,-90.99698660651876,-151.50004889464068,11.094359089382614,-91.3407765229766,396.630629483016,6.445046689751487,51.87804254211157,4.010736372939075,163
0.0001,1e-06,0.005,20000,0.0003,10,1e-09,,16x16,,reg_fixed,adam,warm,fogas_diag,adam,exact,44,44,cuda:2,ok,,899.1932469470194,200.0,0.0,0.0,-200.0,0.0,200.0,0.0,0.0,-200.0,0.0,21.226744159435388,123.14171099799248,-10.055759663289894,20.899770294320504,322.6923307846164,0.07335376156642523,56.331656338715526,0.27548825104107777,51
0.0002,1e-06,0.005,20000,0.0003,10,1e-06,,16x16,,reg_fixed,adam,warm,fogas_diag,adam,exact,44,44,cuda:2,ok,,899.4023478829768,200.0,0.0,0.0,-200.0,0.0,200.0,0.0,0.0,-200.0,0.0,-94.64914960340116,-150.05037104952532,7.491056680615308,-94.9281918701397,372.3100222916276,0.3279975586457816,33.59258141351419,1.8561878147830253,155
0.0001,3e-07,0.05,20000,0.001,10,1e-08,,16x16,,reg_fixed,adam,warm,fogas_diag,adam,exact,44,44,cuda:2,ok,,900.8227827580413,200.0,0.0,0.0,-200.0,0.0,200.0,0.0,0.0,-200.0,0.0,-130.77570819306183,-131.34523735315668,-1.6657705033414085,-130.7780452996402,468.3653132011336,0.016940046663985388,20.77789556447703,0.41840935116366845,27
0.0001,3e-07,0.02,20000,0.001,10,1e-07,,16x16,,reg_fixed,adam,warm,fogas_diag,adam,exact,44,44,cuda:2,ok,,901.2382896709605,200.0,0.0,0.0,-200.0,0.0,200.0,0.0,0.0,-200.0,0.0,155.96184013502022,-2198.936139732644,242.94994247939056,153.25040420198957,486.6661955488318,1.3589506481606497,258.19121422352987,2.1728442232303458,19
0.0001,3e-07,0.02,20000,0.0003,10,1e-08,,16x16,,reg_fixed,adam,warm,fogas_diag,adam,exact,44,44,cuda:3,ok,,909.352586691035,200.0,0.0,0.0,-200.0,0.0,200.0,0.0,0.0,-200.0,0.0,-103.07099885941567,-96.96509156253487,-0.9153787258696899,-103.07321207941573,336.4116913996125,0.139686316400003,12.823024186129418,0.41608713246764006,12
0.0002,1e-06,0.02,20000,0.0003,10,1e-07,,16x16,,reg_fixed,adam,warm,fogas_diag,adam,exact,44,44,cuda:3,ok,,909.6505732709775,200.0,0.0,0.0,-200.0,0.0,200.0,0.0,0.0,-200.0,0.0,-99.26979604609878,-95.89002445611787,-0.5023131397066786,-99.27488155715365,344.32645451829654,0.06503504122648296,6.778571588484361,0.41446116296185825,164
0.0001,1e-06,0.5,20000,0.001,10,1e-06,,16x16,,reg_fixed,adam,warm,fogas_diag,adam,exact,44,44,cuda:3,ok,,910.7754839310073,200.0,0.0,0.0,-200.0,0.0,200.0,0.0,0.0,-200.0,0.0,-337.11833015342165,-335.45290226537156,-0.4152477013093938,-337.1181566400406,865.6047396798182,0.010168755546287026,116.19018239863694,1.1286213984250755,100
0.0001,1e-06,0.005,20000,0.001,10,1e-06,,16x16,,reg_fixed,adam,warm,fogas_diag,adam,exact,44,44,cuda:3,ok,,911.0467005789978,200.0,0.0,0.0,-200.0,0.0,200.0,0.0,0.0,-200.0,0.0,-5.38577162736685,1165.539180216477,-118.65834375599763,-6.421067448154645,326.50356556417853,0.051783279867665545,248.64042177643526,0.5454700816201964,60
0.0002,1e-06,0.005,20000,0.001,10,1e-09,,16x16,,reg_fixed,adam,warm,fogas_diag,adam,exact,44,44,cuda:3,ok,,911.619422091986,200.0,0.0,0.0,-200.0,0.0,200.0,0.0,0.0,-200.0,0.0,-132.96898026486184,-215.09678637820213,10.294561413079093,-133.42668976138845,668.8029945844456,9.380478015228427,49.54152532485437,47.6417632400098,156
0.0002,3e-07,0.005,20000,0.001,10,3e-08,,16x16,,reg_fixed,adam,warm,fogas_diag,adam,exact,44,44,cuda:3,ok,,911.6538894110126,200.0,0.0,0.0,-200.0,0.0,200.0,0.0,0.0,-200.0,0.0,-340.1451330846075,-328.8654855306442,-2.558127282824129,-340.14278872810206,953.8464387513046,0.47620468798188964,90.86586492135872,0.46191498233308775,108
0.0002,3e-07,0.1,20000,0.0003,10,1e-08,,16x16,,reg_fixed,adam,warm,fogas_diag,adam,exact,44,44,cuda:3,ok,,912.0732965229545,200.0,0.0,0.0,-200.0,0.0,200.0,0.0,0.0,-200.0,0.0,-101.29363937202636,-99.8431316939949,0.8604328968943532,-101.42515170072194,457.00667501261483,0.12936195442392603,31.865969548334327,0.6375157758283082,132
0.0002,3e-07,0.5,20000,0.001,10,3e-08,,16x16,,reg_fixed,adam,warm,fogas_diag,adam,exact,44,44,cuda:3,ok,,912.6315206559957,200.0,0.0,0.0,-200.0,0.0,200.0,0.0,0.0,-200.0,0.0,182.72716893234195,-2578.386589157343,283.04611103756264,179.97751124485922,389.6649319677226,0.0002387010467083697,297.21872369794914,0.7540227697377222,148
0.0001,1e-06,0.5,20000,0.0003,10,1e-08,,16x16,,reg_fixed,adam,warm,fogas_diag,adam,exact,44,44,cuda:3,ok,,913.1037461009691,200.0,0.0,0.0,-200.0,0.0,200.0,0.0,0.0,-200.0,0.0,-75.35422951515525,-336.56133461989805,26.80232288728136,-75.6096724173151,355.2508121878623,5.797656270349643e-10,185.24087033925016,0.30516313176401055,92
0.0001,3e-07,0.5,20000,0.0003,10,1e-07,,16x16,,reg_fixed,adam,warm,fogas_diag,adam,exact,44,44,cuda:3,ok,,913.1429205600289,200.0,0.0,0.0,-200.0,0.0,200.0,0.0,0.0,-200.0,0.0,-103.43397551700612,-100.49606168356068,-1.2793132517806867,-103.43618001949274,334.02403525597293,0.1325815195372037,12.739977083428709,0.4174660513015215,44
0.0001,1e-06,0.1,20000,0.0003,10,1e-07,,16x16,,reg_fixed,adam,warm,fogas_diag,adam,exact,44,44,cuda:3,ok,,913.2343751519802,200.0,0.0,0.0,-200.0,0.0,200.0,0.0,0.0,-200.0,0.0,-97.94288864624822,-132.51276474065475,4.206061672029118,-98.05246617604382,352.36108946324106,1.6861755656193296,32.79156485779671,0.39707541785290634,84
0.0001,1e-06,0.05,20000,0.001,10,1e-09,,16x16,,reg_fixed,adam,warm,fogas_diag,adam,exact,44,44,cuda:3,ok,,913.5980311479652,200.0,0.0,0.0,-200.0,0.0,200.0,0.0,0.0,-200.0,0.0,-195.50763927772564,147.4955792669861,-109.2467456976838,-196.17643231329936,458.1340278400262,41.10615115284935,354.37067534601437,5.74386578489818,76
0.0001,3e-07,0.1,20000,0.001,10,1e-09,,16x16,,reg_fixed,adam,warm,fogas_diag,adam,exact,44,44,cuda:3,ok,,914.0166378149879,200.0,0.0,0.0,-200.0,0.0,200.0,0.0,0.0,-200.0,0.0,-342.06363104990976,-336.0569772569352,-1.9090296413496255,-342.06607470516894,954.6261257637879,0.447799368707908,45.65265516276844,0.4150703370524111,36
0.0001,1e-06,0.02,20000,0.001,10,3e-08,,16x16,,reg_fixed,adam,warm,fogas_diag,adam,exact,44,44,cuda:3,ok,,914.2512832570355,200.0,0.0,0.0,-200.0,0.0,200.0,0.0,0.0,-200.0,0.0,1.3025964793170317,1120.2952138223673,-113.03097251922642,0.3228653109588322,495.3508173046096,0.009982489037046852,246.700812688446,1.0559814185606196,68
0.0001,3e-07,0.05,20000,0.001,10,1e-07,,16x16,,reg_fixed,adam,warm,fogas_diag,adam,exact,44,44,cuda:4,ok,,914.4691470420221,200.0,0.0,0.0,-200.0,0.0,200.0,0.0,0.0,-200.0,0.0,-342.3707839245762,-331.7967898101265,-2.2154565924049665,-342.3684736363126,949.098658216301,0.5967727192138026,48.83185318822054,0.41874526138918966,29
0.0002,3e-07,0.1,20000,0.001,10,1e-06,,16x16,,reg_fixed,adam,warm,fogas_diag,adam,exact,44,44,cuda:3,ok,,914.5595549029531,200.0,0.0,0.0,-200.0,0.0,200.0,0.0,0.0,-200.0,0.0,-342.38286836921793,-332.2637564949858,-2.2274392493911694,-342.3808615154973,900.2475446863588,0.164737017669415,27.43641753078803,0.4171162465200645,140
0.0001,3e-07,0.05,20000,0.001,10,3e-08,,16x16,,reg_fixed,adam,warm,fogas_diag,adam,exact,44,44,cuda:3,ok,,915.1567646579933,200.0,0.0,0.0,-200.0,0.0,200.0,0.0,0.0,-200.0,0.0,138.23410201272088,-1945.7298874018074,214.4397783086987,135.50067530786532,389.4705968277135,0.056230312167139085,227.6195795290717,2.458028420602534,28
0.0001,3e-07,0.02,20000,0.0003,10,3e-08,,16x16,,reg_fixed,adam,warm,fogas_diag,adam,exact,44,44,cuda:4,ok,,915.1567693229881,200.0,0.0,0.0,-200.0,0.0,200.0,0.0,0.0,-200.0,0.0,-102.25380737684475,-101.16044901640333,-0.10026760785180647,-102.24587001362323,329.0648754209722,0.8404969355674201,35.15838166096811,0.42161004962485443,13
0.0002,3e-07,0.05,20000,0.0003,10,1e-07,,16x16,,reg_fixed,adam,warm,fogas_diag,adam,exact,44,44,cuda:3,ok,,915.5442424379871,200.0,0.0,0.0,-200.0,0.0,200.0,0.0,0.0,-200.0,0.0,-103.16393701627112,-99.19340045731883,-1.0110764708336677,-103.16426553939249,328.1464125356966,0.26311495744361657,37.40600235755875,0.4166556374569255,124
0.0001,3e-07,0.005,20000,0.001,10,3e-08,,16x16,,reg_fixed,adam,warm,fogas_diag,adam,exact,44,44,cuda:7,ok,,915.7096877279691,200.0,0.0,0.0,-200.0,0.0,200.0,0.0,0.0,-200.0,0.0,138.72154898722033,-1965.0831675795755,215.9814943825951,135.99138969921978,425.7187278846203,9.042294714319665,229.54081765095248,1.7214746864786479,4
0.0001,3e-07,0.02,20000,0.001,10,1e-06,,16x16,,reg_fixed,adam,warm,fogas_diag,adam,exact,44,44,cuda:3,ok,,915.8331400530296,200.0,0.0,0.0,-200.0,0.0,200.0,0.0,0.0,-200.0,0.0,-342.0042002865346,-333.92439928991394,-1.84944337496794,-342.0063425307585,894.1989180403029,0.2772658992137538,26.853600259720302,0.41408693157585713,20
0.0002,1e-06,0.05,20000,0.0003,10,1e-08,,16x16,,reg_fixed,adam,warm,fogas_diag,adam,exact,44,44,cuda:3,ok,,916.5326124490239,200.0,0.0,0.0,-200.0,0.0,200.0,0.0,0.0,-200.0,0.0,-95.67834093010775,-145.63031348677077,6.413559414174064,-96.02561620873306,367.5779340410093,0.47623171454139446,30.939908884166176,0.5957701653155463,172
0.0001,3e-07,0.1,20000,0.001,10,1e-08,,16x16,,reg_fixed,adam,warm,fogas_diag,adam,exact,44,44,cuda:4,ok,,917.5255168720032,200.0,0.0,0.0,-200.0,0.0,200.0,0.0,0.0,-200.0,0.0,-307.81223179679716,-296.7484471060173,-2.9398166749283368,-307.81014864935383,835.5205510197472,0.2864064601331109,29.584305317510196,0.42162478631340994,37
0.0001,1e-06,0.05,20000,0.001,10,1e-08,,16x16,,reg_fixed,adam,warm,fogas_diag,adam,exact,44,44,cuda:4,ok,,917.7807462639757,200.0,0.0,0.0,-200.0,0.0,200.0,0.0,0.0,-200.0,0.0,-1.7237852850958149,1137.7755262952446,-115.2247925922036,-2.7299834339696645,400.5092562048081,8.38506062947257,245.99053780782492,1.7480727620564176,77
0.0002,3e-07,0.05,20000,0.0003,10,1e-06,,16x16,,reg_fixed,adam,warm,fogas_diag,adam,exact,44,44,cuda:4,ok,,918.0127499200171,200.0,0.0,0.0,-200.0,0.0,200.0,0.0,0.0,-200.0,0.0,-103.07425913418608,-98.78649574438006,-0.9214451182130139,-103.08200850392987,319.2755556225406,0.36589427394982527,26.53104841782441,0.4158314698303248,125
0.0002,3e-07,0.005,20000,0.0003,10,1e-09,,16x16,,reg_fixed,adam,warm,fogas_diag,adam,exact,44,44,cuda:4,ok,,918.2973593599745,200.0,0.0,0.0,-200.0,0.0,200.0,0.0,0.0,-200.0,0.0,-97.00117416338628,-117.42616940997334,4.95907857116026,-97.61603575301642,260.26194401326023,0.8268349883202396,36.60097569415884,0.6182577207603112,101
0.0001,1e-06,0.02,20000,0.0003,10,1e-09,,16x16,,reg_fixed,adam,warm,fogas_diag,adam,exact,44,44,cuda:4,ok,,918.4011568790302,200.0,0.0,0.0,-200.0,0.0,200.0,0.0,0.0,-200.0,0.0,21.22067729726316,123.0794602755293,-10.050035123985916,20.89376009214837,322.6872821651176,0.0730312786927067,56.29595678703558,0.2755115255715689,61
0.0002,3e-07,0.005,20000,0.001,10,1e-07,,16x16,,reg_fixed,adam,warm,fogas_diag,adam,exact,44,44,cuda:4,ok,,918.488838188001,200.0,0.0,0.0,-200.0,0.0,200.0,0.0,0.0,-200.0,0.0,-342.06104807564077,-330.8710097754677,-1.906155514948092,-342.0631072799904,911.9332869173052,0.00020153493177360373,22.159412294750886,0.4158635021209718,109
0.0002,3e-07,0.02,20000,0.001,10,1e-08,,16x16,,reg_fixed,adam,warm,fogas_diag,adam,exact,44,44,cuda:4,ok,,918.6861279599834,200.0,0.0,0.0,-200.0,0.0,200.0,0.0,0.0,-200.0,0.0,-342.101610963099,-335.5864871376956,-1.9465736895893497,-342.1051491674519,946.0076401272279,0.4934363490041968,38.032012538727436,0.41776120857880295,117
0.0002,1e-06,0.05,20000,0.0003,10,3e-08,,16x16,,reg_fixed,adam,warm,fogas_diag,adam,exact,44,44,cuda:4,ok,,918.7367954690126,200.0,0.0,0.0,-200.0,0.0,200.0,0.0,0.0,-200.0,0.0,-102.61585642936005,-76.79256926519504,-0.54408807059816,-102.72485268007651,349.2554292881557,10.72797118834859,31.65711644110975,2.4647846665628554,173
0.0001,3e-07,0.005,20000,0.0003,10,1e-06,,16x16,,reg_fixed,adam,warm,fogas_diag,adam,exact,44,44,cuda:4,ok,,919.1262042000308,200.0,0.0,0.0,-200.0,0.0,200.0,0.0,0.0,-200.0,0.0,-102.91199020998604,-98.03294405858917,-0.7556339361824826,-102.91567619640064,306.95032160600414,0.06902780734933794,13.583094806490722,0.4151303771452834,5
0.0001,1e-06,0.1,20000,0.0003,10,1e-06,,16x16,,reg_fixed,adam,warm,fogas_diag,adam,exact,44,44,cuda:4,ok,,919.2204219250125,200.0,0.0,0.0,-200.0,0.0,200.0,0.0,0.0,-200.0,0.0,-95.06774406953784,-148.01708173337477,7.068035183777331,-95.32040169622655,371.9358666183264,0.3617322309332328,32.98117535657324,1.1585884139911273,85
0.0002,3e-07,0.1,20000,0.0003,10,3e-08,,16x16,,reg_fixed,adam,warm,fogas_diag,adam,exact,44,44,cuda:4,ok,,919.5520247970126,200.0,0.0,0.0,-200.0,0.0,200.0,0.0,0.0,-200.0,0.0,-103.19315312775319,-98.63903399368041,-1.0389574208450876,-103.20096666897149,315.7986754815339,0.9514445913081739,45.6856453760161,0.4212945250434387,133
0.0002,1e-06,0.02,20000,0.0003,10,1e-06,,16x16,,reg_fixed,adam,warm,fogas_diag,adam,exact,44,44,cuda:4,ok,,919.7032078350312,200.0,0.0,0.0,-200.0,0.0,200.0,0.0,0.0,-200.0,0.0,-103.45250539750813,-154.6697658738402,-1.5207109535179386,-103.69410844943661,391.3568704244859,32.82518789529778,52.589936432742775,3.843940271833784,165
0.0002,3e-07,0.5,20000,0.001,10,1e-07,,16x16,,reg_fixed,adam,warm,fogas_diag,adam,exact,44,44,cuda:4,ok,,919.7710597609985,200.0,0.0,0.0,-200.0,0.0,200.0,0.0,0.0,-200.0,0.0,-342.5804521293323,-334.72757090810995,-2.4273903591738857,-342.584211324862,959.6385269704706,0.2905319421735093,20.432301863206735,0.4172647099382648,149
0.0002,3e-07,0.5,20000,0.0003,10,1e-09,,16x16,,reg_fixed,adam,warm,fogas_diag,adam,exact,44,44,cuda:4,ok,,919.7743241049466,200.0,0.0,0.0,-200.0,0.0,200.0,0.0,0.0,-200.0,0.0,-97.0067341757438,-117.35413664584742,4.952322453019387,-97.61829081175965,260.1385085501828,0.8656240482831532,36.51166128576728,0.592885871153464,141
0.0001,1e-06,0.1,20000,0.001,10,1e-09,,16x16,,reg_fixed,adam,warm,fogas_diag,adam,exact,44,44,cuda:5,ok,,919.8967263370287,200.0,0.0,0.0,-200.0,0.0,200.0,0.0,0.0,-200.0,0.0,2.5063140845859095,1105.1681161449646,-110.91767948142284,1.5328591879881515,519.7629940166844,0.4055679265593679,243.19394687342853,0.08661730330378982,86
0.0001,3e-07,0.05,20000,0.0003,10,3e-08,,16x16,,reg_fixed,adam,warm,fogas_diag,adam,exact,44,44,cuda:6,ok,,919.9946465589455,200.0,0.0,0.0,-200.0,0.0,200.0,0.0,0.0,-200.0,0.0,-103.48885734606873,-100.84044947770633,-1.3345670960090474,-103.48932655620438,324.09748930118724,0.18767335994560524,14.864844180768541,0.41770124293381866,23
0.0001,1e-06,0.5,20000,0.0003,10,3e-08,,16x16,,reg_fixed,adam,warm,fogas_diag,adam,exact,44,44,cuda:4,ok,,920.0396279559936,200.0,0.0,0.0,-200.0,0.0,200.0,0.0,0.0,-200.0,0.0,-102.81874622672578,-101.38125062221016,-0.668784111503845,-102.82272676196776,324.4295195373205,0.36599949642060925,28.20108078095245,0.41631696650456623,93
0.0001,1e-06,0.02,20000,0.001,10,1e-07,,16x16,,reg_fixed,adam,warm,fogas_diag,adam,exact,44,44,cuda:4,ok,,920.1585222060094,200.0,0.0,0.0,-200.0,0.0,200.0,0.0,0.0,-200.0,0.0,-143.86368725871648,195.66376864066774,-42.7913714037061,-144.37007799830175,455.8889306977927,31.291709499052736,176.89064885955298,9.917298264943858,69
0.0001,3e-07,0.1,20000,0.001,10,1e-07,,16x16,,reg_fixed,adam,warm,fogas_diag,adam,exact,44,44,cuda:6,ok,,920.5549739709822,200.0,0.0,0.0,-200.0,0.0,200.0,0.0,0.0,-200.0,0.0,-380.568006686691,-226.33618928466916,-236.81050419543914,-381.09033170059894,507.57647505961916,585.8915101169698,1970.841596622738,1.8127521626526382,38
0.0001,1e-06,0.05,20000,0.001,10,3e-08,,16x16,,reg_fixed,adam,warm,fogas_diag,adam,exact,44,44,cuda:5,ok,,920.6710268039606,200.0,0.0,0.0,-200.0,0.0,200.0,0.0,0.0,-200.0,0.0,-0.9668753466820732,1138.7604922163255,-115.12206829311569,-1.9663361786174391,486.0610101379137,0.008852311508363962,247.43454077772085,0.9735459345071525,78
0.0001,3e-07,0.05,20000,0.0003,10,1e-09,,16x16,,reg_fixed,adam,warm,fogas_diag,adam,exact,44,44,cuda:4,ok,,920.7453085210291,200.0,0.0,0.0,-200.0,0.0,200.0,0.0,0.0,-200.0,0.0,35.85398177263692,394.5960653616954,-36.290410898583296,35.35490957762306,220.69350729202296,4.40503532465519,138.15114193257233,0.2024453265102293,21
0.0002,3e-07,0.5,20000,0.001,10,1e-06,,16x16,,reg_fixed,adam,warm,fogas_diag,adam,exact,44,44,cuda:5,ok,,920.8953742689919,200.0,0.0,0.0,-200.0,0.0,200.0,0.0,0.0,-200.0,0.0,-342.40119521971894,-335.2799252741454,-2.2473522328376245,-342.40210257135533,889.3943298739603,0.24071892291419705,38.867283605840726,0.4144031605800482,150
0.0001,3e-07,0.005,20000,0.001,10,1e-08,,16x16,,reg_fixed,adam,warm,fogas_diag,adam,exact,44,44,cuda:6,ok,,920.9299312530202,200.0,0.0,0.0,-200.0,0.0,200.0,0.0,0.0,-200.0,0.0,135.92846412970582,-1913.9691264447442,210.90406050495992,133.1958034996792,405.46750457015423,0.011668010482994347,224.03556355332705,1.147474887220954,7
0.0001,3e-07,0.02,20000,0.0003,10,1e-07,,16x16,,reg_fixed,adam,warm,fogas_diag,adam,exact,44,44,cuda:5,ok,,920.9708695799927,200.0,0.0,0.0,-200.0,0.0,200.0,0.0,0.0,-200.0,0.0,-103.43220921496983,-99.53222083119257,-1.2795239720994158,-103.43535901309325,333.61345029482794,0.23860481442153758,19.525480609186307,0.4176264661021051,14
0.0001,1e-06,0.02,20000,0.001,10,1e-06,,16x16,,reg_fixed,adam,warm,fogas_diag,adam,exact,44,44,cuda:5,ok,,921.3752173249959,200.0,0.0,0.0,-200.0,0.0,200.0,0.0,0.0,-200.0,0.0,-340.7402653799588,-337.91212652869166,-0.5842847615841013,-340.741842185402,886.7874784628241,0.025774717425351142,31.598451615470804,0.4127774979149692,70
0.0001,3e-07,0.005,20000,0.0003,10,3e-08,,16x16,,reg_fixed,adam,warm,fogas_diag,adam,exact,44,44,cuda:2,ok,,921.522978183988,200.0,0.0,0.0,-200.0,0.0,200.0,0.0,0.0,-200.0,0.0,-103.09433973254902,-99.68718693481821,-0.9680795712342399,-103.10274682212676,342.9020894019456,1.0656407882312704,99.96253865061288,1.1984595861348906,6
0.0001,3e-07,0.05,20000,0.0003,10,1e-08,,16x16,,reg_fixed,adam,warm,fogas_diag,adam,exact,44,44,cuda:5,ok,,921.6286962210434,200.0,0.0,0.0,-200.0,0.0,200.0,0.0,0.0,-200.0,0.0,-103.22616052670891,-99.25078619054135,-1.0709309010148205,-103.22785641592736,344.30249694918365,0.13296360525933706,12.353328230330135,0.4166420963792838,22
0.0002,3e-07,0.05,20000,0.001,10,1e-09,,16x16,,reg_fixed,adam,warm,fogas_diag,adam,exact,44,44,cuda:5,ok,,921.6527592519997,200.0,0.0,0.0,-200.0,0.0,200.0,0.0,0.0,-200.0,0.0,-341.24717672613536,-326.48234927129454,-3.3003823213991956,-341.2547457555886,868.7038067424464,3.893023369984792,75.1759778539855,0.42916501433273485,126
0.0001,3e-07,0.1,20000,0.0003,10,1e-09,,16x16,,reg_fixed,adam,warm,fogas_diag,adam,exact,44,44,cuda:6,ok,,922.246795361978,200.0,0.0,0.0,-200.0,0.0,200.0,0.0,0.0,-200.0,0.0,35.79246768317094,396.21318921886666,-36.46714769187972,35.29185319878974,220.65408778924115,4.4719350439305146,138.4224829731213,0.2023958311105241,31
0.0001,3e-07,0.05,20000,0.001,10,1e-06,,16x16,,reg_fixed,adam,warm,fogas_diag,adam,exact,44,44,cuda:5,ok,,922.8108264749753,200.0,0.0,0.0,-200.0,0.0,200.0,0.0,0.0,-200.0,0.0,-342.0419463309742,-332.7689448429225,-1.8886112391664909,-342.04248181558444,892.0540884870636,1.9611117793738857,34.70334191439253,0.4138534980797772,30
0.0001,3e-07,0.5,20000,0.001,10,1e-09,,16x16,,reg_fixed,adam,warm,fogas_diag,adam,exact,44,44,cuda:5,ok,,923.0687259960105,200.0,0.0,0.0,-200.0,0.0,200.0,0.0,0.0,-200.0,0.0,141.65227783688783,-1988.749753218508,219.4685844533913,138.90206229007254,445.21493181112334,16.89231219334599,232.0515948676056,2.641483456724579,46
0.0002,1e-06,0.05,20000,0.0003,10,1e-07,,16x16,,reg_fixed,adam,warm,fogas_diag,adam,exact,44,44,cuda:5,ok,,923.1267242649919,200.0,0.0,0.0,-200.0,0.0,200.0,0.0,0.0,-200.0,0.0,-102.79651688842675,-97.07305852106367,-0.640006424644381,-102.7909649649497,325.4732282546468,0.012624848086491754,8.74924395978241,0.4148477059350062,174
0.0001,1e-06,0.005,20000,0.0003,10,1e-07,,16x16,,reg_fixed,adam,warm,fogas_diag,adam,exact,44,44,cuda:5,ok,,923.2816218039952,200.0,0.0,0.0,-200.0,0.0,200.0,0.0,0.0,-200.0,0.0,-107.5862661732874,-117.7472309636304,-6.279529118226315,-107.66324439302127,333.8246092668481,18.259180749112844,199.33098530162584,13.703659234845347,54
0.0002,3e-07,0.02,20000,0.001,10,3e-08,,16x16,,reg_fixed,adam,warm,fogas_diag,adam,exact,44,44,cuda:5,ok,,923.3446212160052,200.0,0.0,0.0,-200.0,0.0,200.0,0.0,0.0,-200.0,0.0,-342.70104685733907,-336.57868551616633,-2.5462346570046708,-342.7032115700664,948.9766742224115,0.6791510389122305,143.930014339235,0.4293627859496766,118
0.0001,3e-07,0.5,20000,0.0003,10,1e-06,,16x16,,reg_fixed,adam,warm,fogas_diag,adam,exact,44,44,cuda:4,ok,,923.614169345994,200.0,0.0,0.0,-200.0,0.0,200.0,0.0,0.0,-200.0,0.0,-102.88385672911218,-98.03229755859687,-0.728115740467285,-102.8875775450551,311.8653758024489,0.05439541065512408,14.498884364030447,0.41503017819113713,45
0.0002,3e-07,0.005,20000,0.001,10,1e-06,,16x16,,reg_fixed,adam,warm,fogas_diag,adam,exact,44,44,cuda:5,ok,,923.6539511270239,200.0,0.0,0.0,-200.0,0.0,200.0,0.0,0.0,-200.0,0.0,-341.79657156195674,-330.6548024412001,-1.642966852504393,-341.79870546778363,873.574639959805,0.38347960003284015,22.86672964852092,0.4139329550899478,110
0.0001,3e-07,0.5,20000,0.001,10,3e-08,,16x16,,reg_fixed,adam,warm,fogas_diag,adam,exact,44,44,cuda:7,ok,,923.678842252004,200.0,0.0,0.0,-200.0,0.0,200.0,0.0,0.0,-200.0,0.0,134.80766262666913,-1902.8840089385862,209.67937694831585,132.08727397276175,377.5213573550985,0.04251333256459756,223.18563536920908,2.164008224633533,48
0.0001,1e-06,0.5,20000,0.0003,10,1e-07,,16x16,,reg_fixed,adam,warm,fogas_diag,adam,exact,44,44,cuda:5,ok,,923.7509856389952,200.0,0.0,0.0,-200.0,0.0,200.0,0.0,0.0,-200.0,0.0,-103.081257969679,-99.29043412907396,-0.9287963333257685,-103.08376029931367,332.7272470470948,0.8639834668563495,37.834811175367385,0.4205078246745204,94
0.0002,1e-06,0.005,20000,0.001,10,1e-08,,16x16,,reg_fixed,adam,warm,fogas_diag,adam,exact,44,44,cuda:4,ok,,923.8135955719627,200.0,0.0,0.0,-200.0,0.0,200.0,0.0,0.0,-200.0,0.0,-340.7915831559561,-336.89797021079374,-0.6365148820152657,-340.79021102218434,926.546344565233,0.03428418786642332,24.12691280171459,0.41336931690594586,157
0.0002,1e-06,0.005,20000,0.0003,10,1e-09,,16x16,,reg_fixed,adam,warm,fogas_diag,adam,exact,44,44,cuda:6,ok,,923.9425808459637,200.0,0.0,0.0,-200.0,0.0,200.0,0.0,0.0,-200.0,0.0,40.63504154586761,-537.5677771103999,61.512622204590706,37.8741192284873,295.775800439028,0.1576907156880248,64.84455898402273,0.795719309544291,151
0.0002,3e-07,0.005,20000,0.0003,10,1e-08,,16x16,,reg_fixed,adam,warm,fogas_diag,adam,exact,44,44,cuda:5,ok,,924.1687082870048,200.0,0.0,0.0,-200.0,0.0,200.0,0.0,0.0,-200.0,0.0,-101.29651580790481,-100.09675285824098,0.8598359628168557,-101.427758159167,496.83034148824436,0.07322269775842614,32.068508122063996,0.789546170231252,102
0.0001,3e-07,0.02,20000,0.0003,10,1e-06,,16x16,,reg_fixed,adam,warm,fogas_diag,adam,exact,44,44,cuda:6,ok,,924.2059300210094,200.0,0.0,0.0,-200.0,0.0,200.0,0.0,0.0,-200.0,0.0,-103.23956142346627,-99.19936926774744,-1.0893403565873447,-103.24149715277386,320.3923973412312,0.5812290480916116,21.255399741380966,0.44424507559848214,15
0.0002,3e-07,0.5,20000,0.0003,10,1e-08,,16x16,,reg_fixed,adam,warm,fogas_diag,adam,exact,44,44,cuda:5,ok,,924.6116829009843,200.0,0.0,0.0,-200.0,0.0,200.0,0.0,0.0,-200.0,0.0,-103.0752636505431,-99.18297047616744,-0.9187813625526462,-103.07962321901435,321.7860312405292,0.41787697541123225,12.191251026904952,0.4187123667546874,142
0.0001,3e-07,0.005,20000,0.0003,10,1e-08,,16x16,,reg_fixed,adam,warm,fogas_diag,adam,exact,44,44,cuda:1,ok,,924.6120167649933,200.0,0.0,0.0,-200.0,0.0,200.0,0.0,0.0,-200.0,0.0,-103.56720117206017,-101.30761027046155,-1.413987100459535,-103.57013249385292,332.1989185835373,0.7107842511049476,13.579743556189145,0.43101047854029845,8
0.0002,3e-07,0.1,20000,0.0003,10,1e-07,,16x16,,reg_fixed,adam,warm,fogas_diag,adam,exact,44,44,cuda:5,ok,,924.7286360830185,200.0,0.0,0.0,-200.0,0.0,200.0,0.0,0.0,-200.0,0.0,-101.97374985299197,-100.18601600341438,0.1826723777128534,-102.02315595527877,312.24698605625895,0.11998698379708127,31.860493196825832,0.41326511487759443,134
0.0001,1e-06,0.05,20000,0.0003,10,1e-08,,16x16,,reg_fixed,adam,warm,fogas_diag,adam,exact,44,44,cuda:7,ok,,925.1473414810025,200.0,0.0,0.0,-200.0,0.0,200.0,0.0,0.0,-200.0,0.0,-102.71610609250311,-98.96410386374511,-0.560061705203843,-102.72135047287864,370.3086020490235,0.03207846886187518,4.966517633217435,0.41464879472626665,72
0.0001,3e-07,0.05,20000,0.0003,10,1e-07,,16x16,,reg_fixed,adam,warm,fogas_diag,adam,exact,44,44,cuda:7,ok,,925.2931775200414,200.0,0.0,0.0,-200.0,0.0,200.0,0.0,0.0,-200.0,0.0,-102.79470067971373,-99.58149437047362,-0.6382283954178237,-102.7972430815057,351.2378431272367,0.04040862657388944,6.872881300228711,0.41490044352410405,24
0.0001,3e-07,0.5,20000,0.001,10,1e-08,,16x16,,reg_fixed,adam,warm,fogas_diag,adam,exact,44,44,cuda:6,ok,,925.5232159900479,200.0,0.0,0.0,-200.0,0.0,200.0,0.0,0.0,-200.0,0.0,-341.3476214962955,-318.1307421993097,-1.191837603734639,-341.33715922625595,972.2876773772972,6.198356025861907,339.49216642667596,1.048931567732874,47
0.0001,1e-06,0.02,20000,0.0003,10,1e-07,,16x16,,reg_fixed,adam,warm,fogas_diag,adam,exact,44,44,cuda:7,ok,,925.6971751409583,200.0,0.0,0.0,-200.0,0.0,200.0,0.0,0.0,-200.0,0.0,-101.62414927588804,-121.73258723697377,0.5266111632106236,-101.65747860554525,327.7062512582142,3.273170086698245,53.125366242321654,0.4124845788798658,64
0.0002,1e-06,0.02,20000,0.001,10,3e-08,,16x16,,reg_fixed,adam,warm,fogas_diag,adam,exact,44,44,cuda:7,ok,,925.7674096269766,200.0,0.0,0.0,-200.0,0.0,200.0,0.0,0.0,-200.0,0.0,-340.77630014798405,-336.80585941630187,-0.6215948145910425,-340.7762455663312,922.9104305752154,0.033464441009157485,57.165377944372935,0.4156952248389644,168
0.0001,3e-07,0.1,20000,0.001,10,1e-06,,16x16,,reg_fixed,adam,warm,fogas_diag,adam,exact,44,44,cuda:7,ok,,926.1234883620054,200.0,0.0,0.0,-200.0,0.0,200.0,0.0,0.0,-200.0,0.0,-342.00445117478966,-335.7972533971002,-1.852384009973603,-342.00651894182994,906.3764862409172,0.9187203711298486,61.15941659041021,0.5589526579229961,40
0.0001,1e-06,0.5,20000,0.0003,10,1e-06,,16x16,,reg_fixed,adam,warm,fogas_diag,adam,exact,44,44,cuda:6,ok,,926.2472944610054,200.0,0.0,0.0,-200.0,0.0,200.0,0.0,0.0,-200.0,0.0,-100.30300464805283,-145.94490703286428,1.7471671912984654,-100.51354240563953,350.3455548005358,10.290188953351167,42.1851524524401,4.587270404124149,95
0.0002,1e-06,0.05,20000,0.0003,10,1e-06,,16x16,,reg_fixed,adam,warm,fogas_diag,adam,exact,44,44,cuda:6,ok,,926.7204728930374,200.0,0.0,0.0,-200.0,0.0,200.0,0.0,0.0,-200.0,0.0,-94.62804928319399,-149.84014353799273,7.501733160598288,-94.9065456419327,371.8968972360496,0.07096205924007098,33.65493439535421,1.8274437591807557,175
0.0002,3e-07,0.1,20000,0.0003,10,1e-06,,16x16,,reg_fixed,adam,warm,fogas_diag,adam,exact,44,44,cuda:6,ok,,926.8094354250352,200.0,0.0,0.0,-200.0,0.0,200.0,0.0,0.0,-200.0,0.0,-101.68165301475466,-99.6085025219454,0.46382223761003644,-101.76464985694595,341.90016619816873,0.1384826578994803,30.47602703937994,0.6720808573009216,135
0.0002,1e-06,0.02,20000,0.001,10,1e-08,,16x16,,reg_fixed,adam,warm,fogas_diag,adam,exact,44,44,cuda:6,ok,,926.8254750790074,200.0,0.0,0.0,-200.0,0.0,200.0,0.0,0.0,-200.0,0.0,-340.68667170908196,-336.6553063568593,-0.5318236058796876,-340.68806039121864,946.488235579465,0.00011101361087513924,5.293338953122851,0.4154282367968741,167
0.0001,1e-06,0.005,20000,0.001,10,1e-09,,16x16,,reg_fixed,adam,warm,fogas_diag,adam,exact,44,44,cuda:7,ok,,926.8976159879821,200.0,0.0,0.0,-200.0,0.0,200.0,0.0,0.0,-200.0,0.0,-14.428998285905223,1230.36516846028,-125.59140715801585,-15.549804307867362,271.5481083020072,7.390588791001404e-09,247.60714880084535,0.057675239826514436,56
0.0002,3e-07,0.05,20000,0.001,10,1e-08,,16x16,,reg_fixed,adam,warm,fogas_diag,adam,exact,44,44,cuda:6,ok,,927.0962507830118,200.0,0.0,0.0,-200.0,0.0,200.0,0.0,0.0,-200.0,0.0,-341.9584932236745,-330.3871277541319,-1.8028879167228098,-341.9611371081102,917.741688186051,0.00030041180916730363,19.428464962816086,0.41480821327664025,127
0.0001,3e-07,0.1,20000,0.0003,10,1e-08,,16x16,,reg_fixed,adam,warm,fogas_diag,adam,exact,44,44,cuda:7,ok,,927.363483839028,200.0,0.0,0.0,-200.0,0.0,200.0,0.0,0.0,-200.0,0.0,-103.09860471862922,-101.2681112212958,-0.9443108010406787,-103.1015738176572,328.0380212530521,0.19585533011606718,12.668394495152429,0.4161557646201783,32
0.0001,1e-06,0.1,20000,0.001,10,3e-08,,16x16,,reg_fixed,adam,warm,fogas_diag,adam,exact,44,44,cuda:7,ok,,927.4683733110433,200.0,0.0,0.0,-200.0,0.0,200.0,0.0,0.0,-200.0,0.0,-1.07372196536339,1139.1169346025474,-115.16340884006644,-2.074145118427168,477.9294757971104,0.00826775906698179,247.25026919214343,0.9777501100564084,88
0.0001,1e-06,0.05,20000,0.001,10,1e-06,,16x16,,reg_fixed,adam,warm,fogas_diag,adam,exact,44,44,cuda:7,ok,,927.4788047510083,200.0,0.0,0.0,-200.0,0.0,200.0,0.0,0.0,-200.0,0.0,-340.8104775543266,-338.12947345490414,-0.6561574132114131,-340.81209704104066,897.6882199544524,0.025306025061672968,50.01761846899231,0.42291241094358306,80
0.0002,3e-07,0.1,20000,0.001,10,1e-09,,16x16,,reg_fixed,adam,warm,fogas_diag,adam,exact,44,44,cuda:7,ok,,927.5605034200125,200.0,0.0,0.0,-200.0,0.0,200.0,0.0,0.0,-200.0,0.0,-236.4956851638843,-224.08949729514245,-1.4877428523421692,-236.50606707324434,669.6042166173746,2.331237103481094,37.069024477319346,0.44888568722775835,136
0.0001,1e-06,0.5,20000,0.001,10,1e-09,,16x16,,reg_fixed,adam,warm,fogas_diag,adam,exact,44,44,cuda:7,ok,,927.5843340480351,200.0,0.0,0.0,-200.0,0.0,200.0,0.0,0.0,-200.0,0.0,-49.78009523267052,1457.3460204663202,-151.9540501519265,-51.256723931333,538.0988027792773,0.07730590082628813,244.69441478276994,2.3712537511531666,96
0.0002,3e-07,0.05,20000,0.001,10,3e-08,,16x16,,reg_fixed,adam,warm,fogas_diag,adam,exact,44,44,cuda:7,ok,,927.7267733030021,200.0,0.0,0.0,-200.0,0.0,200.0,0.0,0.0,-200.0,0.0,-342.219893931026,-335.29582695030996,-2.0677916085134385,-342.2209064581046,972.4787874078769,0.3266877260376901,30.76805165359827,0.41779816176170115,128
0.0002,1e-06,0.005,20000,0.001,10,1e-06,,16x16,,reg_fixed,adam,warm,fogas_diag,adam,exact,44,44,cuda:7,ok,,927.779173774994,200.0,0.0,0.0,-200.0,0.0,200.0,0.0,0.0,-200.0,0.0,-341.01968038231746,-336.9423958151086,-0.8686454722058207,-341.020511349125,868.994325380754,0.013177608030886865,144.98193878554298,0.45129989218774763,160
0.0002,1e-06,0.005,20000,0.0003,10,1e-08,,16x16,,reg_fixed,adam,warm,fogas_diag,adam,exact,44,44,cuda:7,ok,,928.0101949379896,200.0,0.0,0.0,-200.0,0.0,200.0,0.0,0.0,-200.0,0.0,-94.80898588758276,-147.561581312072,7.312472467176114,-95.16178303378231,383.9134653685496,0.25231730747406456,32.56359860556214,2.326215590584685,152
0.0002,3e-07,0.02,20000,0.0003,10,1e-09,,16x16,,reg_fixed,adam,warm,fogas_diag,adam,exact,44,44,cuda:6,ok,,928.100596653996,200.0,0.0,0.0,-200.0,0.0,200.0,0.0,0.0,-200.0,0.0,-96.9438078299202,-117.4166683669805,4.998694941238602,-97.55907323643879,260.1144333247856,0.8726366403315012,36.672563889769854,0.739575446509117,111
0.0001,1e-06,0.05,20000,0.0003,10,1e-09,,16x16,,reg_fixed,adam,warm,fogas_diag,adam,exact,44,44,cuda:6,ok,,928.1780989220133,200.0,0.0,0.0,-200.0,0.0,200.0,0.0,0.0,-200.0,0.0,21.216679416981464,122.9007710890854,-10.032675720358862,20.890099087498427,322.680882763743,0.07320446213659015,56.22704319778769,0.2756524596292536,71
0.0002,3e-07,0.005,20000,0.0003,10,3e-08,,16x16,,reg_fixed,adam,warm,fogas_diag,adam,exact,44,44,cuda:6,ok,,928.4569543299731,200.0,0.0,0.0,-200.0,0.0,200.0,0.0,0.0,-200.0,0.0,-102.30822149274445,-100.86984840056058,-0.15991098392840458,-102.35888920782271,316.7448478472356,6.614939308363451,38.79879749336581,0.9227496127948025,103
0.0002,3e-07,0.005,20000,0.0003,10,1e-07,,16x16,,reg_fixed,adam,warm,fogas_diag,adam,exact,44,44,cuda:7,ok,,928.5676324049709,200.0,0.0,0.0,-200.0,0.0,200.0,0.0,0.0,-200.0,0.0,-101.04154130329779,-99.08503315976229,1.114841996468166,-101.10167634674657,311.55621643616894,27.08828919026869,136.43792239775772,4.499131075041138,104
0.0002,1e-06,0.05,20000,0.001,10,1e-09,,16x16,,reg_fixed,adam,warm,fogas_diag,adam,exact,44,44,cuda:7,ok,,928.6750505599775,200.0,0.0,0.0,-200.0,0.0,200.0,0.0,0.0,-200.0,0.0,-129.20206800830326,-235.2305154623308,14.410241820209166,-129.7028671491314,685.1580017092798,1.2929936842113554,59.48566673330208,25.677696804584315,176
0.0001,3e-07,0.1,20000,0.001,10,3e-08,,16x16,,reg_fixed,adam,warm,fogas_diag,adam,exact,44,44,cuda:5,ok,,928.8848369719926,200.0,0.0,0.0,-200.0,0.0,200.0,0.0,0.0,-200.0,0.0,135.72821736022917,-1939.7324399714125,211.53142661846096,132.98099313091325,405.87334701508433,15.563652113358366,223.94313467130647,1.2939540341066298,39
0.0002,3e-07,0.5,20000,0.0003,10,1e-07,,16x16,,reg_fixed,adam,warm,fogas_diag,adam,exact,44,44,cuda:7,ok,,928.8896879579988,200.0,0.0,0.0,-200.0,0.0,200.0,0.0,0.0,-200.0,0.0,-103.17912363527206,-98.3258691117904,-1.0264858749945591,-103.17953395947036,335.31520591439676,0.13134817614609076,13.794209392454007,0.41654025256668054,144
0.0002,1e-06,0.005,20000,0.001,10,1e-07,,16x16,,reg_fixed,adam,warm,fogas_diag,adam,exact,44,44,cuda:6,ok,,929.0579817430116,200.0,0.0,0.0,-200.0,0.0,200.0,0.0,0.0,-200.0,0.0,-340.8941678880431,-337.7203788649203,-0.7392015327792427,-340.8946861792142,921.7925720677483,0.004483780542330805,66.86020708967843,0.4164949405365803,159
0.0001,1e-06,0.005,20000,0.0003,10,1e-06,,16x16,,reg_fixed,adam,warm,fogas_diag,adam,exact,44,44,cuda:6,ok,,929.2333342790371,200.0,0.0,0.0,-200.0,0.0,200.0,0.0,0.0,-200.0,0.0,-94.98445802093298,-147.94423674704205,7.142594902666495,-95.23897149734194,361.7033265161134,0.2733102536967021,32.98811119495093,1.1940160323500852,55
0.0002,3e-07,0.02,20000,0.0003,10,1e-08,,16x16,,reg_fixed,adam,warm,fogas_diag,adam,exact,44,44,cuda:7,ok,,929.4533593500382,200.0,0.0,0.0,-200.0,0.0,200.0,0.0,0.0,-200.0,0.0,-101.35257837125471,-99.9657969750439,0.7947906586819911,-101.48377077213652,499.7057700289949,0.2805560209105809,31.412767862276063,0.7113943304381202,112
0.0002,3e-07,0.5,20000,0.0003,10,3e-08,,16x16,,reg_fixed,adam,warm,fogas_diag,adam,exact,44,44,cuda:6,ok,,930.3477573069977,200.0,0.0,0.0,-200.0,0.0,200.0,0.0,0.0,-200.0,0.0,-103.05444229155628,-99.73881647901848,-0.8985964915615392,-103.059471344315,341.6353577692583,0.08184207515811258,11.81388336978506,0.4163855634622146,143
0.0001,3e-07,0.02,20000,0.001,10,1e-09,,16x16,,reg_fixed,adam,warm,fogas_diag,adam,exact,44,44,cuda:7,ok,,930.3714745679754,200.0,0.0,0.0,-200.0,0.0,200.0,0.0,0.0,-200.0,0.0,-342.5114205947552,-333.01797498085296,-2.3559774513814546,-342.5076585794775,960.3054592096789,0.21215522379657584,44.92886396535046,0.4212994538640874,16
0.0001,1e-06,0.1,20000,0.001,10,1e-08,,16x16,,reg_fixed,adam,warm,fogas_diag,adam,exact,44,44,cuda:6,ok,,930.4679131869925,200.0,0.0,0.0,-200.0,0.0,200.0,0.0,0.0,-200.0,0.0,1.2654858985191737,1217.9997146370433,-111.6713609407451,0.1759968852716156,513.3172815681239,1.1694955892695291,228.2649016374478,0.018625055595049372,87
0.0002,3e-07,0.02,20000,0.001,10,1e-07,,16x16,,reg_fixed,adam,warm,fogas_diag,adam,exact,44,44,cuda:6,ok,,931.2293909799773,200.0,0.0,0.0,-200.0,0.0,200.0,0.0,0.0,-200.0,0.0,-342.1383063678827,-335.2321674414296,-1.9826033298650547,-342.14061003893204,946.4142983895798,6.635625770663326,264.9145242544822,0.5148199857335202,119
