alpha,eta,rho,T,theta_lr,theta_inner_steps,theta_lambda,hidden_sizes,beta_reg,theta_mode,theta_optimizer,theta_start_mode,beta_update,policy_optimizer,policy_gradient,nn_seed,seed,device,status,error,elapsed_seconds,solver_mean_steps,solver_success_rate,solver_avg_env_return,final_total_loss,final_policy_objective,final_beta_objective,final_q_objective,final_theta_norm,final_policy_grad_norm,final_beta_grad_norm,final_theta_grad_norm,run_idx
3e-05,1e-08,0.005,20000,0.0001,10,1e-10,32x32,,reg_fixed,adam,warm,fogas_diag,adam,exact,44,44,cuda:2,ok,,923.8757518980128,200.0,0.0,-200.0,-89.6796733247565,137.83108502191985,-23.43663721268454,-89.33674244356601,116.53547965382037,1.646617594887518e-09,148.9774538512872,0.7747237084593737,1
3e-05,1e-08,0.005,20000,0.0003,10,1e-12,32x32,,reg_fixed,adam,warm,fogas_diag,adam,exact,44,44,cuda:0,ok,,924.5693943020015,200.0,0.0,-200.0,-256.8644487403161,316.86018185482936,-58.622043459174456,-256.5751890483294,345.6046769321028,2.046766801938284e-10,439.3193301956511,0.7434898927204111,9
3e-05,1e-08,0.005,20000,0.0003,10,1e-10,32x32,,reg_fixed,adam,warm,fogas_diag,adam,exact,44,44,cuda:2,ok,,927.5929158079962,200.0,0.0,-200.0,-256.8644487394405,316.8601818530239,-58.62204345872072,-256.5751890474541,345.5058568974183,1.6298275869397105e-09,439.319330196009,0.7434898585535596,10
3e-05,3e-08,0.005,20000,0.0003,10,1e-12,32x32,,reg_fixed,adam,warm,fogas_diag,adam,exact,44,44,cuda:0,ok,,928.7367831360025,200.0,0.0,-200.0,-224.52430526069685,31.375716291176914,-26.281900651587197,-224.39528594077066,345.60612368185696,8.483708442962498e-11,435.233804045892,0.6502406886821174,105
3e-05,1e-08,0.1,20000,0.0001,10,1e-12,32x32,,reg_fixed,adam,warm,fogas_diag,adam,exact,44,44,cuda:0,ok,,928.8540299430024,200.0,0.0,-200.0,-89.67893353499154,137.8246429541789,-23.435897422677726,-89.33601347914083,116.71674901697826,4.17089570319893e-10,148.97448572515472,0.7747173983329162,49
3e-05,1e-08,0.005,20000,0.001,10,1e-12,32x32,,reg_fixed,adam,warm,fogas_diag,adam,exact,44,44,cuda:0,ok,,929.2371399709955,200.0,0.0,-200.0,-731.2818850950601,-38.901648429189095,-71.04250682458508,-731.177032914583,1149.4972332285959,3.029721551717597e-11,1443.5351967809456,0.6361771808737107,17
3e-05,3e-08,0.005,20000,0.001,10,1e-12,32x32,,reg_fixed,adam,warm,fogas_diag,adam,exact,44,44,cuda:0,ok,,929.2530766309937,200.0,0.0,-200.0,-375.0341788171805,-3194.615494396216,285.2051877940707,-375.4611685527839,1149.49893637229,7.679194969274149e-11,1491.2892669353776,0.3266785207879687,113
3e-05,1e-08,0.5,20000,0.001,10,1e-12,32x32,,reg_fixed,adam,warm,fogas_diag,adam,exact,44,44,cuda:0,ok,,929.474825761019,200.0,0.0,-200.0,-731.2784065203356,-38.93109849515986,-71.03902825055775,-731.1735593264822,1149.4972324314563,3.029765210028132e-11,1443.3860459024772,0.6361741586001726,89
3e-05,1e-08,0.1,20000,0.001,10,1e-12,32x32,,reg_fixed,adam,warm,fogas_diag,adam,exact,44,44,cuda:0,ok,,929.5852232320176,200.0,0.0,-200.0,-731.2812175453987,-38.90729995876143,-71.04183927504516,-731.1763663218655,1149.4972330754829,3.0301546903981833e-11,1443.5065705868715,0.6361766008896962,65
3e-05,1e-08,0.02,20000,0.001,10,1e-12,32x32,,reg_fixed,adam,warm,fogas_diag,adam,exact,44,44,cuda:0,ok,,929.7844753449899,200.0,0.0,-200.0,-731.2817796942487,-38.90254076000673,-71.04240142378886,-731.1769276648653,1149.4972332041984,3.027142666736816e-11,1443.5306768152955,0.6361770892988183,41
3e-05,1e-08,0.5,20000,0.0001,10,1e-12,32x32,,reg_fixed,adam,warm,fogas_diag,adam,exact,44,44,cuda:0,ok,,929.8663106849999,200.0,0.0,-200.0,-89.67581887336547,137.7975205924354,-23.43278276114607,-89.33294439429994,116.71674480435817,4.1706191417118204e-10,148.9619890297012,0.7746907833852335,73
3e-05,1e-08,0.02,20000,0.0001,10,1e-12,32x32,,reg_fixed,adam,warm,fogas_diag,adam,exact,44,44,cuda:0,ok,,929.9739256030007,200.0,0.0,-200.0,-89.6795565149133,137.83006784118953,-23.436520402580914,-89.33662734300879,116.7167498595757,4.170938047568577e-10,148.9769851959667,0.7747227217291687,25
3e-05,1e-08,0.5,20000,0.0003,10,1e-12,32x32,,reg_fixed,adam,warm,fogas_diag,adam,exact,44,44,cuda:0,ok,,930.285561422992,200.0,0.0,-200.0,-256.8553653618868,316.7803893499845,-58.61296008100928,-256.56615047921986,345.604674839996,2.0465438308238294e-10,439.2737659385338,0.7434637012380952,81
3e-05,3e-08,0.005,20000,0.001,10,1e-11,32x32,,reg_fixed,adam,warm,fogas_diag,adam,exact,44,44,cuda:1,ok,,930.3415130389913,200.0,0.0,-200.0,-375.034178817011,-3194.6154943967294,285.20518779419217,-375.46116855261425,1149.4841653201,2.415339388583014e-10,1491.2892669354242,0.32667851044386803,114
3e-05,3e-08,0.005,20000,0.0001,10,1e-12,32x32,,reg_fixed,adam,warm,fogas_diag,adam,exact,44,44,cuda:0,ok,,930.755899160984,200.0,0.0,-200.0,-85.88874987707229,104.69451600848147,-19.64571383324887,-85.60148044044313,116.71682274996404,3.455533750796601e-10,148.2235290602492,0.7423317171398818,97
3e-05,1e-08,0.02,20000,0.0003,10,1e-12,32x32,,reg_fixed,adam,warm,fogas_diag,adam,exact,44,44,cuda:0,ok,,931.061314453982,200.0,0.0,-200.0,-256.86417346663285,316.85776372618216,-58.621768185499825,-256.5749151326019,345.6046768686425,2.0468375843689177e-10,439.3179493871489,0.7434890989820633,33
3e-05,1e-08,0.02,20000,0.0003,10,1e-11,32x32,,reg_fixed,adam,warm,fogas_diag,adam,exact,44,44,cuda:1,ok,,931.2531197709905,200.0,0.0,-200.0,-256.8641734665661,316.8577637260253,-58.621768185461455,-256.57491513253524,345.58369994965614,3.4207904265586285e-10,439.3179493872018,0.7434890958760239,34
3e-05,3e-08,0.02,20000,0.0001,10,1e-12,32x32,,reg_fixed,adam,warm,fogas_diag,adam,exact,44,44,cuda:0,ok,,931.4576819950016,200.0,0.0,-200.0,-85.88847387317898,104.69211518379024,-19.64543782936563,-85.60120847137956,116.71682227182202,3.4555361832683123e-10,148.2221314682182,0.7423293586380042,121
3e-05,1e-08,0.005,20000,0.0001,10,1e-09,32x32,,reg_fixed,adam,warm,fogas_diag,adam,exact,44,44,cuda:3,ok,,931.6008452819951,200.0,0.0,-200.0,-89.67967331809108,137.83108501151378,-23.436637209189985,-89.33674243689981,116.29264673809955,1.1119606963899127e-08,148.97745384656346,0.7747236046200016,2
3e-05,3e-08,0.005,20000,0.0001,10,1e-11,32x32,,reg_fixed,adam,warm,fogas_diag,adam,exact,44,44,cuda:1,ok,,932.1401978009962,200.0,0.0,-200.0,-85.8887498770272,104.69451600842464,-19.645713833220608,-85.60148044039802,116.69264328999643,4.241068675243565e-10,148.22352906023235,0.7423317161016745,98
3e-05,1e-08,0.005,20000,0.0003,10,1e-09,32x32,,reg_fixed,adam,warm,fogas_diag,adam,exact,44,44,cuda:3,ok,,932.2707118369872,200.0,0.0,-200.0,-256.86444873191857,316.8601818386969,-58.622043455035076,-256.57518903993366,345.4437557205307,1.203764297801816e-08,439.3193301962651,0.7434895479470819,12
3e-05,1e-08,0.02,20000,0.0001,10,1e-11,32x32,,reg_fixed,adam,warm,fogas_diag,adam,exact,44,44,cuda:1,ok,,932.3555388190143,200.0,0.0,-200.0,-89.67955651486821,137.83006784112132,-23.43652040255261,-89.33662734296371,116.69259003716614,5.125691472089209e-10,148.97698519594934,0.7747227206909622,26
3e-05,1e-08,0.5,20000,0.0003,10,1e-11,32x32,,reg_fixed,adam,warm,fogas_diag,adam,exact,44,44,cuda:1,ok,,932.9678647839755,200.0,0.0,-200.0,-256.85536536182053,316.78038934982936,-58.612960080971106,-256.5661504791534,345.58369771146135,3.420779592634734e-10,439.27376593858713,0.743463698132056,82
3e-05,1e-08,0.005,20000,0.0001,10,1e-08,32x32,,reg_fixed,adam,warm,fogas_diag,adam,exact,44,44,cuda:4,ok,,933.0167268000077,200.0,0.0,-200.0,-89.67967325661834,137.83108492904378,-23.436637174993145,-89.33674237541669,116.16017517996796,8.478913289018743e-08,148.97745377274236,0.7747225662710935,3
3e-05,1e-08,0.1,20000,0.0003,10,1e-12,32x32,,reg_fixed,adam,warm,fogas_diag,adam,exact,44,44,cuda:0,ok,,933.1601309469843,200.0,0.0,-200.0,-256.86270536119474,316.84486722349686,-58.62030008010449,-256.5734542694922,345.60467653065433,2.0469593580755595e-10,439.3105851525364,0.7434848657710498,57
3e-05,1e-08,0.1,20000,0.001,10,1e-11,32x32,,reg_fixed,adam,warm,fogas_diag,adam,exact,44,44,cuda:1,ok,,933.6552312700078,200.0,0.0,-200.0,-731.2812175452796,-38.90729995906884,-71.04183927497307,-731.1763663217466,1149.482595423984,7.982682625493422e-11,1443.5065705869245,0.6361765905456445,66
3e-05,1e-08,0.1,20000,0.0001,10,1e-11,32x32,,reg_fixed,adam,warm,fogas_diag,adam,exact,44,44,cuda:1,ok,,933.7081316219992,200.0,0.0,-200.0,-89.67893353494647,137.82464295411052,-23.435897422649404,-89.33601347909578,116.69258915527777,5.125643297948828e-10,148.9744857251374,0.7747173972947092,50
3e-05,3e-08,0.005,20000,0.0003,10,1e-11,32x32,,reg_fixed,adam,warm,fogas_diag,adam,exact,44,44,cuda:1,ok,,933.8009361279837,200.0,0.0,-200.0,-224.52430526061985,31.37571629099628,-26.28190065153702,-224.39528594069373,345.58525135921883,1.3673840929436695e-10,435.2338040459372,0.6502406855760455,106
3e-05,1e-08,0.005,20000,0.001,10,1e-11,32x32,,reg_fixed,adam,warm,fogas_diag,adam,exact,44,44,cuda:1,ok,,933.8856557089894,200.0,0.0,-200.0,-731.2818850949423,-38.90164842949656,-71.04250682451313,-731.1770329144651,1149.4825955942977,7.979460559555668e-11,1443.5351967810018,0.6361771705296588,18
3e-05,1e-08,0.02,20000,0.0001,10,1e-10,32x32,,reg_fixed,adam,warm,fogas_diag,adam,exact,44,44,cuda:2,ok,,934.0543221600237,200.0,0.0,-200.0,-89.67955651425709,137.8300678402383,-23.436520402188776,-89.33662734235247,116.53547944907028,1.646610730341189e-09,148.97698519563238,0.7747227103075042,27
3e-05,1e-08,0.005,20000,0.0001,10,1e-06,32x32,,reg_fixed,adam,warm,fogas_diag,adam,exact,44,44,cuda:6,ok,,934.2944057050045,200.0,0.0,-200.0,-89.67966746627305,137.8310594005417,-23.43663640555934,-89.33673658220818,115.92772051966581,8.079043515451012e-06,148.97743784023976,0.774608356591151,4
3e-05,1e-08,0.005,20000,0.0003,10,1e-11,32x32,,reg_fixed,adam,warm,fogas_diag,adam,exact,44,44,cuda:1,ok,,934.5662070830003,200.0,0.0,-200.0,-256.8644487402501,316.8601818546729,-58.62204345913621,-256.57518904826344,345.5837000195136,3.4209290076554614e-10,439.31933019570533,0.7434898896143711,11
3e-05,1e-08,0.02,20000,0.001,10,1e-11,32x32,,reg_fixed,adam,warm,fogas_diag,adam,exact,44,44,cuda:1,ok,,934.8086740649887,200.0,0.0,-200.0,-731.2817796941285,-38.90254076032045,-71.04240142371603,-731.1769276647453,1149.4825955674683,7.982179376951628e-11,1443.5306768153498,0.6361770789547659,42
3e-05,1e-08,0.1,20000,0.0003,10,1e-11,32x32,,reg_fixed,adam,warm,fogas_diag,adam,exact,44,44,cuda:1,ok,,934.8973740189977,200.0,0.0,-200.0,-256.86270536112823,316.8448672233412,-58.62030008006626,-256.57345426942567,345.5836995765319,3.420635554030975e-10,439.3105851525895,0.7434848626650101,58
3e-05,1e-08,0.5,20000,0.0001,10,1e-11,32x32,,reg_fixed,adam,warm,fogas_diag,adam,exact,44,44,cuda:1,ok,,935.5085191800026,200.0,0.0,-200.0,-89.67581887332045,137.79752059236768,-23.432782761117824,-89.33294439425492,116.69258474557682,5.125385643596198e-10,148.9619890296838,0.7746907823470273,74
3e-05,1e-08,0.5,20000,0.001,10,1e-11,32x32,,reg_fixed,adam,warm,fogas_diag,adam,exact,44,44,cuda:1,ok,,935.9780817299907,200.0,0.0,-200.0,-731.2784065202179,-38.93109849546744,-71.0390282504858,-731.1735593263645,1149.4825947064626,7.986670172088137e-11,1443.3860459025343,0.6361741482561206,90
3e-05,1e-08,0.5,20000,0.0001,10,1e-09,32x32,,reg_fixed,adam,warm,fogas_diag,adam,exact,44,44,cuda:3,ok,,936.6267680070014,200.0,0.0,-200.0,-89.67581886604312,137.79752058107363,-23.432782757259023,-89.33294438697675,116.29263991504688,1.1119165651699033e-08,148.96198902464195,0.7746906681241917,76
3e-05,1e-08,0.5,20000,0.0001,10,1e-10,32x32,,reg_fixed,adam,warm,fogas_diag,adam,exact,44,44,cuda:2,ok,,936.7078626900038,200.0,0.0,-200.0,-89.67581887270923,137.79752059148555,-23.43278276075409,-89.33294439364363,116.53547289559457,1.6465235853807861e-09,148.96198902936644,0.7746907719635706,75
3e-05,1e-08,0.005,20000,0.001,10,1e-09,32x32,,reg_fixed,adam,warm,fogas_diag,adam,exact,44,44,cuda:3,ok,,937.0293139260029,200.0,0.0,-200.0,-731.2818850834603,-38.90164844781913,-71.04250681912004,-731.1770329029858,1149.4416113715465,3.304382617638496e-09,1443.5351967796394,0.6361760326854987,19
3e-05,1e-08,0.02,20000,0.001,10,1e-10,32x32,,reg_fixed,adam,warm,fogas_diag,adam,exact,44,44,cuda:2,ok,,937.3711494640156,200.0,0.0,-200.0,-731.2817796929874,-38.90254076250136,-71.04240142314585,-731.1769276636043,1149.4572644301622,4.1304205768545536e-10,1443.5306768153846,0.636176975514304,43
3e-05,1e-08,0.02,20000,0.0001,10,1e-09,32x32,,reg_fixed,adam,warm,fogas_diag,adam,exact,44,44,cuda:3,ok,,937.4102044650062,200.0,0.0,-200.0,-89.67955650759146,137.8300678298296,-23.436520398693926,-89.3366273356861,116.29264653131568,1.1119588454013012e-08,148.97698519090852,0.7747226064681291,28
3e-05,3e-08,0.005,20000,0.0001,10,1e-10,32x32,,reg_fixed,adam,warm,fogas_diag,adam,exact,44,44,cuda:2,ok,,937.4513694949856,200.0,0.0,-200.0,-85.8887498764192,104.69451600772689,-19.645713832862445,-85.60148043979002,116.53528166696104,1.3520793621421118e-09,148.22352905991963,0.7423317057182405,99
3e-05,1e-08,0.1,20000,0.001,10,1e-10,32x32,,reg_fixed,adam,warm,fogas_diag,adam,exact,44,44,cuda:2,ok,,937.7572692889953,200.0,0.0,-200.0,-731.2812175441319,-38.90729996122525,-71.0418392744047,-731.1763663205994,1149.4572643062681,4.1311109194943943e-10,1443.506570586941,0.6361764871051849,67
3e-05,1e-08,0.5,20000,0.001,10,1e-10,32x32,,reg_fixed,adam,warm,fogas_diag,adam,exact,44,44,cuda:2,ok,,938.0652895869862,200.0,0.0,-200.0,-731.2784065190835,-38.93109849765369,-71.03902824991582,-731.1735593252304,1149.4572636871758,4.1317692840316545e-10,1443.3860459025855,0.6361740448156583,91
3e-05,3e-08,0.005,20000,0.001,10,1e-09,32x32,,reg_fixed,adam,warm,fogas_diag,adam,exact,44,44,cuda:3,ok,,938.0728078879765,200.0,0.0,-200.0,-265.5420391925741,-4162.986378061087,394.69886782125974,-266.13238305830873,1460.2840109397343,0.013929113118196737,1520.6449159836184,3.5432659502379877,116
3e-05,1e-08,0.02,20000,0.0003,10,1e-10,32x32,,reg_fixed,adam,warm,fogas_diag,adam,exact,44,44,cuda:2,ok,,938.3039710389858,200.0,0.0,-200.0,-256.8641734657583,316.85776372438505,-58.62176818504704,-256.5749151317277,345.50585682068777,1.6298232034415607e-09,439.31794938750886,0.7434890648152152,35
3e-05,1e-08,0.1,20000,0.001,10,1e-09,32x32,,reg_fixed,adam,warm,fogas_diag,adam,exact,44,44,cuda:3,ok,,938.5981816079875,200.0,0.0,-200.0,-731.2812175337895,-38.90729997737952,-71.04183926958046,-731.1763663102591,1149.441611236843,3.3044404727939543e-09,1443.5065705855445,0.6361754527014853,68
3e-05,1e-08,0.02,20000,0.001,10,1e-09,32x32,,reg_fixed,adam,warm,fogas_diag,adam,exact,44,44,cuda:3,ok,,938.696838134987,200.0,0.0,-200.0,-731.2817796826419,-38.902540778667515,-71.04240141832003,-731.1769276532611,1149.4416113503653,3.304302056987661e-09,1443.5306768139822,0.6361759411106033,44
3e-05,3e-08,0.005,20000,0.0003,10,1e-09,32x32,,reg_fixed,adam,warm,fogas_diag,adam,exact,44,44,cuda:3,ok,,938.9340169240022,200.0,0.0,-200.0,-224.52430525167836,31.375716278080702,-26.28190064701619,-224.3952859317574,345.4441589982248,4.1109075221650215e-09,435.233804045963,0.6502403439068178,108
3e-05,3e-08,0.005,20000,0.001,10,1e-10,32x32,,reg_fixed,adam,warm,fogas_diag,adam,exact,44,44,cuda:2,ok,,938.9576521959971,200.0,0.0,-200.0,-375.0341788156638,-3194.61549439695,285.2051877946879,-375.46116855126866,1149.456783488176,1.1443690884320028e-09,1491.2892669343826,0.3266784070031686,115
3e-05,1e-08,0.5,20000,0.001,10,1e-09,32x32,,reg_fixed,adam,warm,fogas_diag,adam,exact,44,44,cuda:3,ok,,938.9605363989831,200.0,0.0,-200.0,-731.2784065087453,-38.93109851378421,-71.03902824509451,-731.1735593148944,1149.441610668894,3.3046662046122193e-09,1443.386045901194,0.6361730104119611,92
3e-05,3e-08,0.005,20000,0.0003,10,1e-10,32x32,,reg_fixed,adam,warm,fogas_diag,adam,exact,44,44,cuda:2,ok,,939.4866549879953,200.0,0.0,-200.0,-224.52430525971823,31.375716289327343,-26.281900651024266,-224.39528593979287,345.507031159626,5.80573322311447e-10,435.2338040461767,0.6502406545149513,107
3e-05,1e-08,0.1,20000,0.0003,10,1e-10,32x32,,reg_fixed,adam,warm,fogas_diag,adam,exact,44,44,cuda:2,ok,,939.8197709909873,200.0,0.0,-200.0,-256.8627053603202,316.8448672216947,-58.6203000796512,-256.57345426861775,345.5058564113981,1.6298205687193361e-09,439.3105851528968,0.7434848316041991,59
3e-05,1e-08,0.02,20000,0.0003,10,1e-09,32x32,,reg_fixed,adam,warm,fogas_diag,adam,exact,44,44,cuda:3,ok,,940.056468040013,200.0,0.0,-200.0,-256.8641734582359,316.85776371004977,-58.621768181360494,-256.574915124207,345.4437556499587,1.2037648755579879e-08,439.3179493877657,0.7434887542087338,36
3e-05,1e-08,0.1,20000,0.0001,10,1e-10,32x32,,reg_fixed,adam,warm,fogas_diag,adam,exact,44,44,cuda:2,ok,,940.2216071239964,200.0,0.0,-200.0,-89.67893353433492,137.824642953227,-23.435897422285475,-89.3360134784842,116.53547835677936,1.6465968466426601e-09,148.97448572481946,0.7747173869112515,51
3e-05,1e-08,0.5,20000,0.0003,10,1e-10,32x32,,reg_fixed,adam,warm,fogas_diag,adam,exact,44,44,cuda:2,ok,,940.3456645349797,200.0,0.0,-200.0,-256.85536536101216,316.78038934818414,-58.61296008055619,-256.56615047834543,345.50585436562886,1.6297889786598984e-09,439.2737659388934,0.7434636670712456,83
3e-05,1e-08,0.5,20000,0.0003,10,1e-09,32x32,,reg_fixed,adam,warm,fogas_diag,adam,exact,44,44,cuda:3,ok,,940.3489189739921,200.0,0.0,-200.0,-256.8553653534911,316.78038933385733,-58.61296007687083,-256.56615047082596,345.4437533895169,1.2037543367319932e-08,439.2737659391508,0.7434633564647669,84
3e-05,1e-08,0.1,20000,0.0001,10,1e-09,32x32,,reg_fixed,adam,warm,fogas_diag,adam,exact,44,44,cuda:3,ok,,941.2851486920263,200.0,0.0,-200.0,-89.6789335276691,137.82464294281647,-23.43589741879045,-89.33601347181758,116.29264542858297,1.1119514526401733e-08,148.97448572009577,0.7747172830718745,52
3e-05,3e-08,0.005,20000,0.0001,10,1e-09,32x32,,reg_fixed,adam,warm,fogas_diag,adam,exact,44,44,cuda:3,ok,,941.5178925159853,200.0,0.0,-200.0,-85.888749869865,104.69451600025835,-19.645713829552044,-85.60148043323346,116.291913189322,9.087466627803167e-09,148.22352905524355,0.7423316018797655,100
3e-05,1e-08,0.005,20000,0.0001,10,1e-11,32x32,,reg_fixed,adam,warm,fogas_diag,adam,exact,44,44,cuda:1,ok,,942.419217749004,200.0,0.0,-200.0,-89.67967332536773,137.8310850228026,-23.436637213048364,-89.33674244417725,116.69259020262831,5.125693007262765e-10,148.97745385160454,0.7747237188428313,5
3e-05,1e-08,0.1,20000,0.0003,10,1e-09,32x32,,reg_fixed,adam,warm,fogas_diag,adam,exact,44,44,cuda:3,ok,,942.9031397030049,200.0,0.0,-200.0,-256.86270535279857,316.8448672073684,-58.6203000759657,-256.57345426109794,345.4437552731827,1.2037618567226619e-08,439.3105851531527,0.743484520997721,60
3e-05,1e-08,0.005,20000,0.001,10,1e-10,32x32,,reg_fixed,adam,warm,fogas_diag,adam,exact,44,44,cuda:2,ok,,943.6130347050203,200.0,0.0,-200.0,-731.2818850938031,-38.901648431682986,-71.04250682394259,-731.1770329133263,1149.4572644533469,4.131274824502354e-10,1443.5351967810398,0.6361770670891964,20
3e-05,1e-08,0.005,20000,0.0001,10,1e-05,32x32,,reg_fixed,adam,warm,fogas_diag,adam,exact,44,44,cuda:7,ok,,945.8033610630082,200.0,0.0,-200.0,-89.67961872242064,137.8309301469335,-23.436622124032425,-89.3366878078995,115.82023794780804,1.7163816851501585e-05,148.97733269385023,0.7735701268660267,6
3e-05,1e-08,0.005,20000,0.0003,10,1e-08,32x32,,reg_fixed,adam,warm,fogas_diag,adam,exact,44,44,cuda:4,ok,,949.7031326589931,200.0,0.0,-200.0,-256.8644486621308,316.8601817379256,-58.622043418046836,-256.5751889701562,345.3994596589641,7.962314864429846e-08,439.31933012679605,0.743486441898006,13
3e-05,1e-08,0.005,20000,0.001,10,1e-08,32x32,,reg_fixed,adam,warm,fogas_diag,adam,exact,44,44,cuda:4,ok,,950.0328118450125,200.0,0.0,-200.0,-731.2818849887982,-38.901648564044876,-71.04250677580292,-731.1770328083406,1149.4272749325578,2.5039787738985173e-08,1443.535196708544,0.6361656886560932,21
3e-05,1e-08,0.02,20000,0.0001,10,1e-08,32x32,,reg_fixed,adam,warm,fogas_diag,adam,exact,44,44,cuda:4,ok,,952.0966469020059,200.0,0.0,-200.0,-89.67955644611878,137.83006774735975,-23.436520364497138,-89.3366272742031,116.16017498089953,8.47890519232912e-08,148.9769851170878,0.774721568119221,29
3e-05,1e-08,0.02,20000,0.0003,10,1e-07,32x32,,reg_fixed,adam,warm,fogas_diag,adam,exact,44,44,cuda:5,ok,,952.2720473469817,200.0,0.0,-200.0,-256.86475753172454,316.8628788880151,-58.62235186123576,-256.5754963245595,345.35740309720666,5.406039438098342e-07,439.3179844530599,0.7434562713241153,38
3e-05,3e-08,0.005,20000,0.0001,10,1e-07,32x32,,reg_fixed,adam,warm,fogas_diag,adam,exact,44,44,cuda:5,ok,,952.3357463749999,200.0,0.0,-200.0,-85.88874926012156,104.69451573742495,-19.645713471025502,-85.60147982298646,116.04499444735451,3.689231264376164e-07,148.22352739633368,0.7423201806019933,102
3e-05,1e-08,0.1,20000,0.0003,10,1e-08,32x32,,reg_fixed,adam,warm,fogas_diag,adam,exact,44,44,cuda:4,ok,,952.5691770850099,200.0,0.0,-200.0,-256.86270528301264,316.84486710660684,-58.620300038978904,-256.57345419132207,345.39945923302577,7.96227943171026e-08,439.310585083685,0.7434814149486475,61
3e-05,3e-08,0.005,20000,0.0001,10,1e-08,32x32,,reg_fixed,adam,warm,fogas_diag,adam,exact,44,44,cuda:4,ok,,952.5862817050074,200.0,0.0,-200.0,-85.88874980984198,104.6945159442769,-19.645713797960507,-85.60148037318028,116.15838009696817,7.136298983938018e-08,148.22352898500725,0.7423305635427346,101
3e-05,3e-08,0.005,20000,0.0003,10,1e-08,32x32,,reg_fixed,adam,warm,fogas_diag,adam,exact,44,44,cuda:4,ok,,952.5981532350124,200.0,0.0,-200.0,-224.52430517814543,31.375716194243097,-26.28190061046155,-224.39528585825607,345.39804805708616,3.2362963042837204e-08,435.2338040075723,0.6502372378453265,109
3e-05,1e-08,0.5,20000,0.0003,10,1e-08,32x32,,reg_fixed,adam,warm,fogas_diag,adam,exact,44,44,cuda:4,ok,,952.8421553790104,200.0,0.0,-200.0,-256.8553652837054,316.78038923310294,-58.61296003988595,-256.56615040105055,345.39945743956054,7.962120386219733e-08,439.2737658696812,0.7434602504156935,85
3e-05,3e-08,0.005,20000,0.001,10,1e-08,32x32,,reg_fixed,adam,warm,fogas_diag,adam,exact,44,44,cuda:4,ok,,952.9199679080048,200.0,0.0,-200.0,-678.7463785278409,-520.0807211714981,-18.506173451962578,-678.7621309086338,1397.523843166615,0.32752036341020013,396.42490114104965,2.3718626361345727,117
3e-05,1e-08,0.1,20000,0.001,10,1e-08,32x32,,reg_fixed,adam,warm,fogas_diag,adam,exact,44,44,cuda:4,ok,,953.1938820789801,200.0,0.0,-200.0,-731.2812174391248,-38.907300093591516,-71.04183922626468,-731.1763662156113,1149.4272748119395,2.504017471913282e-08,1443.5065705144436,0.6361651086720813,69
3e-05,1e-08,0.1,20000,0.0001,10,1e-08,32x32,,reg_fixed,adam,warm,fogas_diag,adam,exact,44,44,cuda:4,ok,,953.38929146601,200.0,0.0,-200.0,-89.67893346619648,137.82464286034877,-23.435897384594075,-89.33601341033463,116.16017391909281,8.478862865456917e-08,148.97448564627393,0.7747162447229671,53
3e-05,1e-08,0.02,20000,0.0001,10,1e-07,32x32,,reg_fixed,adam,warm,fogas_diag,adam,exact,44,44,cuda:5,ok,,953.646831807011,200.0,0.0,-200.0,-89.67955587375198,137.83006703903848,-23.436520055832542,-89.33662670167399,116.0489763322725,3.173270507251091e-07,148.97698367308487,0.7747111849897239,30
3e-05,3e-08,0.005,20000,0.0003,10,1e-07,32x32,,reg_fixed,adam,warm,fogas_diag,adam,exact,44,44,cuda:5,ok,,953.7546177190088,200.0,0.0,-200.0,-224.52430456248266,31.375716202587,-26.281900285919605,-224.3952852425188,345.3567035230745,1.6653467331638563e-07,435.2338021230586,0.6502061775751453,110
3e-05,1e-08,0.02,20000,0.0003,10,1e-08,32x32,,reg_fixed,adam,warm,fogas_diag,adam,exact,44,44,cuda:4,ok,,953.9808071629959,200.0,0.0,-200.0,-256.86417338844984,316.85776360929094,-58.621768144373775,-256.57491505443113,345.39945959172906,7.962309485794782e-08,439.3179493182967,0.7434856481596621,37
3e-05,1e-08,0.1,20000,0.0001,10,1e-07,32x32,,reg_fixed,adam,warm,fogas_diag,adam,exact,44,44,cuda:5,ok,,954.0134518519917,200.0,0.0,-200.0,-89.6789328938289,137.8246421524242,-23.435897075845364,-89.33601283780467,116.04897618128764,3.1748492873619217e-07,148.9744842020824,0.7747058615934609,54
3e-05,1e-08,0.005,20000,0.0003,10,1e-07,32x32,,reg_fixed,adam,warm,fogas_diag,adam,exact,44,44,cuda:5,ok,,954.0381817589805,200.0,0.0,-200.0,-256.86503545116705,316.8653201923651,-58.62262977790181,-256.5757728730315,345.3574011568732,5.40711066849612e-07,439.3193655065292,0.7434570726809654,14
3e-05,1e-08,0.02,20000,0.001,10,1e-07,32x32,,reg_fixed,adam,warm,fogas_diag,adam,exact,44,44,cuda:5,ok,,954.0472268270096,200.0,0.0,-200.0,-731.281778828634,-38.90254063250944,-71.04240102695823,-731.1769267992217,1149.4143388125674,9.866316198298472e-08,1443.5306740057742,0.6360621569488171,46
3e-05,1e-08,0.5,20000,0.0001,10,1e-08,32x32,,reg_fixed,adam,warm,fogas_diag,adam,exact,44,44,cuda:4,ok,,954.0642682620091,200.0,0.0,-200.0,-89.67581880457129,137.79752049861872,-23.432782723064953,-89.33294432549454,116.16016861019898,8.478649625513994e-08,148.96198895081722,0.7746896297752899,77
3e-05,1e-08,0.1,20000,0.0003,10,1e-07,32x32,,reg_fixed,adam,warm,fogas_diag,adam,exact,44,44,cuda:5,ok,,954.0804972769984,200.0,0.0,-200.0,-256.86329390398583,316.85002160079273,-58.62088822892925,-256.5740399171266,345.35739871639066,5.408236250972192e-07,439.31062061315924,0.743452051006945,62
3e-05,1e-08,0.1,20000,0.001,10,1e-07,32x32,,reg_fixed,adam,warm,fogas_diag,adam,exact,44,44,cuda:5,ok,,954.4649731159734,200.0,0.0,-200.0,-731.2812166797806,-38.907299831201726,-71.04183887822106,-731.1763654562188,1149.4143387193462,9.866274910353537e-08,1443.5065677773296,0.636061668539701,70
3e-05,1e-08,0.02,20000,0.001,10,1e-08,32x32,,reg_fixed,adam,warm,fogas_diag,adam,exact,44,44,cuda:4,ok,,954.4901504229929,200.0,0.0,-200.0,-731.2817795879786,-38.902540894886044,-71.04240137500355,-731.1769275586147,1149.4272749134977,2.5039824978647942e-08,1443.5306767428847,0.6361655970811986,45
3e-05,1e-08,0.5,20000,0.001,10,1e-08,32x32,,reg_fixed,adam,warm,fogas_diag,adam,exact,44,44,cuda:4,ok,,954.6878307400038,200.0,0.0,-200.0,-731.2784064140819,-38.93109862997687,-71.03902820178195,-731.173559220248,1149.4272743038537,2.5041564999672298e-08,1443.3860458300903,0.6361626663825589,93
3e-05,1e-08,0.5,20000,0.0003,10,1e-07,32x32,,reg_fixed,adam,warm,fogas_diag,adam,exact,44,44,cuda:5,ok,,954.7129792440101,200.0,0.0,-200.0,-256.8559507644597,316.78551619690825,-58.613545092297045,-256.56673300209553,345.3574012930191,5.405650910072896e-07,439.27380104882326,0.7434308774295937,86
3e-05,3e-08,0.005,20000,0.001,10,1e-07,32x32,,reg_fixed,adam,warm,fogas_diag,adam,exact,44,44,cuda:5,ok,,954.8935989690071,200.0,0.0,-200.0,-453.61298072893226,-2483.86839963588,206.62856587850032,-453.93248369280377,1340.533017804068,2.6567830327521813,1389.8124089023677,16.878284049331135,118
3e-05,1e-08,0.5,20000,0.0001,10,1e-07,32x32,,reg_fixed,adam,warm,fogas_diag,adam,exact,44,44,cuda:5,ok,,955.797124048986,200.0,0.0,-200.0,-89.67581823219759,137.79751979265401,-23.43278241389763,-89.33294375295864,116.04897537997422,3.1826762053873466e-07,148.96198750568448,0.7746792466457315,78
3e-05,1e-08,0.005,20000,0.001,10,1e-07,32x32,,reg_fixed,adam,warm,fogas_diag,adam,exact,44,44,cuda:5,ok,,955.9154429899936,200.0,0.0,-200.0,-731.2818842294587,-38.90164830164764,-71.0425064277602,-731.1770320489527,1149.4143388300354,9.866321810985345e-08,1443.5351939714371,0.636062248523714,22
3e-05,1e-08,0.005,20000,0.0001,10,1e-12,32x32,,reg_fixed,adam,warm,fogas_diag,adam,exact,44,44,cuda:0,ok,,956.8717728650081,200.0,0.0,-200.0,-89.67967332541284,137.83108502287072,-23.436637213076665,-89.33674244422244,116.71675001749131,4.171023215163581e-10,148.977453851622,0.7747237198810377,7
3e-05,1e-08,0.5,20000,0.001,10,1e-07,32x32,,reg_fixed,adam,warm,fogas_diag,adam,exact,44,44,cuda:5,ok,,957.046294417989,200.0,0.0,-200.0,-731.2784056547426,-38.931098367537174,-71.03902785374554,-731.1735584608604,1149.4143382534166,9.866047399114674e-08,1443.3860430929908,0.6360592262501826,94
3e-05,1e-08,0.005,20000,0.0003,10,1e-06,32x32,,reg_fixed,adam,warm,fogas_diag,adam,exact,44,44,cuda:6,ok,,957.1279042599781,200.0,0.0,-200.0,-256.8647174022131,316.86257951968776,-58.62231475307077,-256.5754563595777,345.3167102033733,5.19168398355819e-06,439.3193338898139,0.7431455714941448,15
3e-05,1e-08,0.005,20000,0.001,10,1e-06,32x32,,reg_fixed,adam,warm,fogas_diag,adam,exact,44,44,cuda:6,ok,,957.9962191920204,200.0,0.0,-200.0,-733.8149477880884,-23.058125224123728,-73.57486239629445,-733.7050546544825,1194.286413991959,3.5393386224256687,1412.4523524821939,4.630474516464541,23
3e-05,3e-08,0.005,20000,0.0003,10,1e-06,32x32,,reg_fixed,adam,warm,fogas_diag,adam,exact,44,44,cuda:6,ok,,958.1609486970119,200.0,0.0,-200.0,-224.8845691575899,34.53866073669509,-26.642106002241253,-224.7537735478055,345.31458738505705,1.823918980434176e-06,435.2347519381787,0.650934195669327,111
3e-05,1e-08,0.1,20000,0.001,10,1e-06,32x32,,reg_fixed,adam,warm,fogas_diag,adam,exact,44,44,cuda:6,ok,,958.1645394620136,200.0,0.0,-200.0,-733.8357939896655,-22.585728328418554,-73.5957075270789,-733.7258783030719,1194.2511325375606,3.3307791994047347,1414.138539123136,2.5262493262166896,71
3e-05,1e-08,0.1,20000,0.0001,10,1e-06,32x32,,reg_fixed,adam,warm,fogas_diag,adam,exact,44,44,cuda:6,ok,,958.2326682319981,200.0,0.0,-200.0,-89.67892769162738,137.82461129161416,-23.435897116012885,-89.33600763290332,115.92736346738889,1.3209735777242071e-05,148.97446657890234,0.7746020351801648,55
3e-05,1e-08,0.5,20000,0.0003,10,1e-06,32x32,,reg_fixed,adam,warm,fogas_diag,adam,exact,44,44,cuda:6,ok,,958.4239861969836,200.0,0.0,-200.0,-256.8556446114046,316.78287965075083,-58.61324194765331,-256.56642832606667,345.31669432783434,5.199252376708446e-06,439.27377055756733,0.7431194104749345,87
3e-05,1e-08,0.02,20000,0.0003,10,1e-06,32x32,,reg_fixed,adam,warm,fogas_diag,adam,exact,44,44,cuda:6,ok,,959.3482365160016,200.0,0.0,-200.0,-256.86444149085384,316.8601558105938,-58.62203884254818,-256.5751818093081,345.31671113580325,5.191131859426077e-06,439.3179530228107,0.7431447759208473,39
3e-05,3e-08,0.005,20000,0.0001,10,1e-06,32x32,,reg_fixed,adam,warm,fogas_diag,adam,exact,44,44,cuda:6,ok,,960.0565003080119,200.0,0.0,-200.0,-85.88874512580489,104.69446003216645,-19.64571806044456,-85.60147567974433,115.91385280893047,3.956594443751886e-05,148.2234909796008,0.7422163634433483,103
3e-05,1e-08,0.02,20000,0.0001,10,1e-06,32x32,,reg_fixed,adam,warm,fogas_diag,adam,exact,44,44,cuda:6,ok,,960.3372496379889,200.0,0.0,-200.0,-89.67955065880012,137.830041083727,-23.436519694661083,-89.33662148402138,115.92764345886886,9.002344393610587e-06,148.97696865242423,0.7746073584655908,31
3e-05,1e-08,0.1,20000,0.0003,10,1e-06,32x32,,reg_fixed,adam,warm,fogas_diag,adam,exact,44,44,cuda:6,ok,,960.3453287160082,200.0,0.0,-200.0,-256.86297019600477,316.8472313981853,-58.620567551975746,-256.5737177724612,345.3167157291968,5.188404411073394e-06,439.31058849797853,0.7431405335324193,63
3e-05,1e-08,0.02,20000,0.001,10,1e-06,32x32,,reg_fixed,adam,warm,fogas_diag,adam,exact,44,44,cuda:6,ok,,960.4694258089876,200.0,0.0,-200.0,-733.8046735394216,-22.81748890724299,-73.56458467501281,-733.6947995688801,1194.0283594433206,3.292956957234593,1414.2804805981934,2.7391347204588716,47
3e-05,1e-08,0.5,20000,0.001,10,1e-06,32x32,,reg_fixed,adam,warm,fogas_diag,adam,exact,44,44,cuda:6,ok,,960.5197987110005,200.0,0.0,-200.0,-733.8722102055688,-22.232476653961044,-73.63211782034591,-733.7622361564194,1194.043163167164,3.316089664541928,1414.1168391396084,2.664274968479214,95
3e-05,3e-08,0.005,20000,0.001,10,1e-06,32x32,,reg_fixed,adam,warm,fogas_diag,adam,exact,44,44,cuda:6,ok,,960.5529328109988,200.0,0.0,-200.0,-625.7699008179438,-1049.121568863774,34.33824273163401,-625.9821550561985,1255.8710632338402,44.20381128063894,258.8502542474669,83.10483912792152,119
3e-05,1e-08,0.5,20000,0.0001,10,1e-06,32x32,,reg_fixed,adam,warm,fogas_diag,adam,exact,44,44,cuda:6,ok,,960.8701025089831,200.0,0.0,-200.0,-89.67581300386888,137.79749909542383,-23.432781568733272,-89.33293852192648,115.92801164827466,4.901282795006596e-06,148.96197471404335,0.7745754200052078,79
3e-05,1e-08,0.1,20000,0.0003,10,1e-05,32x32,,reg_fixed,adam,warm,fogas_diag,adam,exact,44,44,cuda:7,ok,,969.1518217080156,200.0,0.0,-200.0,-256.8629362351619,316.84735249760485,-58.62055922629179,-256.5736837098714,345.27955260847597,4.3214522534533854e-05,439.31049310609944,0.7400345866002357,64
3e-05,1e-08,0.5,20000,0.0001,10,1e-05,32x32,,reg_fixed,adam,warm,fogas_diag,adam,exact,44,44,cuda:7,ok,,969.2354970509768,200.0,0.0,-200.0,-89.67576426391204,137.79736801457364,-23.432767492492346,-89.33288975153204,115.82022677531978,1.585926748040807e-05,148.96186855574086,0.7735371903134716,80
3e-05,1e-08,0.1,20000,0.001,10,1e-05,32x32,,reg_fixed,adam,warm,fogas_diag,adam,exact,44,44,cuda:7,ok,,969.488795215002,200.0,0.0,-200.0,-732.0674877538956,-32.00072449043705,-71.82760088807004,-731.9614716221552,1149.3902792433498,1.3405904148810664e-05,1443.464505056523,0.6253658744651798,72
3e-05,3e-08,0.005,20000,0.0003,10,1e-05,32x32,,reg_fixed,adam,warm,fogas_diag,adam,exact,44,44,cuda:7,ok,,970.0017383600061,200.0,0.0,-200.0,-224.5275487547722,31.404613005860526,-26.285174248390042,-224.39851319134254,345.2774245097558,1.86804363112012e-05,435.23353624877774,0.6467990887471065,112
3e-05,1e-08,0.5,20000,0.001,10,1e-05,32x32,,reg_fixed,adam,warm,fogas_diag,adam,exact,44,44,cuda:7,ok,,970.134517508006,200.0,0.0,-200.0,-732.0652666507114,-32.01934893368946,-71.82537932374869,-731.9592536758312,1149.390276211091,1.3426094411375932e-05,1443.3439297861078,0.625363944230041,96
3e-05,3e-08,0.005,20000,0.0001,10,1e-05,32x32,,reg_fixed,adam,warm,fogas_diag,adam,exact,44,44,cuda:7,ok,,970.307170199987,200.0,0.0,-200.0,-85.88870023702255,104.69446103737285,-19.64570068803135,-85.60143069623375,115.81779012762321,5.197055808202727e-06,148.22340935524505,0.7411781655740484,104
3e-05,1e-08,0.005,20000,0.001,10,1e-05,32x32,,reg_fixed,adam,warm,fogas_diag,adam,exact,44,44,cuda:7,ok,,970.4684107380162,200.0,0.0,-200.0,-732.0678624629312,-31.997671106485427,-71.82797311591365,-731.9618458124424,1149.3902793096802,1.3440225044971162e-05,1443.4931849294235,0.6253661975873749,24
3e-05,1e-08,0.005,20000,0.0003,10,1e-05,32x32,,reg_fixed,adam,warm,fogas_diag,adam,exact,44,44,cuda:7,ok,,970.5016326670011,200.0,0.0,-200.0,-256.8646820778985,316.8626887713472,-58.62230507805052,-256.57542094014514,345.2795427211161,4.326355481673347e-05,439.3192384636844,0.7400396206306931,16
3e-05,1e-08,0.02,20000,0.0001,10,1e-05,32x32,,reg_fixed,adam,warm,fogas_diag,adam,exact,44,44,cuda:7,ok,,971.0747223390208,200.0,0.0,-200.0,-89.67950190606194,137.82991545115783,-23.436505115283346,-89.33657270082415,115.82022893472084,1.5742801095730085e-05,148.97686476467052,0.7735691286633107,32
3e-05,3e-08,0.005,20000,0.001,10,1e-05,32x32,,reg_fixed,adam,warm,fogas_diag,adam,exact,44,44,cuda:7,ok,,971.119495617022,200.0,0.0,-200.0,185.912943040087,3246.3170390195737,-307.92423430525383,185.29309233187587,968.8419236483371,0.012280565318005674,1175.0748861926957,0.3874901675446156,120
3e-05,1e-08,0.02,20000,0.001,10,1e-05,32x32,,reg_fixed,adam,warm,fogas_diag,adam,exact,44,44,cuda:7,ok,,971.2690627939883,200.0,0.0,-200.0,-732.0689921807127,-31.987681900204507,-71.82910442470721,-731.9629738461623,1149.3902877415544,1.3377299033414252e-05,1443.4886450578576,0.6253671806933062,48
3e-05,1e-08,0.5,20000,0.0003,10,1e-05,32x32,,reg_fixed,adam,warm,fogas_diag,adam,exact,44,44,cuda:7,ok,,971.7933331110107,200.0,0.0,-200.0,-256.85559485729163,316.78286272842143,-58.61321785743664,-256.5663785477166,345.27954852503217,4.3208251367695874e-05,439.2736736649077,0.7400134181044037,88
3e-05,1e-08,0.1,20000,0.0001,10,1e-05,32x32,,reg_fixed,adam,warm,fogas_diag,adam,exact,44,44,cuda:7,ok,,972.064441562019,200.0,0.0,-200.0,-89.67887892791228,137.8244896521614,-23.435882213230816,-89.335958838734,115.8202312727874,1.6274088870982598e-05,148.97436504088301,0.7735638052823409,56
3e-05,1e-08,0.005,20000,0.0001,10,1e-07,32x32,,reg_fixed,adam,warm,fogas_diag,adam,exact,44,44,cuda:5,ok,,973.0868959219952,200.0,0.0,-200.0,-89.67967268425184,137.8310842206467,-23.43663686634422,-89.33674180288801,116.04897636023729,3.1729737055064866e-07,148.97745232877574,0.7747121831415963,8
3e-05,1e-08,0.02,20000,0.0003,10,1e-05,32x32,,reg_fixed,adam,warm,fogas_diag,adam,exact,44,44,cuda:7,ok,,974.6769017500046,200.0,0.0,-200.0,-256.8644064325234,316.8602673993188,-58.62202943256912,-256.57514665454926,345.2795434216931,4.325814281676464e-05,439.31785760446763,0.740038825824171,40
