ok,run_id,seed,seconds,episodes_completed,stopped_early,stop_reason,episodes,collect_per_episode,updates_per_episode,initial_collect_steps,max_buffer_size,tau,rollout_length,lambda_entropy,eta,lr_value,lr_rho,lr_policy,fisher_damping,batch_size,epsilon,eval_return_mean,eval_return_std,eval_return_median,eval_return_min,eval_return_max,eval_length_mean,eval_done_rate,eval_success_rate,score,mean_best_prob,min_best_prob,mean_entropy,best_actions,best_probs,last_objective,last_primal_mse,last_dual_mse,last_theta_grad_norm,last_beta_grad_norm,last_policy_grad_norm,tail_objective_mean,tail_objective_std,tail_primal_mse_mean,tail_primal_mse_std,tail_dual_mse_mean,tail_dual_mse_std
True,10,52,353.82011461257935,1200,False,,1200,20,10,1000,12000,30000.0,2,0.005,0.03,0.001,0.001,0.001,0.001,256,0.3,-0.04340619999999995,0.0,-0.04340619999999995,-0.04340619999999995,-0.04340619999999995,8.0,1.0,1.0,-0.043748538999961416,0.9384144231928905,0.5290128594948134,0.14344281798943292,"[3, 3, 3, 1, 1, 1, 3, 3, 3, 1, 1, 1, 1, 1, 1, 3, 1, 1, 1, 1, 3, 3, 3, 3, 1]","[0.5290128594948134, 0.8321830541131482, 0.9643120869884192, 0.7869329978409632, 0.9999989293216879, 0.791594883083328, 0.9258212062129892, 0.9999996623906086, 0.9977596723674461, 0.9999999999999964, 0.8638242205569349, 0.9999999825164653, 0.9999979065516253, 0.9999999995068896, 1.0, 0.7776836105412703, 0.9999999995499342, 0.9999999999473099, 0.9999999999999563, 1.0, 0.9912516100648036, 0.9999917517508902, 0.9999999982234182, 0.9999962402204252, 0.999999908578939]",0.0548712160976697,0.05527894780994596,0.013591057075875247,0.011491189815060074,0.005169620488133708,0.05714928635029075,0.05491067589263519,5.102373071734383e-05,0.055317248094729404,5.36060424249816e-05,0.013552406736474103,0.00011328235616275791
True,9,51,430.93830037117004,1200,False,,1200,20,10,1000,12000,30000.0,2,0.02,0.03,0.001,0.001,0.001,0.001,256,0.3,-0.04340619999999995,0.0,-0.04340619999999995,-0.04340619999999995,-0.04340619999999995,8.0,1.0,1.0,-0.04366823892302074,0.8513864370417962,0.5222360628842392,0.3943232085873947,"[3, 3, 3, 1, 1, 1, 3, 3, 3, 1, 1, 1, 3, 3, 1, 3, 1, 1, 1, 1, 3, 3, 3, 3, 1]","[0.5222360628842392, 0.6766678435722311, 0.7021793787838922, 0.5648592691139961, 0.9323765447625719, 0.5787858823722228, 0.8218651435518061, 0.9942807590282634, 0.9997684700048735, 0.9136561804060682, 0.5340945408771175, 0.8124101918278415, 0.945921026999709, 0.996777897112448, 0.998731758740589, 0.7255420683445145, 0.9970207272105326, 0.9744892343597518, 0.8692733481821769, 0.9999175159148487, 0.8907666195153878, 0.9644895267108208, 0.9898164825114296, 0.8885361146823174, 0.9901983385752514]",0.030376660110382942,0.030682655913574778,0.010199860106394544,0.025125033543739878,0.009195263905610084,0.07384663501065337,0.030229741340286248,0.0001371851113320565,0.03053612049204224,0.00013791787433897567,0.010212638391866534,3.869828857068001e-05
True,2,44,454.5516803264618,1200,False,,1200,20,10,1000,12000,30000.0,3,0.02,0.03,0.001,0.001,0.001,0.001,512,0.3,-0.04340619999999995,0.0,-0.04340619999999995,-0.04340619999999995,-0.04340619999999995,8.0,1.0,1.0,-0.0436049750570405,0.9453980950691776,0.5331918870197104,0.12615376345542006,"[3, 3, 3, 3, 1, 1, 3, 3, 3, 1, 1, 1, 3, 3, 1, 3, 1, 1, 3, 1, 3, 3, 3, 3, 3]","[0.5331918870197104, 0.9915282597281554, 0.9974252415539873, 0.6076077221704769, 0.9996000548688511, 0.9634159843748551, 0.9780908362699635, 0.999988238788292, 0.9999918956638838, 0.9910722222189184, 0.9572099755195932, 0.9978540590991892, 0.980826766735611, 0.9993226440370311, 0.999819786165343, 0.8073643963601043, 0.9998897820715724, 0.9737614584994089, 0.8744281350228932, 0.999569279346661, 0.9989949154915877, 0.9855098535818179, 0.9999932515544472, 0.9999999499946423, 0.9984957805924465]",0.050891497916069894,0.05140988373572671,0.01727952732189393,0.022281308664723366,0.011563299490237227,0.05159532326407183,0.05098039732820564,5.4382017557887736e-05,0.05149640349485707,5.334862188507539e-05,0.01720020555504752,4.606441596901765e-05
True,11,53,499.12703371047974,1200,False,,1200,20,10,1000,12000,30000.0,2,0.02,0.05,0.003,0.001,0.003,0.001,512,0.3,-0.04340619999999995,0.0,-0.04340619999999995,-0.04340619999999995,-0.04340619999999995,8.0,1.0,1.0,-0.04358579528450781,0.9312072974466514,0.5408649609385066,0.14237824141827393,"[1, 3, 3, 3, 1, 1, 3, 3, 3, 1, 1, 1, 1, 3, 1, 1, 1, 1, 1, 1, 3, 3, 3, 3, 3]","[0.5644277538533352, 0.9904122784598071, 0.9987171069075605, 0.8258748081449698, 0.9991809312613563, 0.9916596253953341, 0.997581501462007, 0.9997376511359671, 0.9938140423139926, 0.964547800387549, 0.9990078756187889, 0.9997841813700056, 0.5408649609385066, 0.9594815903831669, 0.9999997593964759, 0.8498216135719727, 0.999987643349556, 0.9999982909484434, 0.9984839004065719, 0.9999999978624756, 0.9995210295753076, 0.9842757460290025, 0.9999981650863552, 0.9999999499021367, 0.6230042324056397]",0.0417242780496769,0.042377691380948844,0.013068266625438866,0.021782106305550903,0.008271399893456705,0.047874855099682596,0.04181569231255425,6.493143075295306e-05,0.04246822324484386,6.870542511281293e-05,0.013050618645792099,0.00011287480756790335
True,8,50,501.8070704936981,1200,False,,1200,20,10,1000,12000,30000.0,2,0.01,0.01,0.001,0.001,0.001,0.001,256,0.25,-0.04340619999999995,0.0,-0.04340619999999995,-0.04340619999999995,-0.04340619999999995,8.0,1.0,1.0,-0.04365451728770671,0.7941323253762771,0.314767226322654,0.49342889119490624,"[1, 3, 3, 1, 1, 1, 3, 3, 3, 1, 1, 1, 1, 1, 1, 3, 1, 1, 1, 1, 3, 3, 3, 3, 3]","[0.3957754952323682, 0.47562512894744613, 0.314767226322654, 0.5193512315517064, 0.5629302269347854, 0.5161398731277321, 0.7700794176169901, 0.9226685681242932, 0.9414408186868958, 0.799058090815943, 0.5138045198743458, 0.9080430418134279, 0.9580253174031026, 0.939638133425348, 0.9932661287127614, 0.5970652052311067, 0.9998438036148934, 0.9996776765696527, 0.9709044563674384, 0.9805848281307712, 0.8833813705960076, 0.9006449372286955, 0.9993725211002827, 0.9999666837081536, 0.9912534332701255]",0.034840038583130555,0.034919763684749174,0.007972510161862099,0.014193381911760656,0.008454717083539042,0.10097754333692908,0.03440244475830489,0.00032393707596196355,0.03448060761747436,0.00032482616928435873,0.00781628591694713,9.812999855889088e-05
True,6,48,569.0242977142334,1200,False,,1200,20,10,1000,12000,30000.0,3,0.01,0.01,0.003,0.001,0.003,0.001,256,0.3,-0.04340619999999995,0.0,-0.04340619999999995,-0.04340619999999995,-0.04340619999999995,8.0,1.0,1.0,-0.04395131769898911,0.9629401211355554,0.5502554457230442,0.06999491871093409,"[1, 3, 3, 3, 1, 1, 3, 3, 3, 1, 1, 1, 3, 1, 1, 1, 1, 3, 3, 1, 3, 3, 3, 3, 3]","[0.5502554457230442, 0.9975826778709692, 0.9996608817695551, 0.6361295627719701, 0.9920115639810488, 0.8994128253969234, 0.9999999999999889, 1.0, 1.0, 0.999999998063247, 0.9997525139320046, 0.9999999999997142, 0.9993718026528, 0.9999975880410299, 1.0, 0.9993317909565653, 1.0, 0.9999999999999976, 1.0, 1.0, 0.9999963772338233, 0.9999999999962021, 1.0, 1.0, 1.0]",0.08737639885619351,0.08754646345927654,0.017006460308302728,0.05769552753128066,0.0181643741440657,0.06925616220464634,0.08748968870380995,0.000297032995501029,0.08766157734778789,0.0002969468223206709,0.017188864397793997,0.00016848955403664774
True,5,47,599.0478157997131,1200,False,,1200,20,10,1000,12000,30000.0,3,0.02,0.03,0.001,0.001,0.003,0.001,512,0.3,-0.04340619999999995,0.0,-0.04340619999999995,-0.04340619999999995,-0.04340619999999995,8.0,1.0,1.0,-0.04362968193356961,0.9726331584970658,0.722079906949944,0.08607309711090343,"[3, 3, 3, 3, 1, 1, 3, 3, 3, 1, 1, 1, 3, 3, 1, 1, 1, 1, 1, 1, 3, 3, 3, 3, 1]","[0.9995387329901355, 0.991780839611958, 0.9997634529653063, 0.9967551319323094, 0.999943698472807, 0.8165305269921225, 0.9999911982325844, 0.9999996286394666, 0.9781748774768858, 0.9870456367762629, 0.9956389237461751, 0.9499629816704411, 0.9982851905370468, 0.9998677442646373, 0.9999990783820764, 0.722079906949944, 0.998730612772853, 0.9994810162692039, 0.997630803671927, 0.9999999999965838, 0.9832707098382557, 0.9046848968439604, 0.9999891778182785, 0.996684195583824, 0.9999999999916014]",0.059585066499558255,0.060049835014286644,0.01549228382427973,0.012610450180670084,0.0069772808380096935,0.056327797619932674,0.059353118885413114,0.00017283262136600844,0.05982015000198518,0.00017239492206534663,0.015567703885735413,3.86956808972619e-05
True,0,42,634.7079479694366,1200,False,,1200,20,10,1000,12000,30000.0,3,0.01,0.01,0.001,0.001,0.001,0.001,256,0.3,-0.04340619999999995,0.0,-0.04340619999999995,-0.04340619999999995,-0.04340619999999995,8.0,1.0,1.0,-0.04387137849644261,0.9318873950736907,0.5279292505454283,0.13872632817390895,"[1, 3, 3, 1, 1, 1, 3, 3, 3, 1, 1, 1, 3, 3, 1, 3, 1, 1, 3, 1, 3, 3, 3, 3, 3]","[0.7587432556581828, 0.999892674594531, 0.9999554517257747, 0.5279292505454283, 0.9999841551733393, 0.9875624672101944, 0.9994358742876729, 0.9999999992565873, 0.9999993411340427, 0.9999994901090599, 0.9830560291884336, 0.9999953614058351, 0.646544045393592, 0.6042302176268152, 0.9999999999999212, 0.9500701013556988, 0.9999996215427245, 0.8896739762907765, 0.950121870395355, 0.9999999999979539, 0.999998570249995, 0.9999999863303153, 1.0, 1.0, 0.9999931373700358]",0.06547882461442757,0.06563137038184366,0.015254576741609828,0.03314127649860489,0.010112114981567975,0.08271366648538389,0.06575805973169113,0.0003062097168943661,0.06591080165409732,0.0003062438208408499,0.015274192240621256,3.5879070852486414e-05
True,4,46,638.5919990539551,1200,False,,1200,20,10,1000,12000,30000.0,3,0.01,0.03,0.001,0.001,0.003,0.001,256,0.3,-0.04340619999999995,0.0,-0.04340619999999995,-0.04340619999999995,-0.04340619999999995,8.0,1.0,1.0,-0.04381270624225125,0.9798722188055464,0.5488802685104837,0.038048093382190375,"[3, 3, 3, 3, 1, 1, 1, 3, 3, 1, 3, 1, 3, 3, 1, 3, 0, 1, 1, 1, 1, 1, 1, 1, 1]","[0.9999999539462311, 0.9999342675113961, 0.9999978242876826, 0.9999811018056253, 0.9999999898909792, 0.5488802685104837, 0.9825219788851453, 1.0, 1.0, 0.9999999934209354, 0.9917579145785544, 0.9999999982165355, 0.9999999999146629, 0.9999999999997056, 1.0, 0.9999592192411728, 0.9747648697908864, 0.9990081648517403, 1.0, 1.0, 0.9999999254999989, 0.999999999786926, 1.0, 1.0, 1.0]",0.06226028305392325,0.0626408571962637,0.012685804744681494,0.014837914046965913,0.01516478162511006,0.041648148674349995,0.06203500505344912,0.00026080725468911024,0.06241465452099632,0.0002577096676457681,0.012654982251573956,0.00011924644836315492
True,1,43,641.9929008483887,1200,False,,1200,20,10,1000,12000,30000.0,3,0.01,0.03,0.001,0.001,0.001,0.001,256,0.3,-0.04340619999999995,0.0,-0.04340619999999995,-0.04340619999999995,-0.04340619999999995,8.0,1.0,1.0,-0.04379409347730055,0.9219750906515171,0.5838682887196699,0.1613395208519148,"[1, 3, 3, 1, 1, 1, 3, 3, 3, 1, 1, 1, 1, 1, 1, 3, 1, 1, 3, 3, 3, 3, 3, 3, 3]","[0.9993846335572553, 0.9565502589799648, 0.5838682887196699, 0.9979755349582847, 0.6347364627944319, 0.9732332596760319, 0.9995934884724931, 0.99998719024227, 0.981758727446464, 0.9901298607319011, 0.9694709585823841, 0.9999838381276318, 0.9954600171874015, 0.950676578532397, 0.9999973715835851, 0.6414586199420753, 0.9999999240505049, 0.6062669150515188, 0.9999998550848196, 0.7688462609406633, 0.9999992645953172, 0.9999999570308632, 1.0, 1.0, 1.0]",0.06575429529135099,0.06614088117984859,0.012886196283253614,0.014075342963946292,0.008505529303274745,0.06043523227458165,0.06562523849899188,0.000317491137081154,0.06601197052221183,0.00031741157788544417,0.012891067440664889,2.9803103661658944e-05
True,3,45,651.4415211677551,1200,False,,1200,20,10,1000,12000,30000.0,3,0.01,0.05,0.001,0.001,0.001,0.001,256,0.3,-0.04340619999999995,0.0,-0.04340619999999995,-0.04340619999999995,-0.04340619999999995,8.0,1.0,1.0,-0.0437863261332253,0.9467728686525702,0.5051453168355621,0.08966503159363626,"[1, 3, 3, 1, 1, 1, 3, 3, 3, 1, 1, 1, 3, 3, 1, 1, 1, 3, 3, 1, 3, 3, 3, 3, 3]","[0.6227104685223661, 0.9889756029082647, 0.9990213805693533, 0.5775584125220681, 0.9999968441355697, 0.9972616420585996, 0.9832371645389467, 0.9999999994987665, 0.9999999471761906, 0.9999999086034362, 0.9991672167412587, 0.9999999160190198, 0.9964255047731719, 0.9999833524433547, 0.9999999999986755, 0.5051453168355621, 0.9999999911897833, 0.9998424702398876, 0.9999999999356117, 0.9999999854904011, 0.999996598704408, 0.999999993488081, 1.0, 1.0, 0.9999999999214737]",0.07777516828570459,0.07864252026046366,0.01734703949518124,0.02910127106645475,0.014166692095024799,0.055319904758442395,0.07710980002888447,0.000390766075378933,0.07796799296533433,0.0003943387339817195,0.0171638587289972,8.624785562712886e-05
True,7,49,652.092057466507,1200,False,,1200,20,10,1000,12000,30000.0,3,0.02,0.05,0.003,0.001,0.003,0.001,512,0.3,-0.04340619999999995,0.0,-0.04340619999999995,-0.04340619999999995,-0.04340619999999995,8.0,1.0,1.0,-0.04363958173639467,0.9588183229690382,0.5881128466428273,0.10367338882099242,"[1, 3, 3, 3, 1, 1, 3, 3, 3, 1, 1, 1, 3, 3, 1, 1, 1, 1, 3, 1, 3, 3, 3, 3, 3]","[0.7212360128400691, 0.9882958288454797, 0.9998199805843458, 0.9866468892763259, 0.999075846228604, 0.9929191643396366, 0.9999977105658729, 0.9999980670681005, 0.9639212854415211, 0.8991585923922856, 0.999883602834487, 0.9555255684786701, 0.9997778692527959, 0.9990401742123873, 0.9999888279494387, 0.989423920706063, 0.9968507671610912, 0.9979833195048582, 0.5881128466428273, 0.9999961119245173, 0.9999279329092741, 0.8929102716308034, 0.9999990934133985, 0.9999999999593145, 0.999968390063788]",0.05750531671479009,0.05835866402348545,0.017066946173907197,0.009024189600631729,0.00825703328436631,0.0384413107520787,0.057595547314540946,0.00034317649938678225,0.05844604805126133,0.0003393324605069231,0.017010014734407778,0.0001256034637617215
True,16,58,352.2243182659149,1200,False,,1200,20,10,1000,12000,30000.0,2,0.05,0.01,0.001,0.001,0.001,0.001,512,0.25,-0.04340619999999995,0.0,-0.04340619999999995,-0.04340619999999995,-0.04340619999999995,8.0,1.0,1.0,-0.043480926041141864,0.5524473849278758,0.25658524522668863,0.9809529273765843,"[3, 3, 3, 1, 1, 1, 3, 3, 3, 1, 3, 2, 2, 3, 1, 0, 1, 2, 3, 1, 3, 3, 3, 3, 1]","[0.2930933569787515, 0.33750066719053556, 0.40113236053960416, 0.3685448967169698, 0.5835807809008472, 0.27756379863929903, 0.7053008067048059, 0.80342358750341, 0.7537023209934206, 0.8503776061793165, 0.25658524522668863, 0.30407974806675125, 0.43057907696825387, 0.6530944625508808, 0.9540890772291138, 0.27053668038813894, 0.35889058459111, 0.45522307225950753, 0.707801517737356, 0.9458511424622962, 0.2994057751257514, 0.41457143406009306, 0.8508872715575663, 0.8943989678505367, 0.6409703847758929]",0.010324476404165834,0.010355837111804978,0.003136070763914425,0.012632497783236243,0.0036820966921738514,0.02392566267351494,0.010302893668928764,1.419499824321878e-05,0.010333809855055283,1.436211551413688e-05,0.003091618612652332,2.0165387480732024e-05
True,13,55,728.4307596683502,1200,False,,1200,20,10,1000,12000,30000.0,5,0.02,0.01,0.001,0.001,0.001,0.01,512,0.3,-0.04340619999999995,0.0,-0.04340619999999995,-0.04340619999999995,-0.04340619999999995,8.0,1.0,1.0,-0.043686565250497245,0.8994030071757965,0.5734255192970525,0.2311712247032256,"[1, 3, 3, 3, 1, 1, 3, 3, 3, 1, 1, 1, 1, 3, 1, 3, 1, 1, 1, 1, 3, 3, 3, 3, 3]","[0.8161845063028974, 0.9588495160229676, 0.9942970771324894, 0.8106359409925404, 0.9951931758430715, 0.9510707269280684, 0.7560599865498958, 0.9990842797543157, 0.9962485024536133, 0.9932041522714503, 0.9370933097954982, 0.9918425366560388, 0.5734255192970525, 0.7341407242319548, 0.9986599343814723, 0.585083127638041, 0.9909572898477997, 0.9502811154159526, 0.7887273282147645, 0.99682215464534, 0.9891777873803521, 0.9947415061763281, 0.9992414483112073, 0.9985241148214302, 0.6855294183303686]",0.07841791861013328,0.0786031666844005,0.018524807426721607,0.02790580367545996,0.02258400350714862,0.10951375544004972,0.07867585731910365,0.00017208277039344608,0.07886122554244605,0.0001725188191456174,0.018536822334240626,5.139990597846387e-05
True,17,59,356.9875626564026,1200,False,,1200,20,10,1000,12000,30000.0,2,0.05,0.03,0.001,0.001,0.001,0.01,512,0.3,-0.04340619999999995,0.0,-0.04340619999999995,-0.04340619999999995,-0.04340619999999995,8.0,1.0,1.0,-0.04349550268403691,0.4365970238979968,0.26030433325173125,1.190220655593735,"[3, 3, 3, 3, 1, 3, 3, 3, 3, 1, 1, 1, 2, 3, 1, 1, 1, 1, 1, 1, 3, 3, 3, 3, 3]","[0.26030433325173125, 0.26523293247887086, 0.2971903998280916, 0.3074227813825503, 0.3667019085299933, 0.26864949669432686, 0.3517578855664178, 0.4531473572025074, 0.46632382490314755, 0.4604589654932626, 0.27926024406256694, 0.3126396634682755, 0.31417335006201375, 0.31170655470276776, 0.7736500609456827, 0.2928090574752816, 0.4203221490400761, 0.47275605314569547, 0.596338349269015, 0.8401851909185356, 0.3500020180591256, 0.38534604475197715, 0.7133444397143955, 0.8253754930860004, 0.5298270434176137]",0.008459717640009459,0.00852097379871377,0.0020418719568103512,0.0067055317582014285,0.0016435037024645363,0.009452849779783726,0.00851873646190557,6.143299113294128e-05,0.008581770002734327,6.200272707874731e-05,0.002101118027625254,2.4550290251659723e-05
True,14,56,812.5322554111481,1200,False,,1200,20,10,1000,12000,30000.0,5,0.01,0.03,0.001,0.001,0.001,0.01,512,0.4,-0.04340619999999995,0.0,-0.04340619999999995,-0.04340619999999995,-0.04340619999999995,8.0,1.0,1.0,-0.04383419295963678,0.9182900266936719,0.6157302599350596,0.17616441278371817,"[3, 3, 3, 3, 1, 1, 3, 3, 3, 1, 1, 1, 1, 3, 1, 1, 1, 1, 1, 1, 3, 3, 3, 3, 1]","[0.717094742337063, 0.9990622919626301, 0.9998840804901602, 0.959390429980977, 0.9993762587209959, 0.9888712372133983, 0.6358517162989179, 0.9999888412576327, 0.9999831606513473, 0.9990222149824544, 0.995312829059239, 0.9999818277542127, 0.6157302599350596, 0.9879349527816148, 0.9999822801945166, 0.6951384410282754, 0.999994445709201, 0.9981762924445846, 0.6993962749829844, 0.9999853989163556, 0.9903431325222223, 0.9200071687418981, 0.9988208848536605, 0.9996964527772088, 0.7582250517451843]",0.10435806392894836,0.10487306802282481,0.017166803129214973,0.022139631279522703,0.012697490269468831,0.12518586054683173,0.10421083372782858,0.0001367373070199816,0.10472612169000717,0.00013847328360814997,0.017176265405953187,7.535586815478867e-05
True,12,54,825.0337398052216,1200,False,,1200,20,10,1000,12000,30000.0,5,0.01,0.01,0.001,0.001,0.001,0.01,512,0.3,-0.04340619999999995,0.0,-0.04340619999999995,-0.04340619999999995,-0.04340619999999995,8.0,1.0,1.0,-0.04379778459497386,0.9206541800223097,0.5294701746596143,0.1739157101471264,"[3, 3, 3, 3, 1, 1, 3, 3, 3, 1, 1, 1, 1, 1, 1, 1, 1, 1, 1, 1, 3, 3, 3, 3, 1]","[0.9994217145802907, 0.9999188126484531, 0.9997310612066229, 0.7457393268677415, 0.99996105231369, 0.5294701746596143, 0.9497950624133498, 0.9997997437196648, 0.9832276923187855, 0.9999983799841109, 0.9974971322596798, 0.9992985365418066, 0.5317743616595397, 0.8362294411624741, 0.999999992022692, 0.9901946113185986, 0.9998491018104351, 0.9848168061978742, 0.9938317818272573, 0.9999999904498155, 0.8390831986271152, 0.803522377450207, 0.9769690669308247, 0.8567469904626949, 0.999478091124405]",0.09956042999145966,0.09973182871346868,0.017139872200902725,0.014658231598344533,0.021254596538011785,0.12515260884987311,0.0998293784359047,0.00043922014272990205,0.09999935317557104,0.0004391040081726525,0.01699747396663732,5.479039903921196e-05
True,15,57,842.4014341831207,1200,False,,1200,20,10,1000,12000,30000.0,5,0.02,0.03,0.001,0.0003,0.001,0.01,512,0.4,-0.04340619999999995,0.0,-0.04340619999999995,-0.04340619999999995,-0.04340619999999995,8.0,1.0,1.0,-0.04371907066090581,0.9012126064668551,0.559524996231787,0.22398310383765227,"[1, 3, 3, 3, 1, 1, 3, 3, 3, 1, 1, 1, 1, 3, 1, 1, 1, 1, 1, 1, 3, 3, 3, 3, 3]","[0.9971460501367702, 0.7280209778938914, 0.9955135525408053, 0.9683936126601947, 0.9011186888110945, 0.990728756883145, 0.6496860843049687, 0.9987144225115085, 0.9977424153919843, 0.8659604376404212, 0.9686597801011455, 0.99504411764398, 0.8197902336220304, 0.6622176582618271, 0.9705185642648408, 0.559524996231787, 0.9972024577610633, 0.9830083346856058, 0.6281575393538154, 0.8713378759735849, 0.9959583678570123, 0.991921433128362, 0.9995569004835669, 0.9999316412125937, 0.9944602623153789]",0.08778763347418278,0.08837767304579838,0.0196679857205203,0.02860181827351581,0.015077844677200466,0.07079276867525446,0.08801014278613233,0.0002829671022803394,0.08860942245149493,0.00028595955376244233,0.019975988845419405,0.0001408657809665095
True,29,71,238.60446214675903,1200,False,,1200,20,10,1000,12000,30000.0,1,0.02,0.03,0.003,0.001,0.003,0.001,256,0.25,-0.9999734386011134,2.224156070299059e-16,-0.9999734386011132,-0.9999734386011132,-0.9999734386011132,100.0,0.0,0.0,-1.0000983977035995,0.7357017548943774,0.3701321056435483,0.5750231539841151,"[3, 3, 3, 3, 1, 1, 3, 3, 3, 3, 2, 2, 3, 3, 1, 0, 2, 1, 1, 1, 0, 1, 1, 1, 1]","[0.42080362180748615, 0.686652459870831, 0.7761644220311303, 0.5129039990444578, 0.9759072332828523, 0.5707477005219892, 0.9483839219608658, 0.99810186169119, 0.9994679660084775, 0.5523253626018039, 0.3701321056435483, 0.42550296627696915, 0.8609346440868874, 0.9998977377239302, 0.999916795228914, 0.4186066945749014, 0.5058191163521272, 0.5421820900984171, 0.9981470429198968, 0.9999999990503912, 0.46484767729595444, 0.38195974231162005, 0.9831593625337846, 0.9999793647143487, 0.9999999847266632]",0.010291228677854982,0.010383865226526486,0.0030878849557168073,0.004873169018959653,0.002383312085158252,0.018535079166092493,0.0102863172563432,8.972198982026541e-06,0.010379690700345225,9.549588724724171e-06,0.00311244813340083,4.5376317133924584e-05
True,21,63,430.2539370059967,1200,False,,1200,20,10,1000,12000,30000.0,2,0.05,0.0,0.001,0.001,0.001,0.001,512,0.3,-0.04340619999999995,0.0,-0.04340619999999995,-0.04340619999999995,-0.04340619999999995,8.0,1.0,1.0,-0.043490103277958055,0.5966501690300303,0.28073418404053896,0.9333601613734953,"[1, 3, 1, 1, 1, 1, 3, 3, 3, 1, 1, 1, 2, 0, 1, 3, 1, 1, 1, 1, 3, 3, 3, 3, 3]","[0.29279418142695024, 0.30963225819921186, 0.28073418404053896, 0.33111109255568105, 0.3659440023712809, 0.3483106927133595, 0.7727933917195738, 0.7834862025717578, 0.4809529964303275, 0.5250784315979137, 0.40764621342339924, 0.4794948310858653, 0.4188302062629894, 0.3810271133768223, 0.8884494082154811, 0.40813081845625376, 0.8306679495589314, 0.8102864743186088, 0.8363462005187825, 0.8828517476101833, 0.6448052132047215, 0.8242602862765755, 0.933487841709164, 0.9331587328433628, 0.7459737552630236]",0.011304915702317455,0.011304915702317455,0.0036858257667595823,0.0069344876670358446,0.0035183545168199957,0.025062278437176077,0.011241977348818932,4.754578023777594e-05,0.011241977348818932,4.754578023777594e-05,0.0036604660132478705,2.3365967152275707e-05
True,18,60,623.1102864742279,1200,False,,1200,20,10,1000,12000,30000.0,3,0.05,0.05,0.001,0.001,0.001,0.01,512,0.3,-0.04340619999999995,0.0,-0.04340619999999995,-0.04340619999999995,-0.04340619999999995,8.0,1.0,1.0,-0.04352481415407575,0.5138286309692386,0.2732349337287739,1.0765732112482242,"[3, 3, 3, 3, 1, 1, 3, 3, 3, 1, 1, 1, 3, 3, 1, 1, 1, 1, 1, 1, 3, 3, 3, 3, 1]","[0.2748887342060603, 0.3001526470668216, 0.3910218767582559, 0.41532656506201726, 0.5455149070760327, 0.2732349337287739, 0.4338371584811204, 0.6349506807651505, 0.6742216842631475, 0.655188104948212, 0.30578861435720694, 0.3150155246032872, 0.3365777894433101, 0.4829295054621105, 0.9064613687140703, 0.30370469385631416, 0.456600653033986, 0.46715347965569837, 0.6146719745116476, 0.9385984942182916, 0.44537303733752737, 0.4762051744367834, 0.7911837319233481, 0.8586857921263181, 0.5484286481954715]",0.017950879118155197,0.018171962603410467,0.004421669705105434,0.01633068580997866,0.008038812558763861,0.03618175597808126,0.017998365587830904,6.343345343621601e-05,0.01821465344683398,6.261626720504921e-05,0.004325757180061508,3.329377423500043e-05
True,20,62,594.261969089508,1200,False,,1200,20,10,1000,12000,30000.0,3,0.02,0.0,0.001,0.001,0.003,0.001,256,0.25,-0.04340619999999995,0.0,-0.04340619999999995,-0.04340619999999995,-0.04340619999999995,8.0,1.0,1.0,-0.0437157987560311,0.9583269900635636,0.6589027518959805,0.11533438490678258,"[1, 3, 3, 3, 1, 1, 3, 3, 3, 1, 1, 1, 3, 3, 1, 1, 1, 1, 1, 1, 3, 3, 3, 3, 3]","[0.9991962849970082, 0.8993050084235278, 0.9982299508044152, 0.6589027518959805, 0.9994024667107568, 0.9962591847874687, 0.9999465676641858, 0.9997929786429083, 0.9872976618114255, 0.7321854496322396, 0.9995266502793123, 0.8936454298114367, 0.96050085889427, 0.9917542763213347, 0.9999814901419349, 0.973287436128296, 0.9972966314091121, 0.9999927220479814, 0.9980413723338228, 0.9993332953766871, 0.9999030050527019, 0.8744320388882185, 0.9999612395583667, 0.999999999980409, 0.99999999999529]",0.0534143818156132,0.0534143818156132,0.01531461177696146,0.014888925483433457,0.013577437641377092,0.06823819197547147,0.05306644163520915,0.0002941278467259824,0.05306644163520915,0.0002941278467259824,0.015387795852477775,7.746696113867008e-05
True,28,70,402.35832262039185,1200,False,,1200,20,10,1000,12000,30000.0,3,0.05,0.1,0.001,0.0003,0.001,0.01,512,0.4,-0.04340619999999995,0.0,-0.04340619999999995,-0.04340619999999995,-0.04340619999999995,8.0,1.0,1.0,-0.04352979033861107,0.5650507160649972,0.27121845529996563,0.9979122585794391,"[3, 3, 3, 3, 1, 1, 3, 3, 3, 1, 1, 1, 3, 3, 1, 1, 1, 1, 1, 1, 3, 3, 3, 3, 3]","[0.27121845529996563, 0.3049238391241256, 0.3815169900742008, 0.3833333535769328, 0.5513053090234307, 0.2931705213091252, 0.45972080595080306, 0.693586343250451, 0.7377925695384133, 0.6245289877212806, 0.3503891647819606, 0.4452153457206486, 0.34526325838516736, 0.5488499225541479, 0.8710200513233103, 0.3442570212829544, 0.6554916765915813, 0.7145546384162148, 0.6802708144874909, 0.9002058383638336, 0.5462725802857837, 0.6863464342436723, 0.8957649939429327, 0.9072159763398986, 0.5340530100366035]",0.020252127746733333,0.020837789009835864,0.00585661263102532,0.007680356992117107,0.00558281051097122,0.03135240641421995,0.02012190199730857,0.00010319186211431277,0.020696778708291706,0.00010989271469713982,0.005748767109831367,6.81703764550431e-05
True,27,69,456.80282068252563,1200,False,,1200,20,10,1000,12000,30000.0,2,0.01,0.1,0.003,0.001,0.003,0.01,512,0.3,-0.04340619999999995,0.0,-0.04340619999999995,-0.04340619999999995,-0.04340619999999995,8.0,1.0,1.0,-0.043674537926831014,0.9350627220937069,0.5376596900572536,0.13903428179088295,"[1, 3, 3, 3, 1, 1, 3, 3, 3, 1, 1, 1, 1, 3, 1, 1, 1, 3, 3, 1, 3, 3, 3, 3, 3]","[0.8453787195942405, 0.9995758813175251, 0.999998591653502, 0.9998282658807484, 0.9605152677869779, 0.9919313425302905, 0.9329435801224439, 0.9999975896902347, 0.9999646287821883, 0.9996154062433564, 0.9979736879553752, 0.9998254580410139, 0.5376596900572536, 0.6341162349807079, 0.9999996450482617, 0.8183401242154177, 0.9993219917965157, 0.6818657267940156, 0.9779873334242577, 0.9999658911666593, 0.9998047064838245, 0.9999976515724405, 0.9999999999935556, 0.9999999999997096, 0.9999606372121583]",0.05227216890393718,0.05358792838486174,0.013157594809245589,0.011792179299986843,0.00767074942625783,0.04442578110186915,0.05234296711667301,8.34963907514316e-05,0.05364804443649329,7.967854385619549e-05,0.013050773198202853,9.507981329325195e-05
True,19,61,612.9915261268616,1200,False,,1200,20,10,1000,12000,30000.0,3,0.01,0.0,0.001,0.001,0.001,0.001,256,0.3,-0.04340619999999995,0.0,-0.04340619999999995,-0.04340619999999995,-0.04340619999999995,8.0,1.0,1.0,-0.04393532923845935,0.9439958931100985,0.5245307900406846,0.10701031785338593,"[3, 3, 3, 3, 1, 1, 3, 3, 3, 1, 1, 1, 3, 3, 1, 3, 1, 3, 1, 1, 3, 3, 3, 3, 1]","[0.5961952468440741, 0.9999216701831926, 0.9999857284909468, 0.6752521731463188, 0.9999994172005223, 0.9732795625253011, 0.9999959376716796, 1.0, 1.0, 0.9999089691568888, 0.9751122001941378, 0.9977876551642183, 0.9999999684246784, 0.9999996147732543, 1.0, 0.8599959408372212, 0.9999877830534248, 0.5245307900406846, 0.9982684561578329, 1.0, 0.9998505770323262, 0.9999999579400063, 0.9999999999999978, 0.9999999999998039, 0.9998256789159524]",0.07811507432357498,0.07811507432357498,0.016420488288577815,0.027827352892857597,0.016473563710356087,0.09569395213186953,0.0780757877247854,0.00016235607040900664,0.0780757877247854,0.00016235607040900664,0.016618870636516615,0.00010722519573538003
True,22,64,531.2905251979828,1200,False,,1200,20,10,1000,12000,30000.0,3,0.01,0.03,0.0003,0.0003,0.001,0.001,512,0.3,-0.04340619999999995,0.0,-0.04340619999999995,-0.04340619999999995,-0.04340619999999995,8.0,1.0,1.0,-0.0436788131027893,0.9650530050375801,0.6073040931123459,0.07554062275027693,"[3, 3, 3, 3, 1, 1, 3, 3, 3, 1, 1, 1, 3, 3, 1, 3, 1, 3, 1, 1, 3, 3, 3, 3, 1]","[0.7619754465731289, 0.9999195768415375, 0.9999760574451677, 0.6073040931123459, 0.9999996881919808, 0.9949567286898692, 0.999987655588741, 0.9999999999999982, 0.999999999998443, 0.9999999967016739, 0.9974352761045612, 0.9996658217313283, 0.9999998666603553, 0.9976293998975134, 1.0, 0.7810841611230595, 0.9999974473501984, 0.9867136999350612, 0.9997450073898388, 1.0, 0.9999353304338621, 0.9999998722276245, 0.9999999999999996, 0.9999999999994456, 0.9999999999437683]",0.06761753758424822,0.06813803819036561,0.017350020203912755,0.03864309186672284,0.014180660391682485,0.0428864336037927,0.06770054236084723,0.00012971724933962951,0.06822231249127796,0.00013072438279387532,0.01739233768102471,3.546152684949061e-05
True,24,66,504.53417706489563,1200,False,,1200,20,10,1000,12000,30000.0,3,0.005,0.01,0.0003,0.0003,0.0003,0.001,256,0.3,-0.04340619999999995,0.0,-0.04340619999999995,-0.04340619999999995,-0.04340619999999995,8.0,1.0,1.0,-0.043745466060981744,0.6911553878364264,0.31091565238341234,0.7096307283511407,"[1, 3, 3, 1, 1, 1, 3, 3, 3, 1, 1, 1, 3, 1, 1, 3, 1, 1, 1, 1, 3, 3, 3, 3, 3]","[0.3145645073989241, 0.3959994386140823, 0.38407127828993426, 0.5399738570104987, 0.7054222821338423, 0.4470675309499548, 0.4774319208454506, 0.8030674339405818, 0.9133915546138701, 0.9295494949923199, 0.3783112071022583, 0.31091565238341234, 0.5321570412565245, 0.7208781529598359, 0.9966752827137395, 0.5521666429079242, 0.8750341357145324, 0.9070425862881004, 0.9418394060449194, 0.9956968258835581, 0.6459628636403885, 0.9259353524520033, 0.9917164159114177, 0.9882589258755432, 0.6057549059870398]",0.06497045310304055,0.0650624091768002,0.00919560737596526,0.017869515722849054,0.006344168295787262,0.17195536253902255,0.06516316429598996,0.00017735995171188322,0.06525518010659499,0.00017756425811620537,0.009201581060503627,2.8236070210665724e-05
True,25,67,529.9850685596466,1200,False,,1200,20,10,1000,12000,30000.0,3,0.005,0.05,0.001,0.001,0.003,0.001,256,0.4,-0.04340619999999995,0.0,-0.04340619999999995,-0.04340619999999995,-0.04340619999999995,8.0,1.0,1.0,-0.04393272277522246,0.9895181861513381,0.779940636928509,0.028047674798821892,"[1, 3, 3, 3, 3, 1, 3, 3, 3, 3, 1, 1, 3, 3, 1, 3, 1, 3, 3, 3, 3, 3, 3, 3, 3]","[0.9999999069217256, 0.779940636928509, 1.0, 1.0, 1.0, 0.9999999999999953, 0.9999999917959045, 1.0, 1.0, 1.0, 1.0, 1.0, 0.9999998378644498, 1.0, 0.9580142803084354, 0.999999999964434, 1.0, 1.0, 1.0, 1.0, 1.0, 1.0, 1.0, 1.0, 1.0]",0.08895750076758527,0.08955211677929627,0.011892320234220021,0.028681858855890134,0.010220384889556703,0.10769868926871695,0.08880231060541321,9.560813537195897e-05,0.08940008888606135,9.490458643873748e-05,0.01195556561296241,4.344044124436242e-05
True,26,68,534.167519569397,1200,False,,1200,20,10,1000,12000,30000.0,3,0.02,0.1,0.001,0.001,0.001,0.01,512,0.3,-0.04340619999999995,0.0,-0.04340619999999995,-0.04340619999999995,-0.04340619999999995,8.0,1.0,1.0,-0.04362072547276237,0.6858917250019608,0.35724201879394496,0.7373737279415076,"[3, 3, 3, 3, 1, 1, 3, 3, 3, 1, 1, 1, 3, 3, 1, 1, 1, 1, 1, 1, 3, 3, 3, 3, 1]","[0.35724201879394496, 0.4942493467381358, 0.6312427564542031, 0.5067508581087472, 0.8462483945838167, 0.3848312434583391, 0.5213343781149561, 0.8900176898356631, 0.8882990928874743, 0.8851854273369749, 0.4769938238244988, 0.6025241500007503, 0.6185767824580077, 0.5947723973346967, 0.9781663069904573, 0.44792025071576785, 0.7643355587204823, 0.6411627137643668, 0.6835791962094361, 0.9834193784155143, 0.6738765458825604, 0.7649912514908229, 0.9215754677947717, 0.9008488052249413, 0.6891492899096892]",0.048413575991152064,0.04938346758066849,0.009698915895164273,0.037313371888434,0.0025203371194802253,0.15330322553599415,0.04834793962902022,0.00010952137135993637,0.04930381452926442,0.00011706456249748388,0.009558749002441986,9.00899130830567e-05
True,23,65,571.1383047103882,1200,False,,1200,20,10,1000,12000,30000.0,3,0.02,0.03,0.0003,0.0003,0.001,0.01,512,0.3,-0.04340619999999995,0.0,-0.04340619999999995,-0.04340619999999995,-0.04340619999999995,8.0,1.0,1.0,-0.043637182411629595,0.7592592633111227,0.4549661093639798,0.5351175704040503,"[1, 3, 3, 1, 1, 1, 3, 3, 3, 1, 1, 1, 1, 3, 1, 1, 1, 1, 1, 1, 3, 3, 3, 3, 3]","[0.4549661093639798, 0.5812919476789246, 0.6088683310217828, 0.6010266082849557, 0.8846063558461977, 0.6659676662292056, 0.5245326926284063, 0.9057870319300433, 0.892783196744338, 0.9212790686860867, 0.7739242525171629, 0.9244773832730303, 0.5360913553973068, 0.6636124068600233, 0.9739858363042184, 0.5689413506525939, 0.9535548504623528, 0.7960169803353103, 0.5116057575183635, 0.958062013134259, 0.8664010612640503, 0.8840029649343258, 0.9736096523345387, 0.9763558467668869, 0.5797308626097206]",0.049102284142829314,0.04946972430591043,0.012248005436037206,0.05366090760573928,0.01280975839693163,0.12282833353060582,0.048912175535976994,0.00021338581200447786,0.04927404240491306,0.00021589547763314185,0.01206222896453532,0.00010159542448016402
True,30,72,749.2101843357086,1800,False,,1800,25,15,2000,12000,30000.0,2,0.05,0.0,0.001,0.001,0.001,0.001,512,0.3,-0.04340619999999995,0.0,-0.04340619999999995,-0.04340619999999995,-0.04340619999999995,8.0,1.0,1.0,-0.0435076141530283,0.7512985193246083,0.4002397866688278,0.5999956789256775,"[3, 3, 3, 1, 1, 1, 3, 3, 3, 1, 1, 1, 2, 3, 1, 3, 1, 1, 3, 1, 3, 3, 3, 3, 3]","[0.4002397866688278, 0.6596093893372941, 0.6873992762197204, 0.57328362449838, 0.8459928859454001, 0.6375730766748131, 0.9610358464712698, 0.9931000064472626, 0.9113548921430653, 0.8763774913941335, 0.6468436915925212, 0.8049869763805766, 0.4437610712038864, 0.6038392820589128, 0.9580203969025038, 0.6124078472519809, 0.970135836249756, 0.608667029457886, 0.50433014632238, 0.9341027022789108, 0.8613632355465732, 0.8676047323087122, 0.9582202607142457, 0.9473343211583359, 0.5148791778878645]",0.019325204617886258,0.019325204617886258,0.012915992617957691,0.00871091454339953,0.010262909169691125,0.023193737776450965,0.01932512742166841,1.8861427534583543e-05,0.01932512742166841,1.8861427534583543e-05,0.012881667514363385,2.273783087249829e-05
True,31,73,753.1313993930817,1800,False,,1800,25,15,2000,12000,30000.0,2,0.05,0.01,0.001,0.001,0.001,0.001,512,0.25,-0.04340619999999995,0.0,-0.04340619999999995,-0.04340619999999995,-0.04340619999999995,8.0,1.0,1.0,-0.043494900213085025,0.773470075317916,0.40715944632917667,0.5768452965496239,"[3, 3, 3, 1, 1, 1, 3, 3, 3, 1, 1, 1, 0, 3, 1, 3, 1, 1, 1, 1, 3, 3, 3, 3, 1]","[0.41394370102233075, 0.6763303716290839, 0.6858156337427774, 0.5544010583898339, 0.89107765469061, 0.653899707739618, 0.960016229869341, 0.9937014007268586, 0.9188630580053959, 0.8642148438592409, 0.6856078606608781, 0.8294808259638786, 0.40715944632917667, 0.6395712707365031, 0.9603293334591364, 0.5704842992513947, 0.9641943754052122, 0.7650584713287664, 0.5765590377524961, 0.9432964907334693, 0.8720997175101773, 0.9109515330032266, 0.9683846514909168, 0.9379999121583174, 0.6933109974892631]",0.01771816306547205,0.017844395226391866,0.01262321609198159,0.008595242264040284,0.009497841996522987,0.023870224381303505,0.017751856244669108,2.687856434067942e-05,0.017878893714600556,2.7093766510181597e-05,0.012703746993144844,4.667270841556281e-05
True,32,74,851.5136499404907,1800,False,,1800,25,15,2000,12000,30000.0,3,0.05,0.05,0.001,0.001,0.001,0.01,512,0.3,-0.04340619999999995,0.0,-0.04340619999999995,-0.04340619999999995,-0.04340619999999995,8.0,1.0,1.0,-0.04358231411605906,0.7933498503457287,0.4264159992030189,0.543491575948719,"[1, 3, 3, 3, 1, 1, 3, 3, 3, 1, 1, 1, 3, 3, 1, 1, 1, 1, 1, 1, 3, 3, 3, 3, 3]","[0.4264159992030189, 0.6875449193665254, 0.8069694526437093, 0.5310679638063877, 0.9210643861976137, 0.6507237513783956, 0.7117514611943083, 0.9674470110192464, 0.9716602993518195, 0.8831632591463229, 0.7520626995272889, 0.8754623647749992, 0.58754487287885, 0.9128812600119682, 0.9644249632676788, 0.5046747250616322, 0.9640526765637626, 0.9303127217686115, 0.5995656668043865, 0.9647234256193207, 0.8967931354741346, 0.8289947302628332, 0.9518240579633251, 0.9681642128329893, 0.574456242524085]",0.03298743583854393,0.03391706546951405,0.018592592619402395,0.00856179080383759,0.005802354123791544,0.02015973609294241,0.032931996216056816,7.70377012180375e-05,0.03386599092185891,7.72382819254853e-05,0.018679894116041842,5.074972169301007e-05
