ok,run_id,seed,seconds,episodes_completed,stopped_early,stop_reason,episodes,collect_per_episode,updates_per_episode,initial_collect_steps,max_buffer_size,rollout_length,lambda_entropy,eta,lr_value,lr_rho,lr_policy,fisher_damping,batch_size,epsilon,eval_return_mean,eval_return_std,eval_return_median,eval_return_min,eval_return_max,eval_length_mean,eval_done_rate,eval_success_rate,score,mean_best_prob,min_best_prob,mean_entropy,best_actions,best_probs,last_objective,last_primal_mse,last_dual_mse,last_theta_grad_norm,last_beta_grad_norm,last_policy_grad_norm,tail_objective_mean,tail_objective_std,tail_primal_mse_mean,tail_primal_mse_std,tail_dual_mse_mean,tail_dual_mse_std,tail_policy_grad_mean
True,0,42,89.42573285102844,500,False,,500,20,10,1024,12000,1,0.02,0.2,0.01,0.01,0.003,0.0001,128,0.4,-0.2497908537136854,0.24142873210389973,-0.22515902200000004,-1.0000000000000004,-0.04340619999999995,9.94,1.0,0.94,-0.31024225002113437,0.5509109792443327,0.25,0.9293027327459232,"[1, 3, 3, 3, 1, 1, 0, 0, 3, 1, 1, 1, 0, 3, 1, 1, 1, 1, 0, 1, 3, 3, 3, 3, 0]","[0.3073675504375207, 0.2869061815350978, 0.3608134491229406, 0.3475238761935006, 0.48637063756198995, 0.3851534779327568, 0.25, 0.25, 0.4256501249143764, 0.7626559226725502, 0.3960985129406962, 0.4332052214366465, 0.25, 0.8677537881770644, 0.9862738885946661, 0.390319154368725, 0.5665974572256812, 0.8980120582379659, 0.25, 0.9999999970247424, 0.6440010718163618, 0.9803179805417885, 0.9977541508423108, 0.9999999795309342, 0.25]",0.007088841212201497,0.007965608245521269,0.004383835166598858,0.011581120586971654,0.004734690084371776,0.007212050174102713,0.007133559578578047,3.529711449850268e-05,0.008030900743475343,5.0081048387991554e-05,0.0044867058244864805,0.00010638285603627748,0.01083039028573855
True,1,43,91.23549890518188,500,False,,500,20,10,1024,12000,1,0.01,0.1,0.003,0.01,0.01,0.0001,128,0.4,-0.2491635632994927,0.2500853900888864,-0.22515902200000004,-1.0000000000000004,-0.04340619999999995,9.81,1.0,0.93,-0.31191740407779295,0.7884174288512128,0.25,0.4105461642728181,"[1, 3, 3, 3, 1, 1, 0, 0, 3, 1, 1, 1, 0, 3, 1, 1, 1, 1, 0, 1, 3, 3, 3, 3, 0]","[0.6358549393884595, 0.976994368726154, 0.9986762724820707, 0.5512917914708635, 0.9998576248316018, 0.9985787604916188, 0.25, 0.25, 0.7935821855081631, 0.9999972660891665, 0.7200458866188479, 0.999673811029313, 0.25, 1.0, 0.9999987141697626, 0.7864771966945568, 0.9996412177384815, 1.0, 0.25, 1.0, 0.9997786576108448, 0.9999880330429597, 0.9999989953874548, 1.0, 0.25]",0.01737714123829052,0.018338011146673633,0.009608699083831121,0.019909021020790677,0.005458635799868447,0.01576408751477126,0.017235887329606136,0.0001443421606054183,0.018191145600203157,0.00016354245083803365,0.009552582705970241,0.00021244552750502538,0.02128910135086853
True,6,48,95.93132281303406,500,False,,500,20,10,1024,12000,1,0.05,0.0,0.01,0.003,0.01,0.01,512,0.15,-0.23464342898334573,0.21751728596988398,-0.22515902200000004,-1.0000000000000004,-0.04340619999999995,9.996666666666666,1.0,0.9633333333333334,-0.28907065411669347,0.44192540009952597,0.25,1.155403400156287,"[3, 3, 3, 3, 1, 0, 0, 0, 3, 1, 0, 2, 0, 3, 1, 1, 1, 2, 0, 1, 3, 3, 3, 3, 0]","[0.29449069425219454, 0.32825309111870526, 0.365527148761822, 0.3461487674778902, 0.41762778746994467, 0.2686204818339384, 0.25, 0.25, 0.4209753992147847, 0.6896483880009252, 0.27453366701355847, 0.27066106782327126, 0.25, 0.7979093819396459, 0.9102949024519235, 0.26840200566485245, 0.35733577310992604, 0.569804182290663, 0.25, 0.9987360943531511, 0.2834382327173447, 0.39717393704209564, 0.61541875841184, 0.92313524153967, 0.25]",0.004641732402981034,0.004641732402981034,0.002887480040973974,0.006090430235923766,0.0025036462228194157,0.004572527988595491,0.004429454454789233,7.367220639758718e-05,0.004429454454789233,7.367220639758718e-05,0.002567968325807327,0.00010513273481914396,0.00432596845303326
True,10,52,156.96080327033997,500,False,,500,20,10,1024,12000,2,0.05,0.1,0.03,0.003,0.01,0.01,256,0.4,-0.7410309696218736,0.27263131018258774,-0.8564204024616298,-1.0000000000000009,-0.04340619999999995,30.813333333333333,0.9733333333333334,0.9066666666666666,-0.8094756163757518,0.44319514222766654,0.25,1.1449538094115912,"[3, 0, 3, 3, 1, 0, 0, 0, 3, 1, 0, 2, 0, 3, 1, 0, 0, 2, 0, 1, 0, 3, 3, 3, 0]","[0.28834378446127024, 0.2594901534306631, 0.2698489483617548, 0.3213097872336277, 0.4792034472343622, 0.3414385444348671, 0.25, 0.25, 0.38636000623185923, 0.650734956011778, 0.3562667672065242, 0.31281528394847874, 0.25, 0.8610516754370563, 0.7812198241675484, 0.34626174777878865, 0.41484281851656984, 0.4459716694473601, 0.25, 0.9703166636783396, 0.26245447414435785, 0.3662055833881266, 0.7209804779717918, 0.9947619426065393, 0.25]",0.033454339245755166,0.03943455408487359,0.05980214839118421,0.03127288315962739,0.09122865697204725,0.02624660718617719,0.07060653086948014,0.014212249213873053,0.09800507271394931,0.0332794077281603,0.27398541844469154,0.24152287506603437,0.049115435566141744
True,13,55,162.39052867889404,500,False,,500,20,10,1024,12000,2,0.02,0.2,0.003,0.01,0.001,0.01,256,0.3,-0.25536977374215164,0.23574083553697692,-0.22515902200000004,-1.0000000000000004,-0.04340619999999995,10.033333333333333,1.0,0.9466666666666667,-0.31440364421260175,0.3311497465077578,0.25,1.327258467228563,"[3, 3, 3, 3, 1, 1, 0, 0, 3, 1, 1, 0, 0, 3, 1, 1, 1, 1, 0, 1, 3, 3, 3, 3, 0]","[0.2525687740680082, 0.25878371357296104, 0.2735895590002503, 0.27063484956255385, 0.2971367522027463, 0.26588748833301107, 0.25, 0.25, 0.2895120351582981, 0.3597816428928597, 0.26271395937060954, 0.25644690969764883, 0.25, 0.35050992406280307, 0.5719497405088215, 0.26983000345272695, 0.3065394579135268, 0.40314286022978285, 0.25, 0.77006970935777, 0.2777708952451005, 0.3702229312560651, 0.49988756382870386, 0.4217648929796986, 0.25]",0.010996385679402795,0.01160405953301632,0.0030383692680676275,0.012431990154249993,0.0025061530892426373,0.01577854646432785,0.011109053654279557,6.187951965089075e-05,0.011711573997439821,6.543604153476372e-05,0.0030126017158013272,2.691457617146058e-05,0.01288851346110206
True,4,46,162.70911765098572,500,False,,500,20,10,1024,12000,2,0.05,0.1,0.01,0.01,0.003,0.001,512,0.3,-0.24283188599622993,0.24132109581294756,-0.22515902200000004,-1.0000000000000004,-0.04340619999999995,9.766666666666667,1.0,0.94,-0.3032080631569976,0.4448486181020168,0.25,1.1319809060024355,"[1, 2, 3, 3, 1, 1, 0, 0, 3, 1, 1, 1, 0, 3, 1, 1, 1, 1, 0, 1, 3, 3, 3, 3, 0]","[0.26516645296046204, 0.2563122648740631, 0.25404472850760307, 0.2686924077850073, 0.29232701557210966, 0.286743267806464, 0.25, 0.25, 0.35875575872513266, 0.41090550771970935, 0.2994930169316233, 0.32947686299512574, 0.25, 0.46470808730809304, 0.6721953448363942, 0.31085830864827646, 0.509442836180605, 0.8443864312962753, 0.25, 0.9735576362852044, 0.4293737806543522, 0.734334580025227, 0.9111084873856274, 0.9993326760530631, 0.25]",0.007430734727859429,0.007850913546936372,0.00420178819076944,0.011835282184703899,0.0042945148229373955,0.006663849668424659,0.0073610823424104365,5.6620173672313486e-05,0.007793135972280708,5.70029240338037e-05,0.004320536298702707,7.340764225381465e-05,0.007548957628960035
True,15,57,165.8698205947876,500,False,,500,20,10,1024,12000,2,0.05,0.0,0.01,0.01,0.01,0.01,512,0.4,-0.2156791511448781,0.2173421083812382,-0.13906557999999997,-1.0000000000000004,-0.04340619999999995,9.786666666666667,1.0,0.96,-0.27005487939898426,0.4878854329931171,0.25,1.0805024734972042,"[3, 3, 3, 3, 1, 1, 0, 0, 3, 1, 1, 0, 0, 3, 1, 1, 1, 2, 0, 1, 3, 3, 3, 3, 0]","[0.27773602874851655, 0.3186251447079755, 0.3807636636412668, 0.3405483665276656, 0.5422270149975068, 0.26730105078693966, 0.25, 0.25, 0.6428377619018957, 0.8112739840540992, 0.27316564562687573, 0.25837965757779746, 0.25, 0.6843695361099995, 0.8876702278290276, 0.3074326478624545, 0.4900245077627328, 0.6703965385094683, 0.25, 0.9997033067683083, 0.3602718068588511, 0.5927946324290156, 0.8457459379809535, 0.9958683641465776, 0.25]",0.008305987159436827,0.008305987159436827,0.0050384024530944135,0.010413324161895766,0.0034802805205162205,0.007926509160908772,0.008222991210515222,7.057254482576759e-05,0.008222991210515222,7.057254482576759e-05,0.00501536726813279,6.0570275567676145e-05,0.0067277038748711215
True,7,49,166.98752450942993,500,False,,500,20,10,1024,12000,2,0.1,0.0,0.03,0.003,0.003,0.001,512,0.3,-0.752112769922983,0.27311376749994265,-0.8635993823385483,-1.0000000000000007,-0.04340619999999995,30.426666666666666,1.0,0.94,-0.8204326648320045,0.36184555959739967,0.25,1.2534544004174175,"[1, 2, 2, 2, 2, 3, 0, 0, 0, 0, 1, 2, 0, 0, 0, 1, 1, 1, 0, 1, 3, 3, 3, 3, 0]","[0.2525272431570064, 0.25441922752378104, 0.2598830299431663, 0.28119389328277705, 0.25829571642429033, 0.25055667902795964, 0.25, 0.25, 0.34079016460942313, 0.2897374394039522, 0.2539564870751806, 0.25302779944088116, 0.25, 0.6732187590698505, 0.4049219457977386, 0.26569718073765397, 0.29097821609204577, 0.4992552271835911, 0.25, 0.7968019407033559, 0.2762469703270062, 0.35801875615760814, 0.5894225952672201, 0.9471897187105027, 0.25]",0.0028604033998940533,0.0028604033998940533,0.0027035686754104684,0.0036335687222232484,0.006078993455440797,0.0021547000689832734,0.0028950650940164956,4.1948552746709886e-05,0.0028950650940164956,4.1948552746709886e-05,0.0025344580168153237,8.983217217007139e-05,0.004554953462434703
True,14,56,168.3240623474121,500,False,,500,20,10,1024,12000,2,0.08,0.0,0.01,0.003,0.001,0.01,512,0.3,-0.9999729628624573,8.240035231425656e-06,-0.9999734386011132,-0.9999734386011132,-0.9998307170043433,99.96666666666667,0.0033333333333333335,0.0033333333333333335,-1.0000245652529993,0.29661280517593075,0.25,1.3531256646650451,"[2, 2, 2, 2, 3, 2, 0, 0, 3, 0, 0, 2, 0, 3, 1, 0, 2, 1, 0, 1, 1, 3, 3, 3, 0]","[0.25651217228521994, 0.2582769360302487, 0.2693564252318064, 0.28971835127611156, 0.2600334802509581, 0.2545002683560746, 0.25, 0.25, 0.32128476394857086, 0.26285930451086115, 0.26133107898913327, 0.263945802073837, 0.25, 0.38013258865297433, 0.29585599080380626, 0.2629442103814233, 0.30195769639417985, 0.3809695348251142, 0.25, 0.3901038295259907, 0.2518845812308256, 0.26958968261572347, 0.42721246940845814, 0.5068509626069516, 0.25]",0.00658506376458264,0.00658506376458264,0.00269213585848962,0.007593842702520096,0.003626158383610744,0.006268819328089273,0.006649707073693622,3.178411272942185e-05,0.006649707073693622,3.178411272942185e-05,0.002744708932339628,4.0836836311819276e-05,0.008868797346449759
True,11,53,174.53695368766785,500,False,,500,20,10,1024,12000,2,0.1,0.1,0.01,0.003,0.001,0.01,1024,0.4,-0.9999734386011134,2.224156070299059e-16,-0.9999734386011132,-0.9999734386011132,-0.9999734386011132,100.0,0.0,0.0,-1.000007215321377,0.3112934346962609,0.25,1.34380726125772,"[2, 2, 2, 2, 2, 0, 0, 0, 0, 2, 0, 2, 0, 0, 0, 0, 0, 2, 0, 1, 1, 2, 3, 3, 0]","[0.25626616114491724, 0.26074424235685634, 0.2683815783697363, 0.31768512659779163, 0.2783239990728213, 0.26124058653097765, 0.25, 0.25, 0.36974183858560616, 0.2798394692203574, 0.2744948020932267, 0.2695282105930995, 0.25, 0.44323668010751477, 0.3927378540366629, 0.27416529328940265, 0.3294968629204033, 0.5232228667148356, 0.25, 0.45225409387666105, 0.25765832043949183, 0.287161451908282, 0.37798745905911824, 0.3581689704887602, 0.25]",0.00754990381990172,0.00789376499534654,0.0034386117544482064,0.007238268673390079,0.002637782438008496,0.007167896401454202,0.0076223376403075594,4.450765466490098e-05,0.007963721137114162,4.5700225240665894e-05,0.0034138349680660272,1.729744929240291e-05,0.008012505924331585
True,9,51,180.33582258224487,500,False,,500,20,10,1024,12000,2,0.05,0.2,0.003,0.003,0.003,0.001,1024,0.2,-0.2579250182502453,0.2453118045172226,-0.22515902200000004,-1.0000000000000004,-0.04340619999999995,9.923333333333334,1.0,0.9333333333333333,-0.3192816398136636,0.5456625654836357,0.25,0.9752181915941571,"[1, 3, 3, 3, 1, 1, 0, 0, 3, 1, 1, 1, 0, 3, 1, 1, 1, 1, 0, 1, 3, 3, 3, 3, 0]","[0.2914770925765443, 0.26885455330625935, 0.3492689737596942, 0.3471615537686186, 0.43650892591127644, 0.3573422838059048, 0.25, 0.25, 0.43559275830663025, 0.7519587517419732, 0.37565625412219544, 0.46948219400910324, 0.25, 0.9661116219551468, 0.951108274744837, 0.4040360158825666, 0.6404965646875763, 0.9784601930551613, 0.25, 0.9992920363476631, 0.6032839899120397, 0.8676224698879392, 0.9230420479532524, 0.9748075813565105, 0.25]",0.011381612453324202,0.013286506214828296,0.009524468807520468,0.005937035263097697,0.003418837977720038,0.009258226665551192,0.011029236973112845,0.00022580466936057388,0.01281761850370862,0.0003047103586987667,0.00894190765297886,0.0003957120560284221,0.007786607120337892
True,16,58,92.77941417694092,500,False,,500,20,10,1024,12000,1,0.01,0.1,0.01,0.03,0.01,0.0001,512,0.3,-0.22406375960066563,0.22600309001409993,-0.13906557999999997,-1.0000000000000004,-0.04340619999999995,9.76,1.0,0.9533333333333334,-0.2806746850584072,0.7973035349671407,0.25,0.3874058481250275,"[3, 3, 3, 3, 1, 1, 0, 0, 3, 1, 1, 1, 0, 3, 1, 1, 1, 1, 0, 1, 3, 3, 3, 3, 0]","[0.7851317266596295, 0.9993639045364976, 0.9996666084510227, 0.5814303321889167, 0.9999568679203105, 0.999176634328194, 0.25, 0.25, 0.9997627739700805, 0.9999976429572724, 0.6752229307046126, 0.9998062427503543, 0.25, 1.0, 0.9999990854648603, 0.7335398781504302, 0.9096246774352538, 1.0, 0.25, 1.0, 0.9999288335345432, 0.9999811735897576, 0.9999990615367836, 1.0, 0.25]",0.018795464473605923,0.020061906477805494,0.012664420041995722,0.019000926444404296,0.007156855123163261,0.014943078335092189,0.01878866798121277,5.514528865609286e-05,0.020048221193471653,6.372798877782097e-05,0.012595532122588843,0.00012368424574821945,0.012657342929907391
True,17,59,91.75241494178772,500,False,,500,20,10,1024,12000,1,0.08,0.1,0.003,0.01,0.01,0.01,256,0.15,-0.9999734386011134,2.224156070299059e-16,-0.9999734386011132,-0.9999734386011132,-0.9999734386011132,100.0,0.0,0.0,-1.0000407455961726,0.3985877300612161,0.25,1.1984831993481546,"[0, 2, 2, 2, 0, 0, 0, 0, 0, 1, 0, 2, 0, 3, 1, 0, 1, 2, 0, 1, 3, 3, 3, 3, 0]","[0.2519811909517261, 0.25559578266754746, 0.2679539181451741, 0.29426886926312523, 0.2533598786574524, 0.2581573668126509, 0.25, 0.25, 0.34632711928884846, 0.3058134184219954, 0.2758008243744736, 0.2750377155710418, 0.25, 0.8278872101303445, 0.6962754331923088, 0.2736159636900401, 0.31487153324269795, 0.6072578801095654, 0.25, 0.8986559195925359, 0.26224998355399676, 0.36100343737056106, 0.7263899994663969, 0.9621898070279195, 0.25]",0.0025165391753042992,0.0026587205344850815,0.0014218135918078237,0.007804783605265501,0.0013848128066445782,0.003554527219363676,0.0025471901260434014,1.8877577006136307e-05,0.0026910891831799827,1.9604841642241822e-05,0.0014389905713658186,1.226084912830604e-05,0.004638643535200829
True,3,45,186.6900441646576,500,False,,500,20,10,1024,12000,3,0.05,0.1,0.01,0.01,0.003,0.01,512,0.3,-0.2620868447265178,0.22995255583516608,-0.22515902200000004,-1.0000000000000004,-0.04340619999999995,10.473333333333333,1.0,0.9633333333333334,-0.3196149126687319,0.38495013432455716,0.25,1.237730741186854,"[1, 2, 2, 2, 2, 1, 0, 0, 0, 1, 1, 2, 0, 3, 1, 1, 1, 2, 0, 1, 3, 3, 3, 3, 0]","[0.2569142222927378, 0.26117633674057583, 0.27022713902971407, 0.3044687146073951, 0.25816726970582965, 0.2571145361942904, 0.25, 0.25, 0.4342503907421202, 0.29209296997176276, 0.2685802955802579, 0.2674429327364696, 0.25, 0.4176399787094189, 0.5378507340228829, 0.28881275258818173, 0.4429241496313095, 0.6632753434576458, 0.25, 0.7607989968666699, 0.3128764155353194, 0.41675375487743194, 0.7362792312609439, 0.926107193562971, 0.25]",0.0062080990657974065,0.006442104495276052,0.0023400542947864507,0.008395503604366378,0.004236462716309332,0.006434846443903732,0.0062673521718325095,4.3145461530884976e-05,0.006497353726346582,4.3295362753478675e-05,0.0023000155451407154,1.8956585216878632e-05,0.007813972969134317
True,8,50,188.96275520324707,500,False,,500,20,10,1024,12000,3,0.05,0.1,0.01,0.01,0.003,0.001,512,0.3,-0.248399348796775,0.27165266591190773,-0.13906557999999997,-1.0000000000000004,-0.04340619999999995,9.413333333333334,1.0,0.9066666666666666,-0.31636831036912055,0.5698591557300001,0.25,0.9647461464730313,"[1, 3, 3, 3, 1, 1, 0, 0, 3, 1, 1, 1, 0, 3, 1, 3, 3, 1, 0, 1, 3, 3, 3, 3, 0]","[0.3265512605420567, 0.32769187546538897, 0.444831816258201, 0.3742792879506424, 0.6053781003547997, 0.4290038665367881, 0.25, 0.25, 0.6604347398282902, 0.8412042763906302, 0.37610507912444463, 0.586182817671265, 0.25, 0.9361232258637554, 0.840638452457213, 0.44389442556571246, 0.6055114531590706, 0.9235573470920908, 0.25, 0.9846961494152332, 0.5990135500555271, 0.8057622409397932, 0.8902250762610984, 0.9953938523180039, 0.25]",0.019429727480404856,0.020762742888221834,0.01333015407816978,0.015163197952614555,0.006979826755018386,0.01238130432420347,0.01937522517406761,0.00012522778744839295,0.02071989024096535,0.00014903085752080214,0.01344665066897741,0.00028859083897489875,0.014138308731606106
True,12,54,193.50360894203186,500,False,,500,20,10,1024,12000,3,0.05,0.05,0.01,0.01,0.001,0.01,512,0.3,-0.9827343134766496,0.0797965152906473,-0.9999734386011132,-1.0000000000000007,-0.13906557999999997,91.55333333333333,0.16666666666666666,0.16333333333333333,-1.0027332840409375,0.3050565061967257,0.25,1.3438411468516522,"[3, 3, 2, 2, 1, 0, 0, 0, 3, 1, 0, 2, 0, 3, 1, 0, 2, 2, 0, 1, 0, 2, 1, 3, 0]","[0.257370691148587, 0.25224396158435525, 0.2535879439800625, 0.2586763943167674, 0.25521390628779994, 0.2631078211854126, 0.25, 0.25, 0.3192084087933156, 0.3196313920263225, 0.2702342792151998, 0.2756230176058127, 0.25, 0.3741445926452532, 0.42995615578355634, 0.26771093563289683, 0.3189203320030841, 0.4393999566511477, 0.25, 0.6782250796664829, 0.2629072622932688, 0.275293884670305, 0.2928895350189974, 0.31206710440951524, 0.25]",0.008262422551805013,0.008457968626421574,0.003910921492331214,0.01330575506218962,0.005495128430406356,0.008172501925599441,0.008275760112287669,3.8932452698391725e-05,0.008468085719202916,3.978274471161704e-05,0.0038465121383049667,4.3103094521085285e-05,0.010533093187565568
True,2,44,198.26418828964233,500,False,,500,20,10,1024,12000,3,0.05,0.05,0.01,0.01,0.001,0.01,1024,0.3,-0.26445765020220324,0.25190423170011006,-0.22515902200000004,-1.0000000000000004,-0.04340619999999995,10.006666666666666,1.0,0.9266666666666666,-0.3274732719121377,0.33401317357493937,0.25,1.3099815071838719,"[3, 3, 3, 3, 1, 0, 0, 0, 3, 1, 0, 2, 0, 3, 1, 0, 2, 2, 0, 1, 0, 2, 2, 2, 0]","[0.26128633121890404, 0.2577232839995269, 0.25352757353670863, 0.2747113246350541, 0.29036609960013504, 0.2737853457260342, 0.25, 0.25, 0.3747028951182449, 0.37716594176378604, 0.29826762805535206, 0.28853248121817593, 0.25, 0.44166638845129863, 0.652352779634794, 0.2753898104709218, 0.3222887080201061, 0.4426423790017302, 0.25, 0.8190145812554891, 0.26092102916779863, 0.2926794894224648, 0.34298882325603647, 0.30031644582092365, 0.25]",0.008241184553436661,0.00840904995389141,0.0033573080090949776,0.00530095664660031,0.0017960261499099124,0.008627216285616517,0.008320791173013943,4.4562414052016406e-05,0.008491017957307546,4.563804328788972e-05,0.003404535685872127,3.7947453922975225e-05,0.009259787783701942
True,5,47,202.08325624465942,500,False,,500,20,10,1024,12000,3,0.05,0.05,0.01,0.003,0.003,0.01,1024,0.3,-0.22018792250336253,0.20997623891485406,-0.22515902200000004,-1.0000000000000004,-0.04340619999999995,9.703333333333333,1.0,0.96,-0.2727265220110141,0.482381375827834,0.25,1.086216872987002,"[3, 3, 3, 3, 1, 1, 0, 0, 3, 1, 1, 1, 0, 3, 1, 1, 1, 1, 0, 1, 3, 3, 3, 3, 0]","[0.26422269890317945, 0.29663262598823675, 0.3641852262876207, 0.3411461966272221, 0.42064167236900163, 0.27963507286520095, 0.25, 0.25, 0.5070271571831799, 0.7833489143175179, 0.29302103904678045, 0.29302098336561994, 0.25, 0.9080251844388103, 0.8694503743797452, 0.3308125080261903, 0.43157316858007094, 0.4988616234827174, 0.25, 0.9910303361252137, 0.37784164635573814, 0.6994170473612991, 0.8832874960548411, 0.9763534239376637, 0.25]",0.015999024213264497,0.016395529416197856,0.007930104058667184,0.01059560635394511,0.004368128667807554,0.010884348461438568,0.015942333601852408,5.470185772712685e-05,0.016341536932627732,5.573196886913568e-05,0.007984066615506508,0.00010273418456101988,0.010479390688729303
True,17,59,98.59088015556335,500,False,,500,20,10,1024,12000,1,0.08,0.1,0.003,0.01,0.01,0.01,256,0.15,-0.9999734386011134,2.224156070299059e-16,-0.9999734386011132,-0.9999734386011132,-0.9999734386011132,100.0,0.0,0.0,-1.0000407455961726,0.3985877300612161,0.25,1.1984831993481546,"[0, 2, 2, 2, 0, 0, 0, 0, 0, 1, 0, 2, 0, 3, 1, 0, 1, 2, 0, 1, 3, 3, 3, 3, 0]","[0.2519811909517261, 0.25559578266754746, 0.2679539181451741, 0.29426886926312523, 0.2533598786574524, 0.2581573668126509, 0.25, 0.25, 0.34632711928884846, 0.3058134184219954, 0.2758008243744736, 0.2750377155710418, 0.25, 0.8278872101303445, 0.6962754331923088, 0.2736159636900401, 0.31487153324269795, 0.6072578801095654, 0.25, 0.8986559195925359, 0.26224998355399676, 0.36100343737056106, 0.7263899994663969, 0.9621898070279195, 0.25]",0.0025165391753042992,0.0026587205344850815,0.0014218135918078237,0.007804783605265501,0.0013848128066445782,0.003554527219363676,0.0025471901260434014,1.8877577006136307e-05,0.0026910891831799827,1.9604841642241822e-05,0.0014389905713658186,1.226084912830604e-05,0.004638643535200829
True,16,58,102.85242819786072,500,False,,500,20,10,1024,12000,1,0.01,0.1,0.01,0.03,0.01,0.0001,512,0.3,-0.22406375960066563,0.22600309001409993,-0.13906557999999997,-1.0000000000000004,-0.04340619999999995,9.76,1.0,0.9533333333333334,-0.2806746850584072,0.7973035349671407,0.25,0.3874058481250275,"[3, 3, 3, 3, 1, 1, 0, 0, 3, 1, 1, 1, 0, 3, 1, 1, 1, 1, 0, 1, 3, 3, 3, 3, 0]","[0.7851317266596295, 0.9993639045364976, 0.9996666084510227, 0.5814303321889167, 0.9999568679203105, 0.999176634328194, 0.25, 0.25, 0.9997627739700805, 0.9999976429572724, 0.6752229307046126, 0.9998062427503543, 0.25, 1.0, 0.9999990854648603, 0.7335398781504302, 0.9096246774352538, 1.0, 0.25, 1.0, 0.9999288335345432, 0.9999811735897576, 0.9999990615367836, 1.0, 0.25]",0.018795464473605923,0.020061906477805494,0.012664420041995722,0.019000926444404296,0.007156855123163261,0.014943078335092189,0.01878866798121277,5.514528865609286e-05,0.020048221193471653,6.372798877782097e-05,0.012595532122588843,0.00012368424574821945,0.012657342929907391
True,10,52,184.25163173675537,500,False,,500,20,10,1024,12000,2,0.05,0.1,0.03,0.003,0.01,0.01,256,0.4,-0.7410309696218736,0.27263131018258774,-0.8564204024616298,-1.0000000000000009,-0.04340619999999995,30.813333333333333,0.9733333333333334,0.9066666666666666,-0.8094756163757518,0.44319514222766654,0.25,1.1449538094115912,"[3, 0, 3, 3, 1, 0, 0, 0, 3, 1, 0, 2, 0, 3, 1, 0, 0, 2, 0, 1, 0, 3, 3, 3, 0]","[0.28834378446127024, 0.2594901534306631, 0.2698489483617548, 0.3213097872336277, 0.4792034472343622, 0.3414385444348671, 0.25, 0.25, 0.38636000623185923, 0.650734956011778, 0.3562667672065242, 0.31281528394847874, 0.25, 0.8610516754370563, 0.7812198241675484, 0.34626174777878865, 0.41484281851656984, 0.4459716694473601, 0.25, 0.9703166636783396, 0.26245447414435785, 0.3662055833881266, 0.7209804779717918, 0.9947619426065393, 0.25]",0.033454339245755166,0.03943455408487359,0.05980214839118421,0.03127288315962739,0.09122865697204725,0.02624660718617719,0.07060653086948014,0.014212249213873053,0.09800507271394931,0.0332794077281603,0.27398541844469154,0.24152287506603437,0.049115435566141744
True,13,55,185.06889247894287,500,False,,500,20,10,1024,12000,2,0.02,0.2,0.003,0.01,0.001,0.01,256,0.3,-0.25536977374215164,0.23574083553697692,-0.22515902200000004,-1.0000000000000004,-0.04340619999999995,10.033333333333333,1.0,0.9466666666666667,-0.31440364421260175,0.3311497465077578,0.25,1.327258467228563,"[3, 3, 3, 3, 1, 1, 0, 0, 3, 1, 1, 0, 0, 3, 1, 1, 1, 1, 0, 1, 3, 3, 3, 3, 0]","[0.2525687740680082, 0.25878371357296104, 0.2735895590002503, 0.27063484956255385, 0.2971367522027463, 0.26588748833301107, 0.25, 0.25, 0.2895120351582981, 0.3597816428928597, 0.26271395937060954, 0.25644690969764883, 0.25, 0.35050992406280307, 0.5719497405088215, 0.26983000345272695, 0.3065394579135268, 0.40314286022978285, 0.25, 0.77006970935777, 0.2777708952451005, 0.3702229312560651, 0.49988756382870386, 0.4217648929796986, 0.25]",0.010996385679402795,0.01160405953301632,0.0030383692680676275,0.012431990154249993,0.0025061530892426373,0.01577854646432785,0.011109053654279557,6.187951965089075e-05,0.011711573997439821,6.543604153476372e-05,0.0030126017158013272,2.691457617146058e-05,0.01288851346110206
True,7,49,191.03203988075256,500,False,,500,20,10,1024,12000,2,0.1,0.0,0.03,0.003,0.003,0.001,512,0.3,-0.752112769922983,0.27311376749994265,-0.8635993823385483,-1.0000000000000007,-0.04340619999999995,30.426666666666666,1.0,0.94,-0.8204326648320045,0.36184555959739967,0.25,1.2534544004174175,"[1, 2, 2, 2, 2, 3, 0, 0, 0, 0, 1, 2, 0, 0, 0, 1, 1, 1, 0, 1, 3, 3, 3, 3, 0]","[0.2525272431570064, 0.25441922752378104, 0.2598830299431663, 0.28119389328277705, 0.25829571642429033, 0.25055667902795964, 0.25, 0.25, 0.34079016460942313, 0.2897374394039522, 0.2539564870751806, 0.25302779944088116, 0.25, 0.6732187590698505, 0.4049219457977386, 0.26569718073765397, 0.29097821609204577, 0.4992552271835911, 0.25, 0.7968019407033559, 0.2762469703270062, 0.35801875615760814, 0.5894225952672201, 0.9471897187105027, 0.25]",0.0028604033998940533,0.0028604033998940533,0.0027035686754104684,0.0036335687222232484,0.006078993455440797,0.0021547000689832734,0.0028950650940164956,4.1948552746709886e-05,0.0028950650940164956,4.1948552746709886e-05,0.0025344580168153237,8.983217217007139e-05,0.004554953462434703
True,15,57,191.67644619941711,500,False,,500,20,10,1024,12000,2,0.05,0.0,0.01,0.01,0.01,0.01,512,0.4,-0.2156791511448781,0.2173421083812382,-0.13906557999999997,-1.0000000000000004,-0.04340619999999995,9.786666666666667,1.0,0.96,-0.27005487939898426,0.4878854329931171,0.25,1.0805024734972042,"[3, 3, 3, 3, 1, 1, 0, 0, 3, 1, 1, 0, 0, 3, 1, 1, 1, 2, 0, 1, 3, 3, 3, 3, 0]","[0.27773602874851655, 0.3186251447079755, 0.3807636636412668, 0.3405483665276656, 0.5422270149975068, 0.26730105078693966, 0.25, 0.25, 0.6428377619018957, 0.8112739840540992, 0.27316564562687573, 0.25837965757779746, 0.25, 0.6843695361099995, 0.8876702278290276, 0.3074326478624545, 0.4900245077627328, 0.6703965385094683, 0.25, 0.9997033067683083, 0.3602718068588511, 0.5927946324290156, 0.8457459379809535, 0.9958683641465776, 0.25]",0.008305987159436827,0.008305987159436827,0.0050384024530944135,0.010413324161895766,0.0034802805205162205,0.007926509160908772,0.008222991210515222,7.057254482576759e-05,0.008222991210515222,7.057254482576759e-05,0.00501536726813279,6.0570275567676145e-05,0.0067277038748711215
True,4,46,193.82906031608582,500,False,,500,20,10,1024,12000,2,0.05,0.1,0.01,0.01,0.003,0.001,512,0.3,-0.24283188599622993,0.24132109581294756,-0.22515902200000004,-1.0000000000000004,-0.04340619999999995,9.766666666666667,1.0,0.94,-0.3032080631569976,0.4448486181020168,0.25,1.1319809060024355,"[1, 2, 3, 3, 1, 1, 0, 0, 3, 1, 1, 1, 0, 3, 1, 1, 1, 1, 0, 1, 3, 3, 3, 3, 0]","[0.26516645296046204, 0.2563122648740631, 0.25404472850760307, 0.2686924077850073, 0.29232701557210966, 0.286743267806464, 0.25, 0.25, 0.35875575872513266, 0.41090550771970935, 0.2994930169316233, 0.32947686299512574, 0.25, 0.46470808730809304, 0.6721953448363942, 0.31085830864827646, 0.509442836180605, 0.8443864312962753, 0.25, 0.9735576362852044, 0.4293737806543522, 0.734334580025227, 0.9111084873856274, 0.9993326760530631, 0.25]",0.007430734727859429,0.007850913546936372,0.00420178819076944,0.011835282184703899,0.0042945148229373955,0.006663849668424659,0.0073610823424104365,5.6620173672313486e-05,0.007793135972280708,5.70029240338037e-05,0.004320536298702707,7.340764225381465e-05,0.007548957628960035
True,14,56,196.90508270263672,500,False,,500,20,10,1024,12000,2,0.08,0.0,0.01,0.003,0.001,0.01,512,0.3,-0.9999729628624573,8.240035231425656e-06,-0.9999734386011132,-0.9999734386011132,-0.9998307170043433,99.96666666666667,0.0033333333333333335,0.0033333333333333335,-1.0000245652529993,0.29661280517593075,0.25,1.3531256646650451,"[2, 2, 2, 2, 3, 2, 0, 0, 3, 0, 0, 2, 0, 3, 1, 0, 2, 1, 0, 1, 1, 3, 3, 3, 0]","[0.25651217228521994, 0.2582769360302487, 0.2693564252318064, 0.28971835127611156, 0.2600334802509581, 0.2545002683560746, 0.25, 0.25, 0.32128476394857086, 0.26285930451086115, 0.26133107898913327, 0.263945802073837, 0.25, 0.38013258865297433, 0.29585599080380626, 0.2629442103814233, 0.30195769639417985, 0.3809695348251142, 0.25, 0.3901038295259907, 0.2518845812308256, 0.26958968261572347, 0.42721246940845814, 0.5068509626069516, 0.25]",0.00658506376458264,0.00658506376458264,0.00269213585848962,0.007593842702520096,0.003626158383610744,0.006268819328089273,0.006649707073693622,3.178411272942185e-05,0.006649707073693622,3.178411272942185e-05,0.002744708932339628,4.0836836311819276e-05,0.008868797346449759
True,9,51,206.58661913871765,500,False,,500,20,10,1024,12000,2,0.05,0.2,0.003,0.003,0.003,0.001,1024,0.2,-0.2579250182502453,0.2453118045172226,-0.22515902200000004,-1.0000000000000004,-0.04340619999999995,9.923333333333334,1.0,0.9333333333333333,-0.3192816398136636,0.5456625654836357,0.25,0.9752181915941571,"[1, 3, 3, 3, 1, 1, 0, 0, 3, 1, 1, 1, 0, 3, 1, 1, 1, 1, 0, 1, 3, 3, 3, 3, 0]","[0.2914770925765443, 0.26885455330625935, 0.3492689737596942, 0.3471615537686186, 0.43650892591127644, 0.3573422838059048, 0.25, 0.25, 0.43559275830663025, 0.7519587517419732, 0.37565625412219544, 0.46948219400910324, 0.25, 0.9661116219551468, 0.951108274744837, 0.4040360158825666, 0.6404965646875763, 0.9784601930551613, 0.25, 0.9992920363476631, 0.6032839899120397, 0.8676224698879392, 0.9230420479532524, 0.9748075813565105, 0.25]",0.011381612453324202,0.013286506214828296,0.009524468807520468,0.005937035263097697,0.003418837977720038,0.009258226665551192,0.011029236973112845,0.00022580466936057388,0.01281761850370862,0.0003047103586987667,0.00894190765297886,0.0003957120560284221,0.007786607120337892
True,11,53,208.7442708015442,500,False,,500,20,10,1024,12000,2,0.1,0.1,0.01,0.003,0.001,0.01,1024,0.4,-0.9999734386011134,2.224156070299059e-16,-0.9999734386011132,-0.9999734386011132,-0.9999734386011132,100.0,0.0,0.0,-1.000007215321377,0.3112934346962609,0.25,1.34380726125772,"[2, 2, 2, 2, 2, 0, 0, 0, 0, 2, 0, 2, 0, 0, 0, 0, 0, 2, 0, 1, 1, 2, 3, 3, 0]","[0.25626616114491724, 0.26074424235685634, 0.2683815783697363, 0.31768512659779163, 0.2783239990728213, 0.26124058653097765, 0.25, 0.25, 0.36974183858560616, 0.2798394692203574, 0.2744948020932267, 0.2695282105930995, 0.25, 0.44323668010751477, 0.3927378540366629, 0.27416529328940265, 0.3294968629204033, 0.5232228667148356, 0.25, 0.45225409387666105, 0.25765832043949183, 0.287161451908282, 0.37798745905911824, 0.3581689704887602, 0.25]",0.00754990381990172,0.00789376499534654,0.0034386117544482064,0.007238268673390079,0.002637782438008496,0.007167896401454202,0.0076223376403075594,4.450765466490098e-05,0.007963721137114162,4.5700225240665894e-05,0.0034138349680660272,1.729744929240291e-05,0.008012505924331585
True,3,45,222.61565279960632,500,False,,500,20,10,1024,12000,3,0.05,0.1,0.01,0.01,0.003,0.01,512,0.3,-0.2620868447265178,0.22995255583516608,-0.22515902200000004,-1.0000000000000004,-0.04340619999999995,10.473333333333333,1.0,0.9633333333333334,-0.3196149126687319,0.38495013432455716,0.25,1.237730741186854,"[1, 2, 2, 2, 2, 1, 0, 0, 0, 1, 1, 2, 0, 3, 1, 1, 1, 2, 0, 1, 3, 3, 3, 3, 0]","[0.2569142222927378, 0.26117633674057583, 0.27022713902971407, 0.3044687146073951, 0.25816726970582965, 0.2571145361942904, 0.25, 0.25, 0.4342503907421202, 0.29209296997176276, 0.2685802955802579, 0.2674429327364696, 0.25, 0.4176399787094189, 0.5378507340228829, 0.28881275258818173, 0.4429241496313095, 0.6632753434576458, 0.25, 0.7607989968666699, 0.3128764155353194, 0.41675375487743194, 0.7362792312609439, 0.926107193562971, 0.25]",0.0062080990657974065,0.006442104495276052,0.0023400542947864507,0.008395503604366378,0.004236462716309332,0.006434846443903732,0.0062673521718325095,4.3145461530884976e-05,0.006497353726346582,4.3295362753478675e-05,0.0023000155451407154,1.8956585216878632e-05,0.007813972969134317
True,8,50,222.88977670669556,500,False,,500,20,10,1024,12000,3,0.05,0.1,0.01,0.01,0.003,0.001,512,0.3,-0.248399348796775,0.27165266591190773,-0.13906557999999997,-1.0000000000000004,-0.04340619999999995,9.413333333333334,1.0,0.9066666666666666,-0.31636831036912055,0.5698591557300001,0.25,0.9647461464730313,"[1, 3, 3, 3, 1, 1, 0, 0, 3, 1, 1, 1, 0, 3, 1, 3, 3, 1, 0, 1, 3, 3, 3, 3, 0]","[0.3265512605420567, 0.32769187546538897, 0.444831816258201, 0.3742792879506424, 0.6053781003547997, 0.4290038665367881, 0.25, 0.25, 0.6604347398282902, 0.8412042763906302, 0.37610507912444463, 0.586182817671265, 0.25, 0.9361232258637554, 0.840638452457213, 0.44389442556571246, 0.6055114531590706, 0.9235573470920908, 0.25, 0.9846961494152332, 0.5990135500555271, 0.8057622409397932, 0.8902250762610984, 0.9953938523180039, 0.25]",0.019429727480404856,0.020762742888221834,0.01333015407816978,0.015163197952614555,0.006979826755018386,0.01238130432420347,0.01937522517406761,0.00012522778744839295,0.02071989024096535,0.00014903085752080214,0.01344665066897741,0.00028859083897489875,0.014138308731606106
True,12,54,225.95848512649536,500,False,,500,20,10,1024,12000,3,0.05,0.05,0.01,0.01,0.001,0.01,512,0.3,-0.9827343134766496,0.0797965152906473,-0.9999734386011132,-1.0000000000000007,-0.13906557999999997,91.55333333333333,0.16666666666666666,0.16333333333333333,-1.0027332840409375,0.3050565061967257,0.25,1.3438411468516522,"[3, 3, 2, 2, 1, 0, 0, 0, 3, 1, 0, 2, 0, 3, 1, 0, 2, 2, 0, 1, 0, 2, 1, 3, 0]","[0.257370691148587, 0.25224396158435525, 0.2535879439800625, 0.2586763943167674, 0.25521390628779994, 0.2631078211854126, 0.25, 0.25, 0.3192084087933156, 0.3196313920263225, 0.2702342792151998, 0.2756230176058127, 0.25, 0.3741445926452532, 0.42995615578355634, 0.26771093563289683, 0.3189203320030841, 0.4393999566511477, 0.25, 0.6782250796664829, 0.2629072622932688, 0.275293884670305, 0.2928895350189974, 0.31206710440951524, 0.25]",0.008262422551805013,0.008457968626421574,0.003910921492331214,0.01330575506218962,0.005495128430406356,0.008172501925599441,0.008275760112287669,3.8932452698391725e-05,0.008468085719202916,3.978274471161704e-05,0.0038465121383049667,4.3103094521085285e-05,0.010533093187565568
True,18,60,240.7000288963318,500,False,,500,20,10,1024,12000,3,0.02,0.1,0.003,0.003,0.001,0.01,1024,0.4,-0.9788282685814444,0.06694799358805104,-0.9999734386011132,-1.0000000000000007,-0.5424641509007802,78.40333333333334,0.5033333333333333,0.4766666666666667,-0.9956041446544476,0.3110488222641063,0.25,1.3454561356612365,"[2, 1, 0, 3, 1, 0, 0, 0, 3, 1, 2, 2, 0, 3, 1, 1, 2, 1, 0, 1, 3, 1, 3, 3, 0]","[0.25488642383764437, 0.25503960641746726, 0.2590487960868075, 0.2702546021368106, 0.2726257189627818, 0.25718973299876813, 0.25, 0.25, 0.2975434507161737, 0.357293959861795, 0.25264132451572785, 0.2689069430676437, 0.25, 0.355385957828163, 0.5021540973224797, 0.26160867403780924, 0.2903295418307475, 0.35073753790239554, 0.25, 0.6327262937172866, 0.2572225558393484, 0.2778661923650674, 0.2998046507939836, 0.5529544963637569, 0.25]",0.010040086665479318,0.010331235766363779,0.002911491008844613,0.004333354679802249,0.001397376959225908,0.006842349121171139,0.010147148031840903,6.941197065187531e-05,0.010439864598267633,7.099274141133845e-05,0.002927165664267307,1.657225456127588e-05,0.008977908922926651
True,2,44,241.9176149368286,500,False,,500,20,10,1024,12000,3,0.05,0.05,0.01,0.01,0.001,0.01,1024,0.3,-0.26445765020220324,0.25190423170011006,-0.22515902200000004,-1.0000000000000004,-0.04340619999999995,10.006666666666666,1.0,0.9266666666666666,-0.3274732719121377,0.33401317357493937,0.25,1.3099815071838719,"[3, 3, 3, 3, 1, 0, 0, 0, 3, 1, 0, 2, 0, 3, 1, 0, 2, 2, 0, 1, 0, 2, 2, 2, 0]","[0.26128633121890404, 0.2577232839995269, 0.25352757353670863, 0.2747113246350541, 0.29036609960013504, 0.2737853457260342, 0.25, 0.25, 0.3747028951182449, 0.37716594176378604, 0.29826762805535206, 0.28853248121817593, 0.25, 0.44166638845129863, 0.652352779634794, 0.2753898104709218, 0.3222887080201061, 0.4426423790017302, 0.25, 0.8190145812554891, 0.26092102916779863, 0.2926794894224648, 0.34298882325603647, 0.30031644582092365, 0.25]",0.008241184553436661,0.00840904995389141,0.0033573080090949776,0.00530095664660031,0.0017960261499099124,0.008627216285616517,0.008320791173013943,4.4562414052016406e-05,0.008491017957307546,4.563804328788972e-05,0.003404535685872127,3.7947453922975225e-05,0.009259787783701942
True,5,47,244.05488061904907,500,False,,500,20,10,1024,12000,3,0.05,0.05,0.01,0.003,0.003,0.01,1024,0.3,-0.22018792250336253,0.20997623891485406,-0.22515902200000004,-1.0000000000000004,-0.04340619999999995,9.703333333333333,1.0,0.96,-0.2727265220110141,0.482381375827834,0.25,1.086216872987002,"[3, 3, 3, 3, 1, 1, 0, 0, 3, 1, 1, 1, 0, 3, 1, 1, 1, 1, 0, 1, 3, 3, 3, 3, 0]","[0.26422269890317945, 0.29663262598823675, 0.3641852262876207, 0.3411461966272221, 0.42064167236900163, 0.27963507286520095, 0.25, 0.25, 0.5070271571831799, 0.7833489143175179, 0.29302103904678045, 0.29302098336561994, 0.25, 0.9080251844388103, 0.8694503743797452, 0.3308125080261903, 0.43157316858007094, 0.4988616234827174, 0.25, 0.9910303361252137, 0.37784164635573814, 0.6994170473612991, 0.8832874960548411, 0.9763534239376637, 0.25]",0.015999024213264497,0.016395529416197856,0.007930104058667184,0.01059560635394511,0.004368128667807554,0.010884348461438568,0.015942333601852408,5.470185772712685e-05,0.016341536932627732,5.573196886913568e-05,0.007984066615506508,0.00010273418456101988,0.010479390688729303
True,24,66,89.49927639961243,500,False,,500,20,10,1024,12000,1,0.08,0.1,0.03,0.003,0.03,0.0001,512,0.15,-0.9962360956830856,0.028968730582617112,-1.0000000000000004,-1.0000000000000009,-0.629395962229632,57.266666666666666,0.8133333333333334,0.08,-1.0249032612191473,0.8499987695546782,0.25,0.27727289331993255,"[1, 1, 1, 1, 1, 2, 0, 0, 1, 1, 2, 3, 0, 1, 2, 3, 3, 3, 0, 1, 2, 1, 3, 3, 0]","[1.0, 1.0, 1.0, 1.0, 1.0, 1.0, 0.25, 0.25, 1.0, 1.0, 1.0, 1.0, 0.25, 1.0, 1.0, 1.0, 1.0, 1.0, 0.25, 1.0, 0.9999692606507274, 1.0, 0.9999999782162285, 1.0, 0.25]",-1281.641666885193,614.8272771951828,18964.689440803755,7.233181578740505,32.66411281540717,27.108329105756987,-1254.1516300670603,15.540026844418168,607.646690491012,6.459473192853085,18617.98320558072,201.7347538297061,24.170064837318247
True,23,65,98.9696307182312,500,False,,500,20,10,1024,12000,1,0.05,0.1,0.003,0.003,0.003,0.001,512,0.3,-0.2549686928940497,0.25429737246099865,-0.22515902200000004,-1.0000000000000004,-0.04340619999999995,9.826666666666666,1.0,0.9266666666666666,-0.31857468166003844,0.43414356350748357,0.25,1.1456476995602238,"[1, 3, 3, 3, 1, 1, 0, 0, 3, 1, 1, 1, 0, 3, 1, 1, 1, 1, 0, 1, 3, 3, 3, 3, 0]","[0.2561268195686484, 0.2677554831319536, 0.2888632435993046, 0.2784902164257131, 0.3228076562123482, 0.2755062639986668, 0.25, 0.25, 0.3278068265531114, 0.46242586422946197, 0.2893071942948526, 0.27913876798018156, 0.25, 0.6317474964995899, 0.8388316146540958, 0.32712501070030825, 0.4476535219566508, 0.46136854810212397, 0.25, 0.9825406254723081, 0.34884922169676624, 0.5816652227399566, 0.9386063894930924, 0.9969731003779548, 0.25]",0.0037414122107018648,0.004026573902039343,0.0028516169133747803,0.007576789988409751,0.0022910130899502484,0.0031365952719979895,0.003760319383037702,1.5229617561194795e-05,0.004046967325455741,1.606615792575523e-05,0.002866479424180385,1.026541620434212e-05,0.0038386598571955827
True,26,68,93.3323609828949,500,False,,500,20,10,1024,12000,1,0.02,0.0,0.01,0.01,0.03,0.001,256,0.4,-0.22960457281683858,0.23199025534494236,-0.13906557999999997,-1.0000000000000004,-0.04340619999999995,9.656666666666666,1.0,0.9433333333333334,-0.28771287451235256,0.8049598017725365,0.25,0.41530506377659576,"[1, 3, 3, 3, 1, 1, 0, 0, 3, 1, 1, 1, 0, 3, 1, 1, 1, 1, 0, 1, 3, 3, 3, 3, 0]","[0.7826995540677171, 0.9537662991398833, 0.9724547692016858, 0.8935761000144893, 0.9884645355663209, 0.9637365100709858, 0.25, 0.25, 0.9729774918254963, 0.9970231025129966, 0.7202824031896955, 0.9850596857307844, 0.25, 0.9999998524244447, 0.9995067679010103, 0.6758968579651529, 0.9841274606922849, 0.999987427969279, 0.25, 0.9999999890650778, 0.9885660895122368, 0.9973612947313851, 0.9985088527324817, 1.0, 0.25]",0.014365061321362586,0.014365061321362586,0.01013141695685874,0.009902722144726747,0.0036474834082311533,0.013540871898435803,0.014337976912346475,0.00010974028011926069,0.014337976912346475,0.00010974028011926069,0.009998282700358824,0.0001419351963527944,0.0141604338671478
True,27,69,95.00803470611572,500,False,,500,20,10,1024,12000,1,0.05,0.1,0.01,0.01,0.01,0.001,256,0.3,-0.2618727417132035,0.26091412656772844,-0.22515902200000004,-1.0000000000000004,-0.04340619999999995,9.833333333333334,1.0,0.92,-0.32717497411416074,0.5601398191590217,0.25,0.9423912655464164,"[3, 3, 3, 1, 1, 1, 0, 0, 3, 1, 1, 1, 0, 3, 1, 1, 1, 1, 0, 1, 3, 3, 3, 3, 0]","[0.2950303738674866, 0.38796824867507945, 0.5138558937233906, 0.40985946014905333, 0.6637336770924139, 0.3374794891643763, 0.25, 0.25, 0.4507103401384365, 0.88884559020565, 0.3615093419544966, 0.4412399394283853, 0.25, 0.9232888065102063, 0.9559994510691783, 0.3725957030410705, 0.45821742572530855, 0.9803642257336916, 0.25, 0.9999270744113881, 0.5260634722808101, 0.845472468998125, 0.9416500752151593, 0.9996844215918335, 0.25]",0.004953389307142146,0.005427981770069494,0.00474592462927349,0.008619691275930845,0.0033625151857846593,0.004393200689995394,0.005002842589278521,3.341450410301396e-05,0.005488927322163714,3.989197337262515e-05,0.004860847328851936,8.369601446535839e-05,0.0058676275187992235
True,35,77,62.21538758277893,500,False,,500,20,10,1024,12000,1,0.08,0.2,0.03,0.01,0.003,0.0001,512,0.15,-0.9999734386011134,2.224156070299059e-16,-0.9999734386011132,-0.9999734386011132,-0.9999734386011132,100.0,0.0,0.0,-1.0247874549302771,0.85,0.25,0.27725887229029256,"[0, 2, 2, 2, 2, 0, 0, 0, 0, 2, 0, 2, 0, 0, 0, 0, 0, 2, 0, 0, 3, 2, 2, 2, 0]","[1.0, 1.0, 1.0, 1.0, 1.0, 1.0, 0.25, 0.25, 1.0, 1.0, 1.0, 1.0, 0.25, 1.0, 1.0, 1.0, 1.0, 1.0, 0.25, 1.0, 1.0, 1.0, 1.0, 1.0, 0.25]",-2130.075538918239,530.2943752177254,13301.84957067982,22.746026729616435,73.27483918029053,12.240086436259608,-2094.2733366846446,20.87734397728411,522.1307653444553,4.768838950141191,13082.020510145498,128.227991446747,13.898361443290423
True,28,70,190.5490584373474,500,False,,500,20,10,1024,12000,2,0.02,0.0,0.003,0.003,0.001,0.001,512,0.4,-0.253326895225692,0.22370977683853369,-0.22515902200000004,-1.0000000000000004,-0.04340619999999995,10.03,1.0,0.95,-0.3093127796146106,0.4531391053772771,0.25,1.1154542094503064,"[3, 3, 3, 1, 1, 0, 0, 0, 3, 1, 3, 2, 0, 3, 1, 1, 1, 1, 0, 1, 3, 3, 3, 3, 0]","[0.2867377610016042, 0.3131736599200288, 0.39267124951956434, 0.3646682536045205, 0.455190319654478, 0.26685479079995994, 0.25, 0.25, 0.42123055137446375, 0.7759519285382346, 0.25457417606867133, 0.26412458451800797, 0.25, 0.8631120528438656, 0.9459967362317645, 0.26646122596032656, 0.29109322855617775, 0.5784983389815064, 0.25, 0.9999846277321014, 0.28323342316629374, 0.3609796443737986, 0.710160584612082, 0.9837804969744772, 0.25]",0.01424980042248068,0.01424980042248068,0.005136852312605501,0.007895468302917642,0.0021590075151316874,0.01192560770324181,0.014268109145413845,0.000124678468071966,0.014268109145413845,0.000124678468071966,0.005204473091852038,3.590442226325024e-05,0.012534383002037224
True,38,80,101.13543725013733,500,False,,500,20,10,1024,12000,1,0.01,0.1,0.03,0.01,0.003,0.0001,128,0.25,-0.9999735271391095,1.533523079772755e-06,-0.9999734386011132,-1.0000000000000007,-0.9999734386011132,99.88666666666667,0.0033333333333333335,0.0,-1.0020897006940808,0.47450395319016336,0.25,1.1108148119492072,"[2, 2, 2, 2, 1, 0, 0, 0, 1, 1, 0, 2, 0, 1, 1, 0, 3, 3, 0, 1, 0, 3, 3, 3, 0]","[0.3775235441429147, 0.520232407656925, 0.5235296146219014, 0.3977237166547648, 0.41667545966905545, 0.4916675808283769, 0.25, 0.25, 0.4708323060985556, 0.29583439341667617, 0.6273718533272231, 0.31017177017123126, 0.25, 0.8195110488494688, 0.6602666869756445, 0.3945389977588838, 0.5604621496452351, 0.7894984300139638, 0.25, 0.880815198021779, 0.3501691058530332, 0.4336738235307328, 0.48277003851620787, 0.8093307040015096, 0.25]",5.113839214559429,10.791923734319608,56.780845197601785,1.1919566055073756,1.5990361828258333,0.44874091888154255,6.292966219821463,0.6922089845901679,11.379852425405884,0.3574580093748676,50.86886205584419,3.350113952378179,0.36818467126184395
True,30,72,180.5129415988922,500,False,,500,20,10,1024,12000,2,0.02,0.2,0.03,0.01,0.001,0.01,512,0.3,-0.26625267776187217,0.2623787539452488,-0.22515902200000004,-1.0000000000000004,-0.04340619999999995,10.326666666666666,1.0,0.9333333333333333,-0.33192459945679803,0.333496358254312,0.25,1.3256080765105367,"[3, 3, 3, 3, 1, 3, 0, 0, 3, 1, 1, 3, 0, 3, 1, 1, 1, 1, 0, 1, 3, 3, 3, 3, 0]","[0.2568945454098268, 0.25962450097128503, 0.2673588042964361, 0.2722733051271952, 0.2883534691320491, 0.2518480299449852, 0.25, 0.25, 0.3144457210005825, 0.3835535713168431, 0.25680506505093575, 0.25123525907706684, 0.25, 0.38539254000096873, 0.5735175550569057, 0.26497807518195665, 0.2882879484533553, 0.35565595826012925, 0.25, 0.7472027780945263, 0.27145182979085913, 0.32749536987536215, 0.39535915910617464, 0.6756754712103562, 0.25]",-6.313863821893681e-05,0.02028024485553404,0.10171691746876488,0.03255622854693069,0.1100037193399614,0.019684588259240462,0.010579823536065907,0.012398822552150942,0.025615521503026737,0.005687423580104827,0.07517848983480413,0.04243270702456013,0.021340655244836162
True,31,73,200.0690975189209,500,False,,500,20,10,1024,12000,2,0.1,0.0,0.003,0.003,0.01,0.01,1024,0.2,-0.9980342370588495,0.029448571865223146,-0.9999734386011132,-0.9999734386011132,-0.4916268343342001,98.5,0.04666666666666667,0.04666666666666667,-1.0054184566300153,0.35532962530949846,0.25,1.248158520964804,"[3, 0, 1, 2, 0, 0, 0, 0, 0, 1, 0, 2, 0, 0, 1, 0, 0, 2, 0, 1, 0, 2, 2, 2, 0]","[0.2554280012957302, 0.2512716163394897, 0.2528573024563826, 0.26197512016795904, 0.25613097219701747, 0.262981791239859, 0.25, 0.25, 0.3032218390876688, 0.2796715735466485, 0.28118765252829014, 0.28076122103894546, 0.25, 0.3757949557839399, 0.5139433604350283, 0.29165722317692006, 0.32673172607380924, 0.4820680958890702, 0.25, 0.9654949929948673, 0.27276136759399094, 0.3402638315802965, 0.4671301126805406, 0.9119078766310066, 0.25]",0.0027277493126374786,0.0027277493126374786,0.0018748090508987178,0.0032757870981334324,0.0014348843555610656,0.003914031879214935,0.0027483566880525455,1.597274067240276e-05,0.0027483566880525455,1.597274067240276e-05,0.0018818126539213748,3.1442412091397687e-06,0.004073050278683167
True,21,63,245.93780708312988,500,False,,500,20,10,1024,12000,3,0.05,0.1,0.003,0.003,0.001,0.001,1024,0.4,-0.2508787194744114,0.25965695932069943,-0.22515902200000004,-1.0000000000000004,-0.04340619999999995,9.783333333333333,1.0,0.9266666666666666,-0.3158211252089644,0.44425119757116915,0.25,1.1350894077512192,"[1, 2, 2, 3, 1, 1, 0, 0, 3, 1, 1, 1, 0, 3, 1, 1, 1, 1, 0, 1, 3, 3, 3, 3, 0]","[0.26085172481152, 0.2541211365652223, 0.2521833917142893, 0.26368446943584933, 0.3038339555426857, 0.27208149418901606, 0.25, 0.25, 0.31310703558368913, 0.4910451158789815, 0.28481777093675237, 0.2923384570702823, 0.25, 0.8168278992243275, 0.7596921989404778, 0.3008568611144096, 0.4005490181628804, 0.8721668415165515, 0.25, 0.9961887092446081, 0.37443281214374385, 0.5701155815999545, 0.80853017686947, 0.9688552887345175, 0.25]",0.01057500455651816,0.011176460385009,0.006014558284908384,0.008657168999997428,0.003972870067968361,0.008203696712687628,0.010623587045495644,3.440693595771855e-05,0.01121585485935098,3.8351517543670266e-05,0.0059226781385533535,0.00010272430527785039,0.007836143880409837
True,33,75,211.51379919052124,500,False,,500,20,10,1024,12000,2,0.05,0.0,0.03,0.01,0.001,0.01,1024,0.4,-0.9999263961358418,0.0008147993996332918,-0.9999734386011132,-0.9999734386011132,-0.9858606990196984,99.82666666666667,0.0033333333333333335,0.0033333333333333335,-1.0001629438860151,0.2935108326628887,0.25,1.3610547347179878,"[0, 2, 2, 2, 2, 0, 0, 0, 3, 1, 0, 2, 0, 3, 1, 0, 0, 2, 0, 1, 0, 2, 2, 3, 0]","[0.25229090776680474, 0.25444405559287786, 0.2610844470571021, 0.2682876577875404, 0.25225976249533943, 0.2555697193156579, 0.25, 0.25, 0.2781051547536043, 0.26926987671591135, 0.2633345830949279, 0.2612207499602856, 0.25, 0.3749739547269682, 0.36487162728673744, 0.2639790050530705, 0.28712136172522373, 0.3316303340057062, 0.25, 0.5764946955487961, 0.25887329829899774, 0.27681753123485636, 0.26264390778992924, 0.47449818636187957, 0.25]",0.006364672098969612,0.006364672098969612,0.002238397624121132,0.0066596116007377575,0.0025745709624973015,0.005499473840763844,0.006207902756291171,0.0001456318535317943,0.006207902756291171,0.0001456318535317943,0.0020281835274681415,0.0001635409423886593,0.006926679757217729
True,36,78,170.59535932540894,500,False,,500,20,10,1024,12000,2,0.05,0.1,0.03,0.003,0.01,0.001,1024,0.3,-0.9999734386011134,2.224156070299059e-16,-0.9999734386011132,-0.9999734386011132,-0.9999734386011132,100.0,0.0,0.0,-1.0023557046977887,0.85,0.25,0.27725887229029256,"[3, 2, 2, 2, 2, 0, 0, 0, 0, 0, 0, 2, 0, 0, 1, 0, 0, 2, 0, 1, 0, 0, 2, 3, 0]","[1.0, 1.0, 1.0, 1.0, 1.0, 1.0, 0.25, 0.25, 1.0, 1.0, 1.0, 1.0, 0.25, 1.0, 1.0, 1.0, 1.0, 1.0, 0.25, 1.0, 1.0, 1.0, 1.0, 1.0, 0.25]",19.991010279045803,25.17906641753169,51.88056138485886,0.8731466155009003,5.609139979460596,1.6966293704134048,23.58451949577347,2.0798566490361523,27.737315947181564,1.5298470626184426,41.52796451408095,5.514990808769261,1.942694484509899
True,37,79,193.1497724056244,500,False,,500,20,10,1024,12000,2,0.08,0.2,0.003,0.01,0.003,0.01,256,0.4,-0.9998493005397313,0.0011767655281348863,-0.9999734386011132,-0.9999734386011132,-0.9858606990196984,99.30666666666667,0.02,0.02,-1.0002096175241566,0.3525161723760506,0.25,1.283914871831636,"[2, 2, 2, 2, 2, 2, 0, 0, 0, 0, 0, 2, 0, 3, 0, 0, 1, 2, 0, 1, 2, 3, 3, 3, 0]","[0.2549023861683, 0.2680126967881988, 0.2825789674178831, 0.3403642737948918, 0.28874613715181496, 0.25628571610963485, 0.25, 0.25, 0.4000277707569254, 0.3174449475802593, 0.2648796057133974, 0.2674298705790148, 0.25, 0.47816939440787193, 0.32154173554999904, 0.2717776788243296, 0.3207790938361613, 0.7307467320922868, 0.25, 0.5225493017396247, 0.2556894982660386, 0.28258552240087176, 0.578583586667131, 0.859809393556631, 0.25]",0.0052283047710666945,0.0058471256257089455,0.0030941042732112547,0.013641527615036557,0.004640596777886428,0.012515253055388753,0.00525468275804267,2.699070488242131e-05,0.0058691590848516766,2.673536764456079e-05,0.0030723816340450273,3.556361323060654e-05,0.009260323693692417
True,19,61,408.90303444862366,500,False,,500,20,10,1024,12000,3,0.08,0.2,0.01,0.003,0.01,0.01,,0.4,-0.20796159103061226,0.20136396224333872,-0.13906557999999997,-1.0000000000000004,-0.04340619999999995,9.593333333333334,1.0,0.9633333333333334,-0.25833258776805085,0.4398682373157973,0.25,1.1592704739413071,"[3, 3, 3, 3, 1, 1, 0, 0, 3, 1, 1, 1, 0, 3, 1, 1, 1, 1, 0, 1, 3, 3, 3, 3, 0]","[0.25536914268382427, 0.2718953212773925, 0.29569229582518597, 0.2896638787010118, 0.3724730959736415, 0.258272501086281, 0.25, 0.25, 0.37802250754177713, 0.6166744770144429, 0.27896364073650404, 0.2687564142900953, 0.25, 0.7481334438101895, 0.7641004354874367, 0.2929136441501388, 0.3696881845070296, 0.8219247472577945, 0.25, 0.9631437066618661, 0.35012767253810867, 0.5034525769507021, 0.7630475656085873, 0.8843906807929203, 0.25]",0.0053550683857143625,0.0073556245572147004,0.010002780857501689,0.007699273467823513,0.034857363875483036,0.003934347569952039,0.006247360465846848,0.000596802425751008,0.007811943174559907,0.0003068763847431634,0.0078229135435653,0.0018649387571557138,0.003937433358008259
True,44,86,96.14149641990662,500,False,,500,20,10,1024,12000,1,0.02,0.05,0.003,0.01,0.003,0.01,256,0.15,-0.25026021668087084,0.2581986167687361,-0.13906557999999997,-1.0000000000000004,-0.04340619999999995,9.773333333333333,1.0,0.9233333333333333,-0.314872500740729,0.3566489299210969,0.25,1.300753010707787,"[1, 3, 3, 3, 1, 1, 0, 0, 3, 1, 1, 1, 0, 3, 1, 1, 1, 1, 0, 1, 3, 3, 3, 3, 0]","[0.2575030541012466, 0.27234301972162933, 0.2923927363120691, 0.29098901144994177, 0.30582139240416406, 0.2732791738430763, 0.25, 0.25, 0.3131724023262918, 0.4146009023931383, 0.2712022906676534, 0.25861449647089857, 0.25, 0.46757232483768263, 0.6153568361743621, 0.2785475913705903, 0.2929598175791427, 0.4121551865615255, 0.25, 0.6826338137529564, 0.27857119558909416, 0.34406196839472525, 0.5493825999729842, 0.79506343410425, 0.25]",0.004998348691026233,0.0050594448452168815,0.0012219230838129592,0.010405507475674798,0.002402598591500304,0.006287914159433898,0.004922807653209478,4.940238868151625e-05,0.004985257363062842,4.9520113563414206e-05,0.0012489941970672764,1.7491388819541023e-05,0.006426384410754892
True,25,67,399.7402002811432,500,False,,500,20,10,1024,12000,3,0.08,0.2,0.01,0.003,0.003,0.001,,0.3,-0.24740383615916897,0.25647773963996595,-0.22515902200000004,-1.0000000000000004,-0.04340619999999995,9.77,1.0,0.93,-0.3115701898517579,0.41803355719896246,0.25,1.1791584140686389,"[1, 2, 2, 2, 0, 1, 0, 0, 3, 0, 1, 1, 0, 3, 1, 1, 1, 1, 0, 1, 3, 3, 3, 3, 0]","[0.2731025373004184, 0.26311196216230676, 0.27240880941087053, 0.28206617000797024, 0.2525550964078216, 0.28559122132823617, 0.25, 0.25, 0.33479467035789967, 0.273206251101453, 0.2923523370403557, 0.310085965766732, 0.25, 0.7241493697364259, 0.4812054486594614, 0.3004809408295352, 0.39068830049589365, 0.7605601630158991, 0.25, 0.9923649888894064, 0.3897850192671088, 0.6067893905192956, 0.7498059267938851, 0.9657343608830863, 0.25]",0.006282820570558085,0.0092637428683142,0.014904611488780573,0.004215110662501677,0.051736531601610306,0.004551347338035828,0.006961250777058424,0.0011263994253629752,0.009240128052666352,0.0006039835524592992,0.011394386378039644,0.003311525784823023,0.004135256592075059
True,41,83,191.39653825759888,500,False,,500,20,10,1024,12000,2,0.02,0.1,0.01,0.003,0.003,0.01,512,0.3,-0.26586436367666283,0.25376472036800185,-0.22515902200000004,-1.0000000000000004,-0.04340619999999995,10.2,1.0,0.9333333333333333,-0.3293699129308325,0.46550504385392366,0.25,1.1301557029621951,"[1, 2, 3, 1, 1, 1, 0, 0, 3, 1, 1, 1, 0, 3, 1, 1, 1, 1, 0, 1, 3, 3, 3, 3, 0]","[0.31667307627501917, 0.2741156320335183, 0.27066523861014535, 0.2623992082873703, 0.28800599163434304, 0.37818936007733317, 0.25, 0.25, 0.2863350054016327, 0.3559398683941749, 0.371293363645149, 0.405554519614988, 0.25, 0.528655157599149, 0.7571688754152709, 0.3636206023711596, 0.5804042521313131, 0.9577496216900403, 0.25, 0.7516519874264478, 0.5218856313532256, 0.8149290229161635, 0.9362124876821978, 0.9661771937894497, 0.25]",0.017144246233258418,0.017891435965527717,0.0074718973226929955,0.015956022208381878,0.005624534506716234,0.01171079610504725,0.017045240157218387,0.00015593215701594943,0.01774918895449997,0.00016632742114468268,0.007039487972815831,0.00022126064533630334,0.013809904913979196
True,43,85,174.8649125099182,500,False,,500,20,10,1024,12000,2,0.05,0.05,0.01,0.01,0.01,0.01,256,0.3,-0.2609544972459113,0.25641538463513897,-0.22515902200000004,-1.0000000000000004,-0.04340619999999995,9.856666666666667,1.0,0.9233333333333333,-0.3251464520167971,0.606623531739059,0.25,0.9002011179692013,"[1, 3, 3, 3, 1, 1, 0, 0, 3, 1, 1, 1, 0, 3, 1, 1, 1, 1, 0, 1, 3, 3, 3, 3, 0]","[0.4685675062100119, 0.3316412229858436, 0.47991548420215474, 0.42280300065093257, 0.7051548945321194, 0.5211656491245737, 0.25, 0.25, 0.6734714309112038, 0.8768069425070895, 0.47635372336230963, 0.5743965051504962, 0.25, 0.9021115553621052, 0.9362057205542289, 0.4078212163011786, 0.5790397093337842, 0.9685245010038502, 0.25, 0.9840276454339603, 0.768849097457716, 0.8809992007345785, 0.9606572381252914, 0.9970760495330454, 0.25]",0.017072776855915354,0.017685440705290743,0.012253276987507755,0.013059571298205773,0.010555168614279214,0.020568677533699547,0.01720583389800404,6.802627232893916e-05,0.017830475755239893,7.226936957948676e-05,0.01249283714471708,0.0001464484976911312,0.01596047927482158
True,32,74,374.97252106666565,500,False,,500,20,10,1024,12000,3,0.08,0.2,0.003,0.01,0.003,0.001,,0.2,-0.25656254771347664,0.25869356167119445,-0.182112301,-1.0000000000000004,-0.04340619999999995,9.866666666666667,1.0,0.9266666666666666,-0.32123690484630707,0.3950682124207067,0.25,1.2092834476585963,"[1, 2, 0, 3, 1, 1, 0, 0, 3, 1, 1, 1, 0, 3, 1, 1, 1, 1, 0, 1, 3, 3, 3, 3, 0]","[0.2607147354777224, 0.2550982122357482, 0.25096756418863364, 0.2630777483054881, 0.25755478243678537, 0.2665452132790796, 0.25, 0.25, 0.31326216246189176, 0.3255570454746766, 0.2771182918762228, 0.2866930326241031, 0.25, 0.45705796678567345, 0.500904297943473, 0.29421273740937837, 0.4262765915853398, 0.5788547570365699, 0.25, 0.9722604877775131, 0.3739161139923433, 0.490985782065363, 0.8262083630825867, 0.9494394244790761, 0.25]",0.007612319694173083,0.009095614501446211,0.00741647403636564,0.00013898708239948286,0.00020580696975590514,0.0018830737149825294,0.007687146663390949,5.015598073662291e-05,0.009181446493244509,5.7508452375796015e-05,0.007471499149267798,3.679023577550276e-05,0.0019591730442659063
True,42,84,217.0555021762848,500,False,,500,20,10,1024,12000,3,0.05,0.05,0.003,0.01,0.001,0.01,1024,0.4,-0.9146455528415913,0.15669749715202966,-0.9939134945556598,-1.0000000000000009,-0.13906557999999997,57.43666666666667,0.7533333333333333,0.7066666666666667,-0.9538608966018189,0.3356284878717078,0.25,1.3091533719337378,"[3, 1, 0, 3, 1, 0, 0, 0, 3, 1, 0, 2, 0, 3, 1, 1, 1, 1, 0, 1, 3, 3, 3, 3, 0]","[0.25247109814128693, 0.2505758398381428, 0.25189996229297146, 0.2737343674883141, 0.2712632663598276, 0.25450409375957983, 0.25, 0.25, 0.3109835122888554, 0.3504559608145452, 0.257114120103852, 0.2573724186091508, 0.25, 0.5169337368911937, 0.5464384079027051, 0.2690959040542234, 0.3221048313301444, 0.44980676533090114, 0.25, 0.36197198141159365, 0.2662346566794322, 0.3310153981251561, 0.5184271798270939, 0.8283086955437243, 0.25]",0.012149764944020928,0.012420875355041588,0.005422208220413215,0.0056500547597085225,0.002432065959138184,0.010500880083035204,0.012025025155163517,7.484466483558436e-05,0.012297585000731564,7.597844758087243e-05,0.005451196911360957,4.088556760778579e-05,0.01120039329463512
True,39,81,280.83693838119507,800,False,,800,25,15,2000,12000,1,0.01,0.1,0.003,0.01,0.01,0.0001,128,0.4,-0.2526335932079073,0.23822862646239157,-0.22515902200000004,-1.0000000000000004,-0.04340619999999995,9.96,1.0,0.94,-0.31252423880823,0.8066113984977793,0.25,0.35765761463432055,"[3, 3, 3, 3, 1, 1, 0, 0, 3, 1, 1, 1, 0, 3, 1, 3, 1, 1, 0, 1, 3, 3, 3, 3, 0]","[0.9910268031726396, 0.9997227099355402, 0.9997862056264973, 0.5850651396003296, 0.9999902263326365, 0.9990211797862937, 0.25, 0.25, 0.9977842848453867, 0.9999978200841418, 0.7479446441429829, 0.9999015337828683, 0.25, 1.0, 0.9999999332606915, 0.5954539673390888, 0.999671825573122, 1.0, 0.25, 1.0, 0.9999570050410297, 0.9999623479138139, 0.9999993360074212, 1.0, 0.25]",0.025914807203705453,0.027609323036843533,0.0169451583313808,0.020034119722030064,0.00818651364768477,0.036619157237700276,0.02598848629608076,7.794442702340425e-05,0.027675861330250948,7.9575609827343e-05,0.016873750341701844,0.0001818154783547602,0.02314806794787346
True,20,62,580.9046003818512,800,False,,800,25,15,2000,12000,2,0.02,0.2,0.003,0.01,0.001,0.01,1024,0.3,-0.234087190941925,0.23694610573271102,-0.22515902200000004,-1.0000000000000004,-0.04340619999999995,9.663333333333334,1.0,0.94,-0.2933626888656499,0.41959223298914183,0.25,1.202382662138759,"[1, 2, 3, 3, 1, 1, 0, 0, 3, 1, 1, 1, 0, 3, 1, 1, 1, 1, 0, 1, 3, 3, 3, 3, 0]","[0.27580621714435083, 0.25456426853479014, 0.2615037705344049, 0.27766429563493605, 0.2942250679256065, 0.3088833487052128, 0.25, 0.25, 0.3169594131667171, 0.4015663126117506, 0.3075758319698945, 0.3118820757591573, 0.25, 0.46291898797149456, 0.6561755158027679, 0.30677429912494836, 0.4042376315888619, 0.7186078494376517, 0.25, 0.8711088920608935, 0.36873694874462704, 0.6298899904359068, 0.84748604507968, 0.963239062494892, 0.25]",0.014883397707853597,0.016202103733780962,0.006593530129636825,0.008292552678709075,0.002451873054144974,0.012075954017497406,0.015047458609858651,9.371408569073851e-05,0.016344462588564243,8.761891224664601e-05,0.006485019893527935,3.903930973566296e-05,0.010193715339345724
True,22,64,533.8760514259338,800,False,,800,25,15,2000,12000,2,0.05,0.2,0.003,0.003,0.003,0.001,1024,0.2,-0.20313269480736373,0.21019804092016856,-0.13906557999999997,-1.0000000000000004,-0.04340619999999995,9.513333333333334,1.0,0.9633333333333334,-0.25572074717478144,0.6308301117278209,0.25,0.816596485709581,"[3, 3, 3, 1, 1, 1, 0, 0, 3, 1, 1, 1, 0, 3, 1, 3, 1, 1, 0, 1, 3, 3, 3, 3, 0]","[0.37332603481359733, 0.5752387241931511, 0.6780326957545271, 0.4800813962631099, 0.7785364179185316, 0.473378347050105, 0.25, 0.25, 0.488271151326312, 0.9330188929385719, 0.43864695715525936, 0.7018278974725181, 0.25, 0.9916663066070376, 0.9728203315813684, 0.44532873529493366, 0.552170311919897, 0.9808225116367327, 0.25, 0.9784747557096833, 0.7796006682098395, 0.9390673702985358, 0.9621043797141259, 0.9983389073376844, 0.25]",0.023758365733820674,0.02907485190484932,0.02658243085514323,0.012112483050959447,0.005312185517525758,0.007214980788753393,0.023616834667061083,0.00030340396373625995,0.02891015959115993,0.0003717743201952797,0.026466624620494265,0.00034356524896658855,0.0070610425513848996
True,34,76,478.4769687652588,800,False,,800,25,15,2000,12000,2,0.05,0.1,0.01,0.01,0.003,0.001,512,0.3,-0.24963411111371978,0.25077600531671246,-0.22515902200000004,-1.0000000000000004,-0.04340619999999995,9.743333333333334,1.0,0.93,-0.3123907096193827,0.6362305383793602,0.25,0.8269478580893125,"[3, 3, 3, 1, 1, 1, 0, 0, 3, 1, 1, 1, 0, 3, 1, 3, 1, 1, 0, 1, 3, 3, 3, 3, 0]","[0.4252631227674108, 0.5663616152609778, 0.6807435861443197, 0.4620408001926996, 0.7686803717548286, 0.49816960172040664, 0.25, 0.25, 0.5817726532474023, 0.9378714208176588, 0.5114832288608593, 0.6478897085554612, 0.25, 0.9830220128561633, 0.9639964120455783, 0.43719066157046643, 0.6116424487382467, 0.9712778964134614, 0.25, 0.9992507647964175, 0.7470428048165181, 0.9103511123514318, 0.9549321601932999, 0.9967810763803963, 0.25]",0.024429913840279188,0.026757616838162832,0.023277029978836457,0.012103108747017952,0.0072949244201881945,0.010728336642923447,0.02446847010146983,6.003621178793762e-05,0.02679827240687725,7.184207051959203e-05,0.02329802305407406,0.00016244213815277465,0.011108354527749657
True,45,87,288.5621211528778,500,False,,500,20,10,1024,12000,3,0.08,0.2,0.01,0.01,0.003,0.001,,0.2,-0.2633829038106962,0.2517331843065192,-0.22515902200000004,-1.0000000000000004,-0.04340619999999995,9.936666666666667,1.0,0.9266666666666666,-0.3263204961545791,0.3848534037435205,0.25,1.22694084723387,"[1, 2, 2, 2, 2, 1, 0, 0, 0, 0, 1, 1, 0, 0, 0, 1, 1, 1, 0, 0, 3, 3, 3, 3, 0]","[0.2646276531554727, 0.2610870084044634, 0.27420565321373336, 0.29410464112600043, 0.2710667968021984, 0.26851444668454394, 0.25, 0.25, 0.4401884064320342, 0.29487647800949457, 0.27486820631854003, 0.2879207589726808, 0.25, 0.5593036419249071, 0.48410060217139766, 0.27999390969738225, 0.36356130377651236, 0.6472346461134622, 0.25, 0.5346067367220655, 0.3413516269521939, 0.5021954371102202, 0.7508131025121068, 0.9767140374886035, 0.25]",0.005045882298235679,0.005825786192689496,0.0038995194722690855,0.0014581192895073225,0.0009773788549769778,0.0011225312440196718,0.005078321108650454,2.2457091584243517e-05,0.005860034115773426,2.4572268196176108e-05,0.003908565035614851,1.4614065703223584e-05,0.0011666385555174552
True,29,71,589.3975367546082,800,False,,800,25,15,2000,12000,3,0.02,0.1,0.003,0.003,0.001,0.01,1024,0.4,-0.24640033687968607,0.2541109939612478,-0.13906557999999997,-1.0000000000000004,-0.04340619999999995,9.623333333333333,1.0,0.9233333333333333,-0.3099785547045992,0.4985314325102661,0.25,1.084915318084347,"[3, 3, 3, 3, 1, 1, 0, 0, 3, 1, 1, 1, 0, 3, 1, 1, 1, 1, 0, 1, 3, 3, 3, 3, 0]","[0.31259352597583095, 0.35528711654137035, 0.44258305828587907, 0.3969651092141959, 0.590010175695836, 0.28215884137423325, 0.25, 0.25, 0.5709238109296899, 0.8392243415606444, 0.29329947406101275, 0.2980881352869755, 0.25, 0.9037096195896479, 0.9511601247083628, 0.27964805346917315, 0.4069297945303934, 0.6122190266486346, 0.25, 0.9613353755358454, 0.3423073162224906, 0.6116915646982143, 0.8407834060095136, 0.922367942418707, 0.25]",0.029333676102776755,0.030333145647471124,0.009994695446943674,0.01265696598201162,0.006649991967176824,0.021758228790962418,0.02918810432456769,0.00010816730401516536,0.030176418297970443,0.00011597511001078728,0.009883139734027461,8.81081908524062e-05,0.0232410855211225
True,40,82,483.3086609840393,800,False,,800,25,15,2000,12000,3,0.05,0.05,0.01,0.003,0.003,0.01,1024,0.3,-0.2300909544997549,0.22936352588604597,-0.13906557999999997,-1.0000000000000004,-0.04340619999999995,9.696666666666667,1.0,0.9466666666666667,-0.28748669921910047,0.6055082590351055,0.25,0.9041457117527203,"[1, 3, 3, 3, 1, 1, 0, 0, 3, 1, 1, 1, 0, 3, 1, 3, 1, 1, 0, 1, 3, 3, 3, 3, 0]","[0.4754705549404492, 0.31678418846384115, 0.45673702393069543, 0.4316264381633403, 0.6008612294830488, 0.5933031504846884, 0.25, 0.25, 0.5453912535454464, 0.8268469857819787, 0.46708171360622786, 0.6685509099502963, 0.25, 0.7554080387962976, 0.8221827614699929, 0.4354751489383746, 0.8491054413927934, 0.9879457329165939, 0.25, 0.9956561971596573, 0.7887641472530064, 0.9320690485240031, 0.9389961445147084, 0.9994503665621973, 0.25]",0.03389362425166044,0.03524534151415135,0.027034345249818233,0.016685912977590416,0.006202534029513737,0.012427234780117985,0.033978502734037255,0.00010064680001375405,0.03534139136505667,0.00010801109001718296,0.02725777262038829,0.00017264859658711366,0.013834087888195202
