alpha,eta,rho,D_theta,T,beta,seed,device,status,error,elapsed_seconds,greedy_avg_reward,greedy_goal_count,greedy_success_rate,reached_goal,final_state,path_length,run_idx
0.00025,0.0002,0.0005,60.0,20000,1e-07,42,cuda,ok,,12.09806006285362,-0.9202335569231277,10,1.0,True,99,24,32
0.00025,0.0002,0.001,60.0,20000,1e-07,42,cuda,ok,,11.82186898496002,-0.9202335569231277,10,1.0,True,99,24,40
0.00025,0.0002,0.003,60.0,20000,1e-07,42,cuda,ok,,11.851268040947616,-0.9202335569231277,10,1.0,True,99,24,48
0.00025,0.0005,0.0005,40.0,20000,1e-07,42,cuda,ok,,11.901252577081323,-0.9202335569231277,10,1.0,True,99,24,55
0.00025,0.0005,0.0005,60.0,20000,1e-07,42,cuda,ok,,11.990792044205591,-0.9202335569231277,10,1.0,True,99,24,56
0.00025,0.0005,0.001,40.0,20000,1e-07,42,cuda,ok,,11.85708425194025,-0.9202335569231277,10,1.0,True,99,24,63
0.00025,0.0005,0.001,60.0,20000,1e-07,42,cuda,ok,,11.914608074817806,-0.9202335569231277,10,1.0,True,99,24,64
0.00025,0.0005,0.003,40.0,20000,1e-07,42,cuda,ok,,11.866998710203916,-0.9202335569231277,10,1.0,True,99,24,71
0.00025,0.0005,0.003,60.0,20000,1e-07,42,cuda,ok,,12.356924031162634,-0.9202335569231277,10,1.0,True,99,24,72
0.00025,0.001,0.0005,40.0,20000,1e-07,42,cuda,ok,,11.933601118857041,-0.9202335569231277,10,1.0,True,99,24,79
0.00025,0.001,0.0005,60.0,20000,1e-07,42,cuda,ok,,11.975821899017319,-0.9202335569231277,10,1.0,True,99,24,80
0.00025,0.001,0.001,40.0,20000,1e-07,42,cuda,ok,,12.070796275977045,-0.9202335569231277,10,1.0,True,99,24,87
0.00025,0.001,0.001,60.0,20000,1e-07,42,cuda,ok,,11.879177423892543,-0.9202335569231277,10,1.0,True,99,24,88
0.00025,0.001,0.003,40.0,20000,1e-07,42,cuda,ok,,11.82219742401503,-0.9202335569231277,10,1.0,True,99,24,95
0.00025,0.001,0.003,60.0,20000,1e-07,42,cuda,ok,,11.880242265062407,-0.9202335569231277,10,1.0,True,99,24,96
0.00025,0.002,0.0005,60.0,20000,1e-07,42,cuda,ok,,11.864241775823757,-0.9202335569231277,10,1.0,True,99,24,104
0.00025,0.002,0.001,60.0,20000,1e-07,42,cuda,ok,,11.86004846310243,-0.9202335569231277,10,1.0,True,99,24,112
0.00025,0.002,0.003,60.0,20000,1e-07,42,cuda,ok,,11.85815440886654,-0.9202335569231277,10,1.0,True,99,24,120
0.0005,0.0001,0.0005,60.0,20000,1e-07,42,cuda,ok,,11.853231579996645,-0.9202335569231277,10,1.0,True,99,24,128
0.0005,0.0001,0.001,60.0,20000,1e-07,42,cuda,ok,,11.970600503962487,-0.9202335569231277,10,1.0,True,99,24,136
0.0005,0.0001,0.003,60.0,20000,1e-07,42,cuda,ok,,11.82419472397305,-0.9202335569231277,10,1.0,True,99,24,144
0.0005,0.0002,0.0005,40.0,20000,1e-07,42,cuda,ok,,11.947410890832543,-0.9202335569231277,10,1.0,True,99,24,151
0.0005,0.0002,0.0005,60.0,20000,1e-07,42,cuda,ok,,11.886626041028649,-0.9202335569231277,10,1.0,True,99,24,152
0.0005,0.0002,0.001,40.0,20000,1e-07,42,cuda,ok,,11.868564787087962,-0.9202335569231277,10,1.0,True,99,24,159
0.0005,0.0002,0.001,60.0,20000,1e-07,42,cuda,ok,,11.995563582982868,-0.9202335569231277,10,1.0,True,99,24,160
0.0005,0.0002,0.003,40.0,20000,1e-07,42,cuda,ok,,11.855275015113875,-0.9202335569231277,10,1.0,True,99,24,167
0.0005,0.0002,0.003,60.0,20000,1e-07,42,cuda,ok,,11.818396578077227,-0.9202335569231277,10,1.0,True,99,24,168
0.0005,0.0005,0.0005,40.0,20000,1e-07,42,cuda,ok,,11.863142496906221,-0.9202335569231277,10,1.0,True,99,24,175
0.0005,0.0005,0.0005,60.0,20000,1e-07,42,cuda,ok,,11.83775391196832,-0.9202335569231277,10,1.0,True,99,24,176
0.0005,0.0005,0.001,40.0,20000,1e-07,42,cuda,ok,,11.839585346868262,-0.9202335569231277,10,1.0,True,99,24,183
0.0005,0.0005,0.001,60.0,20000,1e-07,42,cuda,ok,,12.032990433042869,-0.9202335569231277,10,1.0,True,99,24,184
0.0005,0.0005,0.003,40.0,20000,1e-07,42,cuda,ok,,11.847165185958147,-0.9202335569231277,10,1.0,True,99,24,191
0.0005,0.0005,0.003,60.0,20000,1e-07,42,cuda,ok,,11.857321524992585,-0.9202335569231277,10,1.0,True,99,24,192
0.0005,0.001,0.0005,40.0,20000,1e-07,42,cuda,ok,,11.858112817863002,-0.9202335569231277,10,1.0,True,99,24,199
0.0005,0.001,0.0005,60.0,20000,1e-07,42,cuda,ok,,11.8420044768136,-0.9202335569231277,10,1.0,True,99,24,200
0.0005,0.001,0.001,40.0,20000,1e-07,42,cuda,ok,,11.859273269074038,-0.9202335569231277,10,1.0,True,99,24,207
0.0005,0.001,0.001,60.0,20000,1e-07,42,cuda,ok,,11.727308660047129,-0.9202335569231277,10,1.0,True,99,24,208
0.0005,0.001,0.003,40.0,20000,1e-07,42,cuda,ok,,11.736133894883096,-0.9202335569231277,10,1.0,True,99,24,215
0.0005,0.001,0.003,60.0,20000,1e-07,42,cuda,ok,,11.815268898848444,-0.9202335569231277,10,1.0,True,99,24,216
0.0005,0.002,0.0005,40.0,20000,1e-07,42,cuda,ok,,11.818475723033771,-0.9202335569231277,10,1.0,True,99,24,223
0.0005,0.002,0.0005,60.0,20000,1e-07,42,cuda,ok,,11.820482378127053,-0.9202335569231277,10,1.0,True,99,24,224
0.0005,0.002,0.001,40.0,20000,1e-07,42,cuda,ok,,11.924795180093497,-0.9202335569231277,10,1.0,True,99,24,231
0.0005,0.002,0.001,60.0,20000,1e-07,42,cuda,ok,,11.822530351113528,-0.9202335569231277,10,1.0,True,99,24,232
0.0005,0.002,0.003,40.0,20000,1e-07,42,cuda,ok,,11.728244138183072,-0.9202335569231277,10,1.0,True,99,24,239
0.0005,0.002,0.003,60.0,20000,1e-07,42,cuda,ok,,11.875466156052426,-0.9202335569231277,10,1.0,True,99,24,240
0.001,0.0001,0.0005,60.0,20000,1e-07,42,cuda,ok,,11.842711228877306,-0.9202335569231277,10,1.0,True,99,24,248
0.001,0.0001,0.001,60.0,20000,1e-07,42,cuda,ok,,11.86677912902087,-0.9202335569231277,10,1.0,True,99,24,256
0.001,0.0001,0.003,60.0,20000,1e-07,42,cuda,ok,,11.975348087027669,-0.9202335569231277,10,1.0,True,99,24,264
0.001,0.0002,0.0005,40.0,20000,1e-07,42,cuda,ok,,11.845268641831353,-0.9202335569231277,10,1.0,True,99,24,271
0.001,0.0002,0.0005,60.0,20000,1e-07,42,cuda,ok,,11.822701523080468,-0.9202335569231277,10,1.0,True,99,24,272
0.001,0.0002,0.001,40.0,20000,1e-07,42,cuda,ok,,11.965624555945396,-0.9202335569231277,10,1.0,True,99,24,279
0.001,0.0002,0.001,60.0,20000,1e-07,42,cuda,ok,,11.889606815064326,-0.9202335569231277,10,1.0,True,99,24,280
0.001,0.0002,0.003,40.0,20000,1e-07,42,cuda,ok,,11.933667391072959,-0.9202335569231277,10,1.0,True,99,24,287
0.001,0.0002,0.003,60.0,20000,1e-07,42,cuda,ok,,12.00829820195213,-0.9202335569231277,10,1.0,True,99,24,288
0.001,0.0005,0.0005,40.0,20000,1e-07,42,cuda,ok,,11.897407962940633,-0.9202335569231277,10,1.0,True,99,24,295
0.001,0.0005,0.0005,60.0,20000,1e-07,42,cuda,ok,,11.913555392995477,-0.9202335569231277,10,1.0,True,99,24,296
0.001,0.0005,0.001,40.0,20000,1e-07,42,cuda,ok,,11.950695307925344,-0.9202335569231277,10,1.0,True,99,24,303
0.001,0.0005,0.001,60.0,20000,1e-07,42,cuda,ok,,11.914724526926875,-0.9202335569231277,10,1.0,True,99,24,304
0.001,0.0005,0.003,40.0,20000,1e-07,42,cuda,ok,,12.051912155933678,-0.9202335569231277,10,1.0,True,99,24,311
0.001,0.0005,0.003,60.0,20000,1e-07,42,cuda,ok,,11.92100498592481,-0.9202335569231277,10,1.0,True,99,24,312
0.001,0.001,0.0005,40.0,20000,1e-07,42,cuda,ok,,11.913068469846621,-0.9202335569231277,10,1.0,True,99,24,319
0.001,0.001,0.0005,60.0,20000,1e-07,42,cuda,ok,,11.941279283957556,-0.9202335569231277,10,1.0,True,99,24,320
0.001,0.001,0.001,40.0,20000,1e-07,42,cuda,ok,,11.953702783910558,-0.9202335569231277,10,1.0,True,99,24,327
0.001,0.001,0.001,60.0,20000,1e-07,42,cuda,ok,,11.912462185136974,-0.9202335569231277,10,1.0,True,99,24,328
0.001,0.001,0.003,40.0,20000,1e-07,42,cuda,ok,,12.054881773190573,-0.9202335569231277,10,1.0,True,99,24,335
0.001,0.001,0.003,60.0,20000,1e-07,42,cuda,ok,,11.92501727398485,-0.9202335569231277,10,1.0,True,99,24,336
0.001,0.002,0.0005,40.0,20000,1e-07,42,cuda,ok,,11.929724558023736,-0.9202335569231277,10,1.0,True,99,24,343
0.001,0.002,0.0005,60.0,20000,1e-07,42,cuda,ok,,11.927642735186964,-0.9202335569231277,10,1.0,True,99,24,344
0.001,0.002,0.001,40.0,20000,1e-07,42,cuda,ok,,11.953800825867802,-0.9202335569231277,10,1.0,True,99,24,351
0.001,0.002,0.001,60.0,20000,1e-07,42,cuda,ok,,11.892384537030011,-0.9202335569231277,10,1.0,True,99,24,352
0.001,0.002,0.003,40.0,20000,1e-07,42,cuda,ok,,12.058563836151734,-0.9202335569231277,10,1.0,True,99,24,359
0.001,0.002,0.003,60.0,20000,1e-07,42,cuda,ok,,11.937239059014246,-0.9202335569231277,10,1.0,True,99,24,360
0.002,0.0001,0.0005,60.0,20000,1e-07,42,cuda,ok,,12.062585226027295,-0.9202335569231277,10,1.0,True,99,24,368
0.002,0.0001,0.001,60.0,20000,1e-07,42,cuda,ok,,11.911759053124115,-0.9202335569231277,10,1.0,True,99,24,376
0.002,0.0001,0.003,60.0,20000,1e-07,42,cuda,ok,,11.970550680998713,-0.9202335569231277,10,1.0,True,99,24,384
0.002,0.0002,0.0005,40.0,20000,1e-07,42,cuda,ok,,11.876482675084844,-0.9202335569231277,10,1.0,True,99,24,391
0.002,0.0002,0.0005,60.0,20000,1e-07,42,cuda,ok,,12.025833667023107,-0.9202335569231277,10,1.0,True,99,24,392
0.002,0.0002,0.001,40.0,20000,1e-07,42,cuda,ok,,11.923439387930557,-0.9202335569231277,10,1.0,True,99,24,399
0.002,0.0002,0.001,60.0,20000,1e-07,42,cuda,ok,,11.905809129122645,-0.9202335569231277,10,1.0,True,99,24,400
0.002,0.0002,0.003,40.0,20000,1e-07,42,cuda,ok,,11.957703334046528,-0.9202335569231277,10,1.0,True,99,24,407
0.002,0.0002,0.003,60.0,20000,1e-07,42,cuda,ok,,11.935512352036312,-0.9202335569231277,10,1.0,True,99,24,408
0.002,0.0005,0.0005,40.0,20000,1e-07,42,cuda,ok,,11.920990707818419,-0.9202335569231277,10,1.0,True,99,24,415
0.002,0.0005,0.0005,60.0,20000,1e-07,42,cuda,ok,,12.030580659862608,-0.9202335569231277,10,1.0,True,99,24,416
0.002,0.0005,0.001,40.0,20000,1e-07,42,cuda,ok,,11.931861181044951,-0.9202335569231277,10,1.0,True,99,24,423
0.002,0.0005,0.001,60.0,20000,1e-07,42,cuda,ok,,11.925416102167219,-0.9202335569231277,10,1.0,True,99,24,424
0.002,0.0005,0.003,40.0,20000,1e-07,42,cuda,ok,,11.890559388091788,-0.9202335569231277,10,1.0,True,99,24,431
0.002,0.0005,0.003,60.0,20000,1e-07,42,cuda,ok,,11.940253511071205,-0.9202335569231277,10,1.0,True,99,24,432
0.002,0.001,0.0005,40.0,20000,1e-07,42,cuda,ok,,12.00651039998047,-0.9202335569231277,10,1.0,True,99,24,439
0.002,0.001,0.0005,60.0,20000,1e-07,42,cuda,ok,,11.91708993515931,-0.9202335569231277,10,1.0,True,99,24,440
0.002,0.001,0.001,40.0,20000,1e-07,42,cuda,ok,,11.931727478047833,-0.9202335569231277,10,1.0,True,99,24,447
0.002,0.001,0.001,60.0,20000,1e-07,42,cuda,ok,,11.992620422039181,-0.9202335569231277,10,1.0,True,99,24,448
0.002,0.001,0.003,40.0,20000,1e-07,42,cuda,ok,,11.924852941883728,-0.9202335569231277,10,1.0,True,99,24,455
0.002,0.001,0.003,60.0,20000,1e-07,42,cuda,ok,,11.961441269842908,-0.9202335569231277,10,1.0,True,99,24,456
0.002,0.002,0.0005,40.0,20000,1e-07,42,cuda,ok,,12.172775340033695,-0.9202335569231277,10,1.0,True,99,24,463
0.002,0.002,0.0005,60.0,20000,1e-07,42,cuda,ok,,11.93911070912145,-0.9202335569231277,10,1.0,True,99,24,464
0.002,0.002,0.001,40.0,20000,1e-07,42,cuda,ok,,11.942477511940524,-0.9202335569231277,10,1.0,True,99,24,471
0.002,0.002,0.001,60.0,20000,1e-07,42,cuda,ok,,12.051380760967731,-0.9202335569231277,10,1.0,True,99,24,472
0.002,0.002,0.003,40.0,20000,1e-07,42,cuda,ok,,11.949496975867078,-0.9202335569231277,10,1.0,True,99,24,479
0.002,0.002,0.003,60.0,20000,1e-07,42,cuda,ok,,11.946424620924518,-0.9202335569231277,10,1.0,True,99,24,480
0.003,0.0001,0.0005,60.0,20000,1e-07,42,cuda,ok,,11.88748879218474,-0.9202335569231277,10,1.0,True,99,24,488
0.003,0.0001,0.001,60.0,20000,1e-07,42,cuda,ok,,12.265037760138512,-0.9202335569231277,10,1.0,True,99,24,496
0.003,0.0001,0.003,60.0,20000,1e-07,42,cuda,ok,,11.871046273969114,-0.9202335569231277,10,1.0,True,99,24,504
0.003,0.0002,0.0005,40.0,20000,1e-07,42,cuda,ok,,11.829822295112535,-0.9202335569231277,10,1.0,True,99,24,511
0.003,0.0002,0.0005,60.0,20000,1e-07,42,cuda,ok,,11.88213939894922,-0.9202335569231277,10,1.0,True,99,24,512
0.003,0.0002,0.001,40.0,20000,1e-07,42,cuda,ok,,11.828101366991177,-0.9202335569231277,10,1.0,True,99,24,519
0.003,0.0002,0.001,60.0,20000,1e-07,42,cuda,ok,,11.94922929792665,-0.9202335569231277,10,1.0,True,99,24,520
0.003,0.0002,0.003,40.0,20000,1e-07,42,cuda,ok,,11.84243336180225,-0.9202335569231277,10,1.0,True,99,24,527
0.003,0.0002,0.003,60.0,20000,1e-07,42,cuda,ok,,11.896225020987913,-0.9202335569231277,10,1.0,True,99,24,528
0.003,0.0005,0.0005,40.0,20000,1e-07,42,cuda,ok,,11.829556666081771,-0.9202335569231277,10,1.0,True,99,24,535
0.003,0.0005,0.0005,60.0,20000,1e-07,42,cuda,ok,,11.849871813086793,-0.9202335569231277,10,1.0,True,99,24,536
0.003,0.0005,0.001,40.0,20000,1e-07,42,cuda,ok,,11.970340016996488,-0.9202335569231277,10,1.0,True,99,24,543
0.003,0.0005,0.001,60.0,20000,1e-07,42,cuda,ok,,11.82861496298574,-0.9202335569231277,10,1.0,True,99,24,544
0.003,0.0005,0.003,40.0,20000,1e-07,42,cuda,ok,,11.842399302870035,-0.9202335569231277,10,1.0,True,99,24,551
0.003,0.0005,0.003,60.0,20000,1e-07,42,cuda,ok,,11.842787420144305,-0.9202335569231277,10,1.0,True,99,24,552
0.003,0.001,0.0005,40.0,20000,1e-07,42,cuda,ok,,11.845731524983421,-0.9202335569231277,10,1.0,True,99,24,559
0.003,0.001,0.0005,60.0,20000,1e-07,42,cuda,ok,,11.82665321789682,-0.9202335569231277,10,1.0,True,99,24,560
0.003,0.001,0.001,40.0,20000,1e-07,42,cuda,ok,,12.022975645028055,-0.9202335569231277,10,1.0,True,99,24,567
0.003,0.001,0.001,60.0,20000,1e-07,42,cuda,ok,,12.159797059139237,-0.9202335569231277,10,1.0,True,99,24,568
0.003,0.001,0.003,40.0,20000,1e-07,42,cuda,ok,,11.85888090915978,-0.9202335569231277,10,1.0,True,99,24,575
0.003,0.001,0.003,60.0,20000,1e-07,42,cuda,ok,,11.812935487832874,-0.9202335569231277,10,1.0,True,99,24,576
0.003,0.002,0.0005,40.0,20000,1e-07,42,cuda,ok,,11.867288733134046,-0.9202335569231277,10,1.0,True,99,24,583
0.003,0.002,0.0005,60.0,20000,1e-07,42,cuda,ok,,11.819995211903006,-0.9202335569231277,10,1.0,True,99,24,584
0.003,0.002,0.001,40.0,20000,1e-07,42,cuda,ok,,11.986727165058255,-0.9202335569231277,10,1.0,True,99,24,591
0.003,0.002,0.001,60.0,20000,1e-07,42,cuda,ok,,11.870468797162175,-0.9202335569231277,10,1.0,True,99,24,592
0.003,0.002,0.003,40.0,20000,1e-07,42,cuda,ok,,11.816325981868431,-0.9202335569231277,10,1.0,True,99,24,599
0.003,0.002,0.003,60.0,20000,1e-07,42,cuda,ok,,11.9332231329754,-0.9202335569231277,10,1.0,True,99,24,600
0.005,0.0001,0.0005,60.0,20000,1e-07,42,cuda,ok,,11.78397034900263,-0.9202335569231277,10,1.0,True,99,24,608
0.005,0.0001,0.001,60.0,20000,1e-07,42,cuda,ok,,11.816657497081906,-0.9202335569231277,10,1.0,True,99,24,616
0.005,0.0001,0.003,60.0,20000,1e-07,42,cuda,ok,,12.067768743960187,-0.9202335569231277,10,1.0,True,99,24,624
0.005,0.0002,0.0005,40.0,20000,1e-07,42,cuda,ok,,11.850312686990947,-0.9202335569231277,10,1.0,True,99,24,631
0.005,0.0002,0.0005,60.0,20000,1e-07,42,cuda,ok,,11.838187003973871,-0.9202335569231277,10,1.0,True,99,24,632
0.005,0.0002,0.001,40.0,20000,1e-07,42,cuda,ok,,11.881193390116096,-0.9202335569231277,10,1.0,True,99,24,639
0.005,0.0002,0.001,60.0,20000,1e-07,42,cuda,ok,,11.767361292848364,-0.9202335569231277,10,1.0,True,99,24,640
0.005,0.0002,0.003,40.0,20000,1e-07,42,cuda,ok,,11.898594178026542,-0.9202335569231277,10,1.0,True,99,24,647
0.005,0.0002,0.003,60.0,20000,1e-07,42,cuda,ok,,11.866704893996939,-0.9202335569231277,10,1.0,True,99,24,648
0.005,0.0005,0.0005,40.0,20000,1e-07,42,cuda,ok,,11.864758229115978,-0.9202335569231277,10,1.0,True,99,24,655
0.005,0.0005,0.0005,60.0,20000,1e-07,42,cuda,ok,,11.868417400168255,-0.9202335569231277,10,1.0,True,99,24,656
0.005,0.0005,0.001,40.0,20000,1e-07,42,cuda,ok,,11.896338575985283,-0.9202335569231277,10,1.0,True,99,24,663
0.005,0.0005,0.001,60.0,20000,1e-07,42,cuda,ok,,11.821756105171517,-0.9202335569231277,10,1.0,True,99,24,664
0.005,0.0005,0.003,40.0,20000,1e-07,42,cuda,ok,,11.955466591985896,-0.9202335569231277,10,1.0,True,99,24,671
0.005,0.0005,0.003,60.0,20000,1e-07,42,cuda,ok,,11.822865955997258,-0.9202335569231277,10,1.0,True,99,24,672
0.005,0.001,0.0005,40.0,20000,1e-07,42,cuda,ok,,11.874942588154227,-0.9202335569231277,10,1.0,True,99,24,679
0.005,0.001,0.0005,60.0,20000,1e-07,42,cuda,ok,,11.848644888959825,-0.9202335569231277,10,1.0,True,99,24,680
0.005,0.001,0.001,40.0,20000,1e-07,42,cuda,ok,,11.82526374515146,-0.9202335569231277,10,1.0,True,99,24,687
0.005,0.001,0.001,60.0,20000,1e-07,42,cuda,ok,,11.837384236045182,-0.9202335569231277,10,1.0,True,99,24,688
0.005,0.001,0.003,40.0,20000,1e-07,42,cuda,ok,,11.981431331019849,-0.9202335569231277,10,1.0,True,99,24,695
0.005,0.001,0.003,60.0,20000,1e-07,42,cuda,ok,,11.800887250108644,-0.9202335569231277,10,1.0,True,99,24,696
0.005,0.002,0.0005,40.0,20000,1e-07,42,cuda,ok,,11.899484877940267,-0.9202335569231277,10,1.0,True,99,24,703
0.005,0.002,0.0005,60.0,20000,1e-07,42,cuda,ok,,11.99805135698989,-0.9202335569231277,10,1.0,True,99,24,704
0.005,0.002,0.001,40.0,20000,1e-07,42,cuda,ok,,11.888308127876371,-0.9202335569231277,10,1.0,True,99,24,711
0.005,0.002,0.001,60.0,20000,1e-07,42,cuda,ok,,11.82773024495691,-0.9202335569231277,10,1.0,True,99,24,712
0.005,0.002,0.003,40.0,20000,1e-07,42,cuda,ok,,12.040253248997033,-0.9202335569231277,10,1.0,True,99,24,719
0.005,0.002,0.003,60.0,20000,1e-07,42,cuda,ok,,11.83054541097954,-0.9202335569231277,10,1.0,True,99,24,720
0.00025,0.002,0.0005,5.0,20000,1e-07,42,cuda,ok,,11.745104925939813,-0.40951000000000004,0,0.0,False,32,5,100
0.00025,0.002,0.001,5.0,20000,1e-07,42,cuda,ok,,11.882247783942148,-0.40951000000000004,0,0.0,False,32,5,108
0.00025,0.002,0.003,5.0,20000,1e-07,42,cuda,ok,,11.75625156587921,-0.40951000000000004,0,0.0,False,32,5,116
0.0005,0.002,0.0005,5.0,20000,1e-07,42,cuda,ok,,11.713760664919391,-0.40951000000000004,0,0.0,False,32,5,220
0.0005,0.002,0.001,5.0,20000,1e-07,42,cuda,ok,,11.729018741985783,-0.40951000000000004,0,0.0,False,32,5,228
0.0005,0.002,0.003,5.0,20000,1e-07,42,cuda,ok,,11.863737500971183,-0.40951000000000004,0,0.0,False,32,5,236
0.001,0.002,0.0005,5.0,20000,1e-07,42,cuda,ok,,11.895112744998187,-0.40951000000000004,0,0.0,False,32,5,340
0.001,0.002,0.001,5.0,20000,1e-07,42,cuda,ok,,11.941357515053824,-0.40951000000000004,0,0.0,False,32,5,348
0.001,0.002,0.003,5.0,20000,1e-07,42,cuda,ok,,11.829011743888259,-0.40951000000000004,0,0.0,False,32,5,356
0.002,0.002,0.0005,5.0,20000,1e-07,42,cuda,ok,,11.816094784066081,-0.40951000000000004,0,0.0,False,32,5,460
0.002,0.002,0.001,5.0,20000,1e-07,42,cuda,ok,,11.966161631979048,-0.40951000000000004,0,0.0,False,32,5,468
0.002,0.002,0.003,5.0,20000,1e-07,42,cuda,ok,,11.812415253836662,-0.40951000000000004,0,0.0,False,32,5,476
0.003,0.002,0.0005,5.0,20000,1e-07,42,cuda,ok,,11.727196226129308,-0.40951000000000004,0,0.0,False,32,5,580
0.003,0.002,0.001,5.0,20000,1e-07,42,cuda,ok,,11.73410707898438,-0.40951000000000004,0,0.0,False,32,5,588
0.003,0.002,0.003,5.0,20000,1e-07,42,cuda,ok,,11.728505974868312,-0.40951000000000004,0,0.0,False,32,5,596
0.005,0.002,0.0005,5.0,20000,1e-07,42,cuda,ok,,11.823592646978796,-0.40951000000000004,0,0.0,False,32,5,700
0.005,0.002,0.001,5.0,20000,1e-07,42,cuda,ok,,12.072600960033014,-0.40951000000000004,0,0.0,False,32,5,708
0.005,0.002,0.003,5.0,20000,1e-07,42,cuda,ok,,11.763319781050086,-0.40951000000000004,0,0.0,False,32,5,716
0.00025,0.0001,0.0005,20.0,20000,1e-07,42,cuda,ok,,11.945838768966496,-0.5217031000000001,0,0.0,False,32,7,6
0.00025,0.0001,0.001,20.0,20000,1e-07,42,cuda,ok,,11.818271318916231,-0.5217031000000001,0,0.0,False,32,7,14
0.00025,0.0001,0.003,20.0,20000,1e-07,42,cuda,ok,,11.816102863056585,-0.5217031000000001,0,0.0,False,32,7,22
0.00025,0.0002,0.0005,10.0,20000,1e-07,42,cuda,ok,,11.718132907990366,-0.5217031000000001,0,0.0,False,32,7,29
0.00025,0.0002,0.001,10.0,20000,1e-07,42,cuda,ok,,12.052265733946115,-0.5217031000000001,0,0.0,False,32,7,37
0.00025,0.0002,0.003,10.0,20000,1e-07,42,cuda,ok,,11.713945650029927,-0.5217031000000001,0,0.0,False,32,7,45
0.00025,0.0005,0.0005,10.0,20000,1e-07,42,cuda,ok,,11.76034334488213,-0.5217031000000001,0,0.0,False,32,7,53
0.00025,0.0005,0.001,10.0,20000,1e-07,42,cuda,ok,,11.846439209999517,-0.5217031000000001,0,0.0,False,32,7,61
0.00025,0.0005,0.003,10.0,20000,1e-07,42,cuda,ok,,11.74867517198436,-0.5217031000000001,0,0.0,False,32,7,69
0.00025,0.001,0.0005,10.0,20000,1e-07,42,cuda,ok,,11.770693617174402,-0.5217031000000001,0,0.0,False,32,7,77
0.00025,0.001,0.001,10.0,20000,1e-07,42,cuda,ok,,11.75909885391593,-0.5217031000000001,0,0.0,False,32,7,85
0.00025,0.001,0.003,10.0,20000,1e-07,42,cuda,ok,,11.753762315958738,-0.5217031000000001,0,0.0,False,32,7,93
0.0005,0.0001,0.0005,10.0,20000,1e-07,42,cuda,ok,,11.753932755906135,-0.5217031000000001,0,0.0,False,32,7,125
0.0005,0.0001,0.001,10.0,20000,1e-07,42,cuda,ok,,11.782344242092222,-0.5217031000000001,0,0.0,False,32,7,133
0.0005,0.0001,0.003,10.0,20000,1e-07,42,cuda,ok,,12.053540884051472,-0.5217031000000001,0,0.0,False,32,7,141
0.0005,0.0002,0.0005,10.0,20000,1e-07,42,cuda,ok,,11.724055559840053,-0.5217031000000001,0,0.0,False,32,7,149
0.0005,0.0002,0.001,10.0,20000,1e-07,42,cuda,ok,,11.72231497685425,-0.5217031000000001,0,0.0,False,32,7,157
0.0005,0.0002,0.003,10.0,20000,1e-07,42,cuda,ok,,11.874549177940935,-0.5217031000000001,0,0.0,False,32,7,165
0.0005,0.0005,0.0005,10.0,20000,1e-07,42,cuda,ok,,11.751429514959455,-0.5217031000000001,0,0.0,False,32,7,173
0.0005,0.0005,0.001,10.0,20000,1e-07,42,cuda,ok,,11.741908953059465,-0.5217031000000001,0,0.0,False,32,7,181
0.0005,0.0005,0.003,10.0,20000,1e-07,42,cuda,ok,,11.795808144845068,-0.5217031000000001,0,0.0,False,32,7,189
0.0005,0.001,0.0005,10.0,20000,1e-07,42,cuda,ok,,11.774545858846977,-0.5217031000000001,0,0.0,False,32,7,197
0.0005,0.001,0.001,10.0,20000,1e-07,42,cuda,ok,,11.63105788314715,-0.5217031000000001,0,0.0,False,32,7,205
0.0005,0.001,0.003,10.0,20000,1e-07,42,cuda,ok,,11.747185695916414,-0.5217031000000001,0,0.0,False,32,7,213
0.0005,0.002,0.0005,10.0,20000,1e-07,42,cuda,ok,,11.828314275015146,-0.5217031000000001,0,0.0,False,32,7,221
0.0005,0.002,0.001,10.0,20000,1e-07,42,cuda,ok,,11.73841434600763,-0.5217031000000001,0,0.0,False,32,7,229
0.0005,0.002,0.003,10.0,20000,1e-07,42,cuda,ok,,11.713988283183426,-0.5217031000000001,0,0.0,False,32,7,237
0.001,0.0001,0.0005,10.0,20000,1e-07,42,cuda,ok,,11.809349766932428,-0.5217031000000001,0,0.0,False,32,7,245
0.001,0.0001,0.001,10.0,20000,1e-07,42,cuda,ok,,11.687056578928605,-0.5217031000000001,0,0.0,False,32,7,253
0.001,0.0001,0.003,10.0,20000,1e-07,42,cuda,ok,,11.696674985112622,-0.5217031000000001,0,0.0,False,32,7,261
0.001,0.0002,0.0005,10.0,20000,1e-07,42,cuda,ok,,11.84571602800861,-0.5217031000000001,0,0.0,False,32,7,269
0.001,0.0002,0.001,10.0,20000,1e-07,42,cuda,ok,,11.815610811114311,-0.5217031000000001,0,0.0,False,32,7,277
0.001,0.0002,0.003,10.0,20000,1e-07,42,cuda,ok,,11.820798587985337,-0.5217031000000001,0,0.0,False,32,7,285
0.001,0.0005,0.0005,10.0,20000,1e-07,42,cuda,ok,,11.894932952011004,-0.5217031000000001,0,0.0,False,32,7,293
0.001,0.0005,0.001,10.0,20000,1e-07,42,cuda,ok,,11.826787560945377,-0.5217031000000001,0,0.0,False,32,7,301
0.001,0.0005,0.003,10.0,20000,1e-07,42,cuda,ok,,11.820080845849589,-0.5217031000000001,0,0.0,False,32,7,309
0.001,0.001,0.0005,10.0,20000,1e-07,42,cuda,ok,,11.803076591109857,-0.5217031000000001,0,0.0,False,32,7,317
0.001,0.001,0.001,10.0,20000,1e-07,42,cuda,ok,,11.832156958058476,-0.5217031000000001,0,0.0,False,32,7,325
0.001,0.001,0.003,10.0,20000,1e-07,42,cuda,ok,,11.855390282114968,-0.5217031000000001,0,0.0,False,32,7,333
0.001,0.002,0.0005,10.0,20000,1e-07,42,cuda,ok,,11.808102572103962,-0.5217031000000001,0,0.0,False,32,7,341
0.001,0.002,0.001,10.0,20000,1e-07,42,cuda,ok,,11.94593287911266,-0.5217031000000001,0,0.0,False,32,7,349
0.001,0.002,0.003,10.0,20000,1e-07,42,cuda,ok,,11.835431464016438,-0.5217031000000001,0,0.0,False,32,7,357
0.002,0.0001,0.0005,10.0,20000,1e-07,42,cuda,ok,,11.977726564975455,-0.5217031000000001,0,0.0,False,32,7,365
0.002,0.0001,0.001,10.0,20000,1e-07,42,cuda,ok,,11.94622898590751,-0.5217031000000001,0,0.0,False,32,7,373
0.002,0.0001,0.003,10.0,20000,1e-07,42,cuda,ok,,11.795874309027568,-0.5217031000000001,0,0.0,False,32,7,381
0.002,0.0002,0.0005,10.0,20000,1e-07,42,cuda,ok,,11.754755579167977,-0.5217031000000001,0,0.0,False,32,7,389
0.002,0.0002,0.001,10.0,20000,1e-07,42,cuda,ok,,11.919084394117817,-0.5217031000000001,0,0.0,False,32,7,397
0.002,0.0002,0.003,10.0,20000,1e-07,42,cuda,ok,,11.822262198198587,-0.5217031000000001,0,0.0,False,32,7,405
0.002,0.0005,0.0005,10.0,20000,1e-07,42,cuda,ok,,11.806914661079645,-0.5217031000000001,0,0.0,False,32,7,413
0.002,0.0005,0.001,10.0,20000,1e-07,42,cuda,ok,,11.834096483886242,-0.5217031000000001,0,0.0,False,32,7,421
0.002,0.0005,0.003,10.0,20000,1e-07,42,cuda,ok,,11.904509956017137,-0.5217031000000001,0,0.0,False,32,7,429
0.002,0.001,0.0005,10.0,20000,1e-07,42,cuda,ok,,11.786783498013392,-0.5217031000000001,0,0.0,False,32,7,437
0.002,0.001,0.001,10.0,20000,1e-07,42,cuda,ok,,11.809414227027446,-0.5217031000000001,0,0.0,False,32,7,445
0.002,0.001,0.003,10.0,20000,1e-07,42,cuda,ok,,11.982517380965874,-0.5217031000000001,0,0.0,False,32,7,453
0.002,0.002,0.0005,10.0,20000,1e-07,42,cuda,ok,,11.841172892134637,-0.5217031000000001,0,0.0,False,32,7,461
0.002,0.002,0.001,10.0,20000,1e-07,42,cuda,ok,,11.832689160946757,-0.5217031000000001,0,0.0,False,32,7,469
0.002,0.002,0.003,10.0,20000,1e-07,42,cuda,ok,,11.984394127037376,-0.5217031000000001,0,0.0,False,32,7,477
0.003,0.0001,0.0005,10.0,20000,1e-07,42,cuda,ok,,11.846015494083986,-0.5217031000000001,0,0.0,False,32,7,485
0.003,0.0001,0.001,10.0,20000,1e-07,42,cuda,ok,,11.830829196143895,-0.5217031000000001,0,0.0,False,32,7,493
0.003,0.0001,0.003,10.0,20000,1e-07,42,cuda,ok,,11.907929718960077,-0.5217031000000001,0,0.0,False,32,7,501
0.003,0.0002,0.0005,10.0,20000,1e-07,42,cuda,ok,,11.759373309090734,-0.5217031000000001,0,0.0,False,32,7,509
0.003,0.0002,0.001,10.0,20000,1e-07,42,cuda,ok,,11.77107321517542,-0.5217031000000001,0,0.0,False,32,7,517
0.003,0.0002,0.003,10.0,20000,1e-07,42,cuda,ok,,11.889341345988214,-0.5217031000000001,0,0.0,False,32,7,525
0.003,0.0005,0.0005,10.0,20000,1e-07,42,cuda,ok,,11.90267662005499,-0.5217031000000001,0,0.0,False,32,7,533
0.003,0.0005,0.001,10.0,20000,1e-07,42,cuda,ok,,12.015251188073307,-0.5217031000000001,0,0.0,False,32,7,541
0.003,0.0005,0.003,10.0,20000,1e-07,42,cuda,ok,,11.761878898832947,-0.5217031000000001,0,0.0,False,32,7,549
0.003,0.001,0.0005,10.0,20000,1e-07,42,cuda,ok,,11.749671334866434,-0.5217031000000001,0,0.0,False,32,7,557
0.003,0.001,0.001,10.0,20000,1e-07,42,cuda,ok,,11.775859175948426,-0.5217031000000001,0,0.0,False,32,7,565
0.003,0.001,0.003,10.0,20000,1e-07,42,cuda,ok,,11.870493796188384,-0.5217031000000001,0,0.0,False,32,7,573
0.003,0.002,0.0005,10.0,20000,1e-07,42,cuda,ok,,11.825224428903311,-0.5217031000000001,0,0.0,False,32,7,581
0.003,0.002,0.001,10.0,20000,1e-07,42,cuda,ok,,11.76025574002415,-0.5217031000000001,0,0.0,False,32,7,589
0.003,0.002,0.003,10.0,20000,1e-07,42,cuda,ok,,11.722274695057422,-0.5217031000000001,0,0.0,False,32,7,597
0.005,0.0001,0.0005,10.0,20000,1e-07,42,cuda,ok,,11.879944039043039,-0.5217031000000001,0,0.0,False,32,7,605
0.005,0.0001,0.001,10.0,20000,1e-07,42,cuda,ok,,11.759786932030693,-0.5217031000000001,0,0.0,False,32,7,613
0.005,0.0001,0.003,10.0,20000,1e-07,42,cuda,ok,,11.743579552974552,-0.5217031000000001,0,0.0,False,32,7,621
0.005,0.0002,0.0005,10.0,20000,1e-07,42,cuda,ok,,11.898157804040238,-0.5217031000000001,0,0.0,False,32,7,629
0.005,0.0002,0.001,10.0,20000,1e-07,42,cuda,ok,,11.712362063117325,-0.5217031000000001,0,0.0,False,32,7,637
0.005,0.0002,0.003,10.0,20000,1e-07,42,cuda,ok,,11.78319415380247,-0.5217031000000001,0,0.0,False,32,7,645
0.005,0.0005,0.0005,10.0,20000,1e-07,42,cuda,ok,,11.772368910023943,-0.5217031000000001,0,0.0,False,32,7,653
0.005,0.0005,0.001,10.0,20000,1e-07,42,cuda,ok,,11.767111693043262,-0.5217031000000001,0,0.0,False,32,7,661
0.005,0.0005,0.003,10.0,20000,1e-07,42,cuda,ok,,11.794598951935768,-0.5217031000000001,0,0.0,False,32,7,669
0.005,0.001,0.0005,10.0,20000,1e-07,42,cuda,ok,,11.753031665924937,-0.5217031000000001,0,0.0,False,32,7,677
0.005,0.001,0.001,10.0,20000,1e-07,42,cuda,ok,,11.865447532851249,-0.5217031000000001,0,0.0,False,32,7,685
0.005,0.001,0.003,10.0,20000,1e-07,42,cuda,ok,,11.748735507950187,-0.5217031000000001,0,0.0,False,32,7,693
0.005,0.002,0.0005,10.0,20000,1e-07,42,cuda,ok,,11.77730433898978,-0.5217031000000001,0,0.0,False,32,7,701
0.005,0.002,0.001,10.0,20000,1e-07,42,cuda,ok,,11.961179692996666,-0.5217031000000001,0,0.0,False,32,7,709
0.005,0.002,0.003,10.0,20000,1e-07,42,cuda,ok,,11.798046421958134,-0.5217031000000001,0,0.0,False,32,7,717
0.00025,0.0001,0.0005,40.0,20000,1e-07,42,cuda,ok,,11.81410698313266,-0.7458134171671001,0,0.0,False,18,13,7
0.00025,0.0001,0.001,40.0,20000,1e-07,42,cuda,ok,,11.837683944962919,-0.7458134171671001,0,0.0,False,18,13,15
0.00025,0.0001,0.003,40.0,20000,1e-07,42,cuda,ok,,12.051098843105137,-0.7458134171671001,0,0.0,False,18,13,23
0.00025,0.0002,0.0005,40.0,20000,1e-07,42,cuda,ok,,11.778778675943613,-0.7458134171671001,0,0.0,False,18,13,31
0.00025,0.0002,0.001,40.0,20000,1e-07,42,cuda,ok,,11.743676837068051,-0.7458134171671001,0,0.0,False,18,13,39
0.00025,0.0002,0.003,40.0,20000,1e-07,42,cuda,ok,,11.94793304009363,-0.7458134171671001,0,0.0,False,18,13,47
0.0005,0.0001,0.0005,40.0,20000,1e-07,42,cuda,ok,,12.030244212131947,-0.7458134171671001,0,0.0,False,18,13,127
0.0005,0.0001,0.001,40.0,20000,1e-07,42,cuda,ok,,11.729585228022188,-0.7458134171671001,0,0.0,False,18,13,135
0.0005,0.0001,0.003,40.0,20000,1e-07,42,cuda,ok,,11.738029988948256,-0.7458134171671001,0,0.0,False,18,13,143
0.0005,0.0002,0.0005,20.0,20000,1e-07,42,cuda,ok,,11.728272204985842,-0.7458134171671001,0,0.0,False,18,13,150
0.0005,0.0002,0.001,20.0,20000,1e-07,42,cuda,ok,,11.792954995995387,-0.7458134171671001,0,0.0,False,18,13,158
0.0005,0.0002,0.003,20.0,20000,1e-07,42,cuda,ok,,11.78149220906198,-0.7458134171671001,0,0.0,False,18,13,166
0.0005,0.0005,0.0005,20.0,20000,1e-07,42,cuda,ok,,11.882753019919619,-0.7458134171671001,0,0.0,False,18,13,174
0.0005,0.0005,0.001,20.0,20000,1e-07,42,cuda,ok,,11.74530002498068,-0.7458134171671001,0,0.0,False,18,13,182
0.0005,0.0005,0.003,20.0,20000,1e-07,42,cuda,ok,,11.767022930085659,-0.7458134171671001,0,0.0,False,18,13,190
0.001,0.0001,0.0005,20.0,20000,1e-07,42,cuda,ok,,11.779837782960385,-0.7458134171671001,0,0.0,False,18,13,246
0.001,0.0001,0.001,20.0,20000,1e-07,42,cuda,ok,,11.7657369018998,-0.7458134171671001,0,0.0,False,18,13,254
0.001,0.0001,0.003,20.0,20000,1e-07,42,cuda,ok,,11.79426616197452,-0.7458134171671001,0,0.0,False,18,13,262
0.001,0.0002,0.0005,20.0,20000,1e-07,42,cuda,ok,,11.791385604068637,-0.7458134171671001,0,0.0,False,18,13,270
0.001,0.0002,0.001,20.0,20000,1e-07,42,cuda,ok,,11.978299112990499,-0.7458134171671001,0,0.0,False,18,13,278
0.001,0.0002,0.003,20.0,20000,1e-07,42,cuda,ok,,11.817656192928553,-0.7458134171671001,0,0.0,False,18,13,286
0.001,0.0005,0.0005,20.0,20000,1e-07,42,cuda,ok,,11.869730204809457,-0.7458134171671001,0,0.0,False,18,13,294
0.001,0.0005,0.001,20.0,20000,1e-07,42,cuda,ok,,11.97431383910589,-0.7458134171671001,0,0.0,False,18,13,302
0.001,0.0005,0.003,20.0,20000,1e-07,42,cuda,ok,,11.87221642700024,-0.7458134171671001,0,0.0,False,18,13,310
0.001,0.001,0.0005,20.0,20000,1e-07,42,cuda,ok,,11.863041040953249,-0.7458134171671001,0,0.0,False,18,13,318
0.001,0.001,0.001,20.0,20000,1e-07,42,cuda,ok,,11.965871586930007,-0.7458134171671001,0,0.0,False,18,13,326
0.001,0.001,0.003,20.0,20000,1e-07,42,cuda,ok,,11.900407701963559,-0.7458134171671001,0,0.0,False,18,13,334
0.002,0.0001,0.0005,20.0,20000,1e-07,42,cuda,ok,,11.865061666117981,-0.7458134171671001,0,0.0,False,18,13,366
0.002,0.0001,0.001,20.0,20000,1e-07,42,cuda,ok,,11.866201538126916,-0.7458134171671001,0,0.0,False,18,13,374
0.002,0.0001,0.003,20.0,20000,1e-07,42,cuda,ok,,11.959723649080843,-0.7458134171671001,0,0.0,False,18,13,382
0.002,0.0002,0.0005,20.0,20000,1e-07,42,cuda,ok,,11.81155171408318,-0.7458134171671001,0,0.0,False,18,13,390
0.002,0.0002,0.001,20.0,20000,1e-07,42,cuda,ok,,11.85209538997151,-0.7458134171671001,0,0.0,False,18,13,398
0.002,0.0002,0.003,20.0,20000,1e-07,42,cuda,ok,,11.972491255961359,-0.7458134171671001,0,0.0,False,18,13,406
0.002,0.0005,0.0005,20.0,20000,1e-07,42,cuda,ok,,11.89516154397279,-0.7458134171671001,0,0.0,False,18,13,414
0.002,0.0005,0.001,20.0,20000,1e-07,42,cuda,ok,,11.889747988898307,-0.7458134171671001,0,0.0,False,18,13,422
0.002,0.0005,0.003,20.0,20000,1e-07,42,cuda,ok,,11.97078638500534,-0.7458134171671001,0,0.0,False,18,13,430
0.002,0.001,0.0005,20.0,20000,1e-07,42,cuda,ok,,11.849405147135258,-0.7458134171671001,0,0.0,False,18,13,438
0.002,0.001,0.001,20.0,20000,1e-07,42,cuda,ok,,11.845725145889446,-0.7458134171671001,0,0.0,False,18,13,446
0.002,0.001,0.003,20.0,20000,1e-07,42,cuda,ok,,11.871006884146482,-0.7458134171671001,0,0.0,False,18,13,454
0.002,0.002,0.0005,20.0,20000,1e-07,42,cuda,ok,,11.882556610973552,-0.7458134171671001,0,0.0,False,18,13,462
0.002,0.002,0.001,20.0,20000,1e-07,42,cuda,ok,,11.83130779210478,-0.7458134171671001,0,0.0,False,18,13,470
0.002,0.002,0.003,20.0,20000,1e-07,42,cuda,ok,,11.867343913996592,-0.7458134171671001,0,0.0,False,18,13,478
0.003,0.0001,0.0005,20.0,20000,1e-07,42,cuda,ok,,11.849113040138036,-0.7458134171671001,0,0.0,False,18,13,486
0.003,0.0001,0.001,20.0,20000,1e-07,42,cuda,ok,,12.052425951929763,-0.7458134171671001,0,0.0,False,18,13,494
0.003,0.0001,0.003,20.0,20000,1e-07,42,cuda,ok,,11.76791907986626,-0.7458134171671001,0,0.0,False,18,13,502
0.003,0.0002,0.0005,20.0,20000,1e-07,42,cuda,ok,,11.89419212914072,-0.7458134171671001,0,0.0,False,18,13,510
0.003,0.0002,0.001,20.0,20000,1e-07,42,cuda,ok,,11.784911043010652,-0.7458134171671001,0,0.0,False,18,13,518
0.003,0.0002,0.003,20.0,20000,1e-07,42,cuda,ok,,11.787588581908494,-0.7458134171671001,0,0.0,False,18,13,526
0.003,0.0005,0.0005,20.0,20000,1e-07,42,cuda,ok,,11.92258201004006,-0.7458134171671001,0,0.0,False,18,13,534
0.003,0.0005,0.001,20.0,20000,1e-07,42,cuda,ok,,11.735303320921957,-0.7458134171671001,0,0.0,False,18,13,542
0.003,0.0005,0.003,20.0,20000,1e-07,42,cuda,ok,,11.782962159020826,-0.7458134171671001,0,0.0,False,18,13,550
0.003,0.001,0.0005,20.0,20000,1e-07,42,cuda,ok,,11.919768811902031,-0.7458134171671001,0,0.0,False,18,13,558
0.003,0.001,0.001,20.0,20000,1e-07,42,cuda,ok,,11.78496012208052,-0.7458134171671001,0,0.0,False,18,13,566
0.003,0.001,0.003,20.0,20000,1e-07,42,cuda,ok,,11.773145877057686,-0.7458134171671001,0,0.0,False,18,13,574
0.003,0.002,0.0005,20.0,20000,1e-07,42,cuda,ok,,11.780093340901658,-0.7458134171671001,0,0.0,False,18,13,582
0.003,0.002,0.001,20.0,20000,1e-07,42,cuda,ok,,11.762498711934313,-0.7458134171671001,0,0.0,False,18,13,590
0.003,0.002,0.003,20.0,20000,1e-07,42,cuda,ok,,12.304940344998613,-0.7458134171671001,0,0.0,False,18,13,598
0.005,0.0001,0.0005,20.0,20000,1e-07,42,cuda,ok,,11.745980273932219,-0.7458134171671001,0,0.0,False,18,13,606
0.005,0.0001,0.001,20.0,20000,1e-07,42,cuda,ok,,11.84213154297322,-0.7458134171671001,0,0.0,False,18,13,614
0.005,0.0001,0.003,20.0,20000,1e-07,42,cuda,ok,,11.796179580967873,-0.7458134171671001,0,0.0,False,18,13,622
0.005,0.0002,0.0005,20.0,20000,1e-07,42,cuda,ok,,11.74952310603112,-0.7458134171671001,0,0.0,False,18,13,630
0.005,0.0002,0.001,20.0,20000,1e-07,42,cuda,ok,,11.861909125000238,-0.7458134171671001,0,0.0,False,18,13,638
0.005,0.0002,0.003,20.0,20000,1e-07,42,cuda,ok,,11.732581628952175,-0.7458134171671001,0,0.0,False,18,13,646
0.005,0.0005,0.0005,20.0,20000,1e-07,42,cuda,ok,,11.84240881819278,-0.7458134171671001,0,0.0,False,18,13,654
0.005,0.0005,0.001,20.0,20000,1e-07,42,cuda,ok,,11.882609565975145,-0.7458134171671001,0,0.0,False,18,13,662
0.005,0.0005,0.003,20.0,20000,1e-07,42,cuda,ok,,11.768024815944955,-0.7458134171671001,0,0.0,False,18,13,670
0.005,0.001,0.0005,20.0,20000,1e-07,42,cuda,ok,,11.773132584989071,-0.7458134171671001,0,0.0,False,18,13,678
0.005,0.001,0.001,20.0,20000,1e-07,42,cuda,ok,,11.791785042965785,-0.7458134171671001,0,0.0,False,18,13,686
0.005,0.001,0.003,20.0,20000,1e-07,42,cuda,ok,,11.764520741067827,-0.7458134171671001,0,0.0,False,18,13,694
0.005,0.002,0.0005,20.0,20000,1e-07,42,cuda,ok,,11.78868598700501,-0.7458134171671001,0,0.0,False,18,13,702
0.005,0.002,0.001,20.0,20000,1e-07,42,cuda,ok,,11.817296946886927,-0.7458134171671001,0,0.0,False,18,13,710
0.005,0.002,0.003,20.0,20000,1e-07,42,cuda,ok,,11.762144071049988,-0.7458134171671001,0,0.0,False,18,13,718
0.00025,0.0001,0.0005,60.0,20000,1e-07,42,cuda,ok,,11.860815269174054,-0.8784233454094309,0,0.0,False,57,20,8
0.00025,0.0001,0.001,60.0,20000,1e-07,42,cuda,ok,,11.824486010940745,-0.8784233454094309,0,0.0,False,57,20,16
0.00025,0.0001,0.003,60.0,20000,1e-07,42,cuda,ok,,11.851474944967777,-0.8784233454094309,0,0.0,False,57,20,24
0.001,0.0001,0.0005,40.0,20000,1e-07,42,cuda,ok,,11.798341096146032,-0.8784233454094309,0,0.0,False,57,20,247
0.001,0.0001,0.001,40.0,20000,1e-07,42,cuda,ok,,11.935186610091478,-0.8784233454094309,0,0.0,False,57,20,255
0.001,0.0001,0.003,40.0,20000,1e-07,42,cuda,ok,,11.861088164849207,-0.8784233454094309,0,0.0,False,57,20,263
0.002,0.0001,0.0005,40.0,20000,1e-07,42,cuda,ok,,11.96529375296086,-0.8784233454094309,0,0.0,False,57,20,367
0.002,0.0001,0.001,40.0,20000,1e-07,42,cuda,ok,,11.916278226068243,-0.8784233454094309,0,0.0,False,57,20,375
0.002,0.0001,0.003,40.0,20000,1e-07,42,cuda,ok,,11.919504757039249,-0.8784233454094309,0,0.0,False,57,20,383
0.003,0.0001,0.0005,40.0,20000,1e-07,42,cuda,ok,,12.030629537068307,-0.8784233454094309,0,0.0,False,57,20,487
0.003,0.0001,0.001,40.0,20000,1e-07,42,cuda,ok,,11.862499943003058,-0.8784233454094309,0,0.0,False,57,20,495
0.003,0.0001,0.003,40.0,20000,1e-07,42,cuda,ok,,11.841608319897205,-0.8784233454094309,0,0.0,False,57,20,503
0.005,0.0001,0.0005,40.0,20000,1e-07,42,cuda,ok,,11.797250062925741,-0.8784233454094309,0,0.0,False,57,20,607
0.005,0.0001,0.001,40.0,20000,1e-07,42,cuda,ok,,11.788676111958921,-0.8784233454094309,0,0.0,False,57,20,615
0.005,0.0001,0.003,40.0,20000,1e-07,42,cuda,ok,,11.980807560030371,-0.8784233454094309,0,0.0,False,57,20,623
0.00025,0.0001,0.0005,0.5,20000,1e-07,42,cuda,ok,,12.125931515125558,-0.9948462247926806,0,0.0,False,1,50,1
0.00025,0.0001,0.0005,1.0,20000,1e-07,42,cuda,ok,,12.666085658129305,-0.9948462247926806,0,0.0,False,1,50,2
0.00025,0.0001,0.0005,2.0,20000,1e-07,42,cuda,ok,,12.060921716038138,-0.9948462247926806,0,0.0,False,2,50,3
0.00025,0.0001,0.0005,5.0,20000,1e-07,42,cuda,ok,,12.458745358977467,-0.9948462247926806,0,0.0,False,3,50,4
0.00025,0.0001,0.0005,10.0,20000,1e-07,42,cuda,ok,,12.483431120868772,-0.9948462247926806,0,0.0,False,13,50,5
0.00025,0.0001,0.001,0.5,20000,1e-07,42,cuda,ok,,12.747952181845903,-0.9948462247926806,0,0.0,False,1,50,9
0.00025,0.0001,0.001,1.0,20000,1e-07,42,cuda,ok,,12.135531418025494,-0.9948462247926806,0,0.0,False,1,50,10
0.00025,0.0001,0.001,2.0,20000,1e-07,42,cuda,ok,,12.042821321170777,-0.9948462247926806,0,0.0,False,2,50,11
0.00025,0.0001,0.001,5.0,20000,1e-07,42,cuda,ok,,12.520593552850187,-0.9948462247926806,0,0.0,False,3,50,12
0.00025,0.0001,0.001,10.0,20000,1e-07,42,cuda,ok,,12.172454593004659,-0.9948462247926806,0,0.0,False,13,50,13
0.00025,0.0001,0.003,0.5,20000,1e-07,42,cuda,ok,,12.154898663982749,-0.9948462247926806,0,0.0,False,1,50,17
0.00025,0.0001,0.003,1.0,20000,1e-07,42,cuda,ok,,12.189045912818983,-0.9948462247926806,0,0.0,False,1,50,18
0.00025,0.0001,0.003,2.0,20000,1e-07,42,cuda,ok,,12.112255508080125,-0.9948462247926806,0,0.0,False,2,50,19
0.00025,0.0001,0.003,5.0,20000,1e-07,42,cuda,ok,,12.029254911001772,-0.9948462247926806,0,0.0,False,3,50,20
0.00025,0.0001,0.003,10.0,20000,1e-07,42,cuda,ok,,12.029248302103952,-0.9948462247926806,0,0.0,False,13,50,21
0.00025,0.0002,0.0005,0.5,20000,1e-07,42,cuda,ok,,11.965516759082675,-0.9948462247926806,0,0.0,False,1,50,25
0.00025,0.0002,0.0005,1.0,20000,1e-07,42,cuda,ok,,12.039115331834182,-0.9948462247926806,0,0.0,False,1,50,26
0.00025,0.0002,0.0005,2.0,20000,1e-07,42,cuda,ok,,11.950462590903044,-0.9948462247926806,0,0.0,False,2,50,27
0.00025,0.0002,0.0005,5.0,20000,1e-07,42,cuda,ok,,12.082967885071412,-0.9948462247926806,0,0.0,False,3,50,28
0.00025,0.0002,0.0005,20.0,20000,1e-07,42,cuda,ok,,12.00169005501084,-0.9948462247926806,0,0.0,False,26,50,30
0.00025,0.0002,0.001,0.5,20000,1e-07,42,cuda,ok,,11.991217590169981,-0.9948462247926806,0,0.0,False,1,50,33
0.00025,0.0002,0.001,1.0,20000,1e-07,42,cuda,ok,,12.35567881911993,-0.9948462247926806,0,0.0,False,1,50,34
0.00025,0.0002,0.001,2.0,20000,1e-07,42,cuda,ok,,12.042478834046051,-0.9948462247926806,0,0.0,False,2,50,35
0.00025,0.0002,0.001,5.0,20000,1e-07,42,cuda,ok,,11.98508810903877,-0.9948462247926806,0,0.0,False,3,50,36
0.00025,0.0002,0.001,20.0,20000,1e-07,42,cuda,ok,,12.042992098955438,-0.9948462247926806,0,0.0,False,26,50,38
0.00025,0.0002,0.003,0.5,20000,1e-07,42,cuda,ok,,12.095459165982902,-0.9948462247926806,0,0.0,False,1,50,41
0.00025,0.0002,0.003,1.0,20000,1e-07,42,cuda,ok,,12.10613062698394,-0.9948462247926806,0,0.0,False,1,50,42
0.00025,0.0002,0.003,2.0,20000,1e-07,42,cuda,ok,,12.001723422901705,-0.9948462247926806,0,0.0,False,2,50,43
0.00025,0.0002,0.003,5.0,20000,1e-07,42,cuda,ok,,11.981861097970977,-0.9948462247926806,0,0.0,False,3,50,44
0.00025,0.0002,0.003,20.0,20000,1e-07,42,cuda,ok,,12.017308593960479,-0.9948462247926806,0,0.0,False,26,50,46
0.00025,0.0005,0.0005,0.5,20000,1e-07,42,cuda,ok,,11.97928264993243,-0.9948462247926806,0,0.0,False,10,50,49
0.00025,0.0005,0.0005,1.0,20000,1e-07,42,cuda,ok,,11.993035215884447,-0.9948462247926806,0,0.0,False,1,50,50
0.00025,0.0005,0.0005,2.0,20000,1e-07,42,cuda,ok,,12.1276227789931,-0.9948462247926806,0,0.0,False,1,50,51
0.00025,0.0005,0.0005,5.0,20000,1e-07,42,cuda,ok,,12.21583998692222,-0.9948462247926806,0,0.0,False,3,50,52
0.00025,0.0005,0.0005,20.0,20000,1e-07,42,cuda,ok,,12.031298027839512,-0.9948462247926806,0,0.0,False,26,50,54
0.00025,0.0005,0.001,0.5,20000,1e-07,42,cuda,ok,,12.004358141915873,-0.9948462247926806,0,0.0,False,10,50,57
0.00025,0.0005,0.001,1.0,20000,1e-07,42,cuda,ok,,12.00419839285314,-0.9948462247926806,0,0.0,False,1,50,58
0.00025,0.0005,0.001,2.0,20000,1e-07,42,cuda,ok,,12.041929109022021,-0.9948462247926806,0,0.0,False,1,50,59
0.00025,0.0005,0.001,5.0,20000,1e-07,42,cuda,ok,,12.004351297859102,-0.9948462247926806,0,0.0,False,3,50,60
0.00025,0.0005,0.001,20.0,20000,1e-07,42,cuda,ok,,12.270028770901263,-0.9948462247926806,0,0.0,False,26,50,62
0.00025,0.0005,0.003,0.5,20000,1e-07,42,cuda,ok,,12.00387159618549,-0.9948462247926806,0,0.0,False,10,50,65
0.00025,0.0005,0.003,1.0,20000,1e-07,42,cuda,ok,,12.099675151985139,-0.9948462247926806,0,0.0,False,1,50,66
0.00025,0.0005,0.003,2.0,20000,1e-07,42,cuda,ok,,12.043916573980823,-0.9948462247926806,0,0.0,False,1,50,67
0.00025,0.0005,0.003,5.0,20000,1e-07,42,cuda,ok,,12.03009360912256,-0.9948462247926806,0,0.0,False,3,50,68
0.00025,0.0005,0.003,20.0,20000,1e-07,42,cuda,ok,,12.126620007911697,-0.9948462247926806,0,0.0,False,26,50,70
0.00025,0.001,0.0005,0.5,20000,1e-07,42,cuda,ok,,12.077029919950292,-0.9948462247926806,0,0.0,False,10,50,73
0.00025,0.001,0.0005,1.0,20000,1e-07,42,cuda,ok,,12.037045851117,-0.9948462247926806,0,0.0,False,10,50,74
0.00025,0.001,0.0005,2.0,20000,1e-07,42,cuda,ok,,12.189882653998211,-0.9948462247926806,0,0.0,False,1,50,75
0.00025,0.001,0.0005,5.0,20000,1e-07,42,cuda,ok,,12.024986360920593,-0.9948462247926806,0,0.0,False,3,50,76
0.00025,0.001,0.0005,20.0,20000,1e-07,42,cuda,ok,,12.000482853967696,-0.9948462247926806,0,0.0,False,26,50,78
0.00025,0.001,0.001,0.5,20000,1e-07,42,cuda,ok,,12.077664674958214,-0.9948462247926806,0,0.0,False,10,50,81
0.00025,0.001,0.001,1.0,20000,1e-07,42,cuda,ok,,12.134893813170493,-0.9948462247926806,0,0.0,False,10,50,82
0.00025,0.001,0.001,2.0,20000,1e-07,42,cuda,ok,,11.992874825838953,-0.9948462247926806,0,0.0,False,1,50,83
0.00025,0.001,0.001,5.0,20000,1e-07,42,cuda,ok,,12.178320778068155,-0.9948462247926806,0,0.0,False,3,50,84
0.00025,0.001,0.001,20.0,20000,1e-07,42,cuda,ok,,11.993981027044356,-0.9948462247926806,0,0.0,False,26,50,86
0.00025,0.001,0.003,0.5,20000,1e-07,42,cuda,ok,,12.089041279861704,-0.9948462247926806,0,0.0,False,10,50,89
0.00025,0.001,0.003,1.0,20000,1e-07,42,cuda,ok,,11.993637048872188,-0.9948462247926806,0,0.0,False,10,50,90
0.00025,0.001,0.003,2.0,20000,1e-07,42,cuda,ok,,12.020111126126722,-0.9948462247926806,0,0.0,False,1,50,91
0.00025,0.001,0.003,5.0,20000,1e-07,42,cuda,ok,,12.023009493015707,-0.9948462247926806,0,0.0,False,3,50,92
0.00025,0.001,0.003,20.0,20000,1e-07,42,cuda,ok,,12.134897540090606,-0.9948462247926806,0,0.0,False,26,50,94
0.00025,0.002,0.0005,0.5,20000,1e-07,42,cuda,ok,,12.013162741903216,-0.9948462247926806,0,0.0,False,10,50,97
0.00025,0.002,0.0005,1.0,20000,1e-07,42,cuda,ok,,12.04074398893863,-0.9948462247926806,0,0.0,False,10,50,98
0.00025,0.002,0.0005,2.0,20000,1e-07,42,cuda,ok,,12.112165872938931,-0.9948462247926806,0,0.0,False,20,50,99
0.00025,0.002,0.0005,10.0,20000,1e-07,42,cuda,ok,,12.005950719118118,-0.9948462247926806,0,0.0,False,3,50,101
0.00025,0.002,0.0005,20.0,20000,1e-07,42,cuda,ok,,12.020782890962437,-0.9948462247926806,0,0.0,False,26,50,102
0.00025,0.002,0.0005,40.0,20000,1e-07,42,cuda,ok,,12.130952381994575,-0.9948462247926806,0,0.0,False,36,50,103
0.00025,0.002,0.001,0.5,20000,1e-07,42,cuda,ok,,11.998418753035367,-0.9948462247926806,0,0.0,False,10,50,105
0.00025,0.002,0.001,1.0,20000,1e-07,42,cuda,ok,,12.007741607958451,-0.9948462247926806,0,0.0,False,10,50,106
0.00025,0.002,0.001,2.0,20000,1e-07,42,cuda,ok,,12.385416868841276,-0.9948462247926806,0,0.0,False,20,50,107
0.00025,0.002,0.001,10.0,20000,1e-07,42,cuda,ok,,11.982933435821906,-0.9948462247926806,0,0.0,False,3,50,109
0.00025,0.002,0.001,20.0,20000,1e-07,42,cuda,ok,,12.020838758908212,-0.9948462247926806,0,0.0,False,26,50,110
0.00025,0.002,0.001,40.0,20000,1e-07,42,cuda,ok,,11.990142229013145,-0.9948462247926806,0,0.0,False,36,50,111
0.00025,0.002,0.003,0.5,20000,1e-07,42,cuda,ok,,12.120349155040458,-0.9948462247926806,0,0.0,False,10,50,113
0.00025,0.002,0.003,1.0,20000,1e-07,42,cuda,ok,,11.991089871153235,-0.9948462247926806,0,0.0,False,10,50,114
0.00025,0.002,0.003,2.0,20000,1e-07,42,cuda,ok,,11.994633444119245,-0.9948462247926806,0,0.0,False,20,50,115
0.00025,0.002,0.003,10.0,20000,1e-07,42,cuda,ok,,12.127826124895364,-0.9948462247926806,0,0.0,False,3,50,117
0.00025,0.002,0.003,20.0,20000,1e-07,42,cuda,ok,,11.995388036826625,-0.9948462247926806,0,0.0,False,26,50,118
0.00025,0.002,0.003,40.0,20000,1e-07,42,cuda,ok,,11.979199846973643,-0.9948462247926806,0,0.0,False,36,50,119
0.0005,0.0001,0.0005,0.5,20000,1e-07,42,cuda,ok,,12.277432224946097,-0.9948462247926806,0,0.0,False,1,50,121
0.0005,0.0001,0.0005,1.0,20000,1e-07,42,cuda,ok,,12.440175369847566,-0.9948462247926806,0,0.0,False,1,50,122
0.0005,0.0001,0.0005,2.0,20000,1e-07,42,cuda,ok,,11.987444651080295,-0.9948462247926806,0,0.0,False,2,50,123
0.0005,0.0001,0.0005,5.0,20000,1e-07,42,cuda,ok,,12.110960809979588,-0.9948462247926806,0,0.0,False,3,50,124
0.0005,0.0001,0.0005,20.0,20000,1e-07,42,cuda,ok,,11.988514608936384,-0.9948462247926806,0,0.0,False,5,50,126
0.0005,0.0001,0.001,0.5,20000,1e-07,42,cuda,ok,,11.97807892295532,-0.9948462247926806,0,0.0,False,1,50,129
0.0005,0.0001,0.001,1.0,20000,1e-07,42,cuda,ok,,12.01508711418137,-0.9948462247926806,0,0.0,False,1,50,130
0.0005,0.0001,0.001,2.0,20000,1e-07,42,cuda,ok,,12.004835728090256,-0.9948462247926806,0,0.0,False,2,50,131
0.0005,0.0001,0.001,5.0,20000,1e-07,42,cuda,ok,,12.263196632964537,-0.9948462247926806,0,0.0,False,3,50,132
0.0005,0.0001,0.001,20.0,20000,1e-07,42,cuda,ok,,12.000596502097324,-0.9948462247926806,0,0.0,False,5,50,134
0.0005,0.0001,0.003,0.5,20000,1e-07,42,cuda,ok,,12.146115487907082,-0.9948462247926806,0,0.0,False,1,50,137
0.0005,0.0001,0.003,1.0,20000,1e-07,42,cuda,ok,,12.118470021057874,-0.9948462247926806,0,0.0,False,1,50,138
0.0005,0.0001,0.003,2.0,20000,1e-07,42,cuda,ok,,12.373431603889912,-0.9948462247926806,0,0.0,False,2,50,139
0.0005,0.0001,0.003,5.0,20000,1e-07,42,cuda,ok,,12.093486221972853,-0.9948462247926806,0,0.0,False,3,50,140
0.0005,0.0001,0.003,20.0,20000,1e-07,42,cuda,ok,,12.248014545999467,-0.9948462247926806,0,0.0,False,5,50,142
0.0005,0.0002,0.0005,0.5,20000,1e-07,42,cuda,ok,,11.98516305605881,-0.9948462247926806,0,0.0,False,1,50,145
0.0005,0.0002,0.0005,1.0,20000,1e-07,42,cuda,ok,,12.10956325312145,-0.9948462247926806,0,0.0,False,1,50,146
0.0005,0.0002,0.0005,2.0,20000,1e-07,42,cuda,ok,,11.995746409986168,-0.9948462247926806,0,0.0,False,2,50,147
0.0005,0.0002,0.0005,5.0,20000,1e-07,42,cuda,ok,,12.001828213920817,-0.9948462247926806,0,0.0,False,3,50,148
0.0005,0.0002,0.001,0.5,20000,1e-07,42,cuda,ok,,12.022810643073171,-0.9948462247926806,0,0.0,False,1,50,153
0.0005,0.0002,0.001,1.0,20000,1e-07,42,cuda,ok,,12.028123670024797,-0.9948462247926806,0,0.0,False,1,50,154
0.0005,0.0002,0.001,2.0,20000,1e-07,42,cuda,ok,,12.15261477488093,-0.9948462247926806,0,0.0,False,2,50,155
0.0005,0.0002,0.001,5.0,20000,1e-07,42,cuda,ok,,12.021407314110547,-0.9948462247926806,0,0.0,False,3,50,156
0.0005,0.0002,0.003,0.5,20000,1e-07,42,cuda,ok,,11.99591659894213,-0.9948462247926806,0,0.0,False,1,50,161
0.0005,0.0002,0.003,1.0,20000,1e-07,42,cuda,ok,,11.978937496896833,-0.9948462247926806,0,0.0,False,1,50,162
0.0005,0.0002,0.003,2.0,20000,1e-07,42,cuda,ok,,11.971705784788355,-0.9948462247926806,0,0.0,False,2,50,163
0.0005,0.0002,0.003,5.0,20000,1e-07,42,cuda,ok,,12.021550433011726,-0.9948462247926806,0,0.0,False,3,50,164
0.0005,0.0005,0.0005,0.5,20000,1e-07,42,cuda,ok,,12.008769697044045,-0.9948462247926806,0,0.0,False,10,50,169
0.0005,0.0005,0.0005,1.0,20000,1e-07,42,cuda,ok,,12.130135352956131,-0.9948462247926806,0,0.0,False,1,50,170
0.0005,0.0005,0.0005,2.0,20000,1e-07,42,cuda,ok,,12.342677553882822,-0.9948462247926806,0,0.0,False,1,50,171
0.0005,0.0005,0.0005,5.0,20000,1e-07,42,cuda,ok,,12.01493472699076,-0.9948462247926806,0,0.0,False,3,50,172
0.0005,0.0005,0.001,0.5,20000,1e-07,42,cuda,ok,,12.018425278831273,-0.9948462247926806,0,0.0,False,10,50,177
0.0005,0.0005,0.001,1.0,20000,1e-07,42,cuda,ok,,12.010020547080785,-0.9948462247926806,0,0.0,False,1,50,178
0.0005,0.0005,0.001,2.0,20000,1e-07,42,cuda,ok,,11.992750657023862,-0.9948462247926806,0,0.0,False,1,50,179
0.0005,0.0005,0.001,5.0,20000,1e-07,42,cuda,ok,,11.99187930393964,-0.9948462247926806,0,0.0,False,3,50,180
0.0005,0.0005,0.003,0.5,20000,1e-07,42,cuda,ok,,12.024299612035975,-0.9948462247926806,0,0.0,False,10,50,185
0.0005,0.0005,0.003,1.0,20000,1e-07,42,cuda,ok,,12.01777882501483,-0.9948462247926806,0,0.0,False,1,50,186
0.0005,0.0005,0.003,2.0,20000,1e-07,42,cuda,ok,,11.992094872053713,-0.9948462247926806,0,0.0,False,1,50,187
0.0005,0.0005,0.003,5.0,20000,1e-07,42,cuda,ok,,12.108858372084796,-0.9948462247926806,0,0.0,False,3,50,188
0.0005,0.001,0.0005,0.5,20000,1e-07,42,cuda,ok,,12.162818748969585,-0.9948462247926806,0,0.0,False,10,50,193
0.0005,0.001,0.0005,1.0,20000,1e-07,42,cuda,ok,,12.014127684058622,-0.9948462247926806,0,0.0,False,10,50,194
0.0005,0.001,0.0005,2.0,20000,1e-07,42,cuda,ok,,11.982082022121176,-0.9948462247926806,0,0.0,False,1,50,195
0.0005,0.001,0.0005,5.0,20000,1e-07,42,cuda,ok,,11.998710688902065,-0.9948462247926806,0,0.0,False,3,50,196
0.0005,0.001,0.0005,20.0,20000,1e-07,42,cuda,ok,,12.135615187929943,-0.9948462247926806,0,0.0,False,36,50,198
0.0005,0.001,0.001,0.5,20000,1e-07,42,cuda,ok,,11.985426124883816,-0.9948462247926806,0,0.0,False,10,50,201
0.0005,0.001,0.001,1.0,20000,1e-07,42,cuda,ok,,12.016170969000086,-0.9948462247926806,0,0.0,False,10,50,202
0.0005,0.001,0.001,2.0,20000,1e-07,42,cuda,ok,,12.085910016903654,-0.9948462247926806,0,0.0,False,1,50,203
0.0005,0.001,0.001,5.0,20000,1e-07,42,cuda,ok,,11.943603321909904,-0.9948462247926806,0,0.0,False,3,50,204
0.0005,0.001,0.001,20.0,20000,1e-07,42,cuda,ok,,11.87097068503499,-0.9948462247926806,0,0.0,False,36,50,206
0.0005,0.001,0.003,0.5,20000,1e-07,42,cuda,ok,,11.904552415013313,-0.9948462247926806,0,0.0,False,10,50,209
0.0005,0.001,0.003,1.0,20000,1e-07,42,cuda,ok,,11.856878748163581,-0.9948462247926806,0,0.0,False,10,50,210
0.0005,0.001,0.003,2.0,20000,1e-07,42,cuda,ok,,11.922448855126277,-0.9948462247926806,0,0.0,False,1,50,211
0.0005,0.001,0.003,5.0,20000,1e-07,42,cuda,ok,,12.084458286873996,-0.9948462247926806,0,0.0,False,3,50,212
0.0005,0.001,0.003,20.0,20000,1e-07,42,cuda,ok,,12.003084141062573,-0.9948462247926806,0,0.0,False,36,50,214
0.0005,0.002,0.0005,0.5,20000,1e-07,42,cuda,ok,,12.077435642946512,-0.9948462247926806,0,0.0,False,10,50,217
0.0005,0.002,0.0005,1.0,20000,1e-07,42,cuda,ok,,12.032444715034217,-0.9948462247926806,0,0.0,False,10,50,218
0.0005,0.002,0.0005,2.0,20000,1e-07,42,cuda,ok,,11.953078343067318,-0.9948462247926806,0,0.0,False,20,50,219
0.0005,0.002,0.0005,20.0,20000,1e-07,42,cuda,ok,,12.023880213033408,-0.9948462247926806,0,0.0,False,26,50,222
0.0005,0.002,0.001,0.5,20000,1e-07,42,cuda,ok,,11.905919400975108,-0.9948462247926806,0,0.0,False,10,50,225
0.0005,0.002,0.001,1.0,20000,1e-07,42,cuda,ok,,12.06241666409187,-0.9948462247926806,0,0.0,False,10,50,226
0.0005,0.002,0.001,2.0,20000,1e-07,42,cuda,ok,,11.944626899901778,-0.9948462247926806,0,0.0,False,20,50,227
0.0005,0.002,0.001,20.0,20000,1e-07,42,cuda,ok,,11.998294849181548,-0.9948462247926806,0,0.0,False,26,50,230
0.0005,0.002,0.003,0.5,20000,1e-07,42,cuda,ok,,11.957682315958664,-0.9948462247926806,0,0.0,False,10,50,233
0.0005,0.002,0.003,1.0,20000,1e-07,42,cuda,ok,,11.850370058091357,-0.9948462247926806,0,0.0,False,10,50,234
0.0005,0.002,0.003,2.0,20000,1e-07,42,cuda,ok,,11.971108896890655,-0.9948462247926806,0,0.0,False,20,50,235
0.0005,0.002,0.003,20.0,20000,1e-07,42,cuda,ok,,11.96659326297231,-0.9948462247926806,0,0.0,False,26,50,238
0.001,0.0001,0.0005,0.5,20000,1e-07,42,cuda,ok,,11.872996896039695,-0.9948462247926806,0,0.0,False,1,50,241
0.001,0.0001,0.0005,1.0,20000,1e-07,42,cuda,ok,,11.946952481986955,-0.9948462247926806,0,0.0,False,1,50,242
0.001,0.0001,0.0005,2.0,20000,1e-07,42,cuda,ok,,11.92623939900659,-0.9948462247926806,0,0.0,False,2,50,243
0.001,0.0001,0.0005,5.0,20000,1e-07,42,cuda,ok,,11.941193077946082,-0.9948462247926806,0,0.0,False,12,50,244
0.001,0.0001,0.001,0.5,20000,1e-07,42,cuda,ok,,11.917579778004438,-0.9948462247926806,0,0.0,False,1,50,249
0.001,0.0001,0.001,1.0,20000,1e-07,42,cuda,ok,,12.053199507994577,-0.9948462247926806,0,0.0,False,1,50,250
0.001,0.0001,0.001,2.0,20000,1e-07,42,cuda,ok,,11.996385685168207,-0.9948462247926806,0,0.0,False,2,50,251
0.001,0.0001,0.001,5.0,20000,1e-07,42,cuda,ok,,11.932116489857435,-0.9948462247926806,0,0.0,False,12,50,252
0.001,0.0001,0.003,0.5,20000,1e-07,42,cuda,ok,,11.955381026957184,-0.9948462247926806,0,0.0,False,1,50,257
0.001,0.0001,0.003,1.0,20000,1e-07,42,cuda,ok,,11.987277151085436,-0.9948462247926806,0,0.0,False,1,50,258
0.001,0.0001,0.003,2.0,20000,1e-07,42,cuda,ok,,12.139391339151189,-0.9948462247926806,0,0.0,False,2,50,259
0.001,0.0001,0.003,5.0,20000,1e-07,42,cuda,ok,,12.017810666002333,-0.9948462247926806,0,0.0,False,12,50,260
0.001,0.0002,0.0005,0.5,20000,1e-07,42,cuda,ok,,11.977067923173308,-0.9948462247926806,0,0.0,False,1,50,265
0.001,0.0002,0.0005,1.0,20000,1e-07,42,cuda,ok,,12.004120166180655,-0.9948462247926806,0,0.0,False,1,50,266
0.001,0.0002,0.0005,2.0,20000,1e-07,42,cuda,ok,,12.00519324792549,-0.9948462247926806,0,0.0,False,2,50,267
0.001,0.0002,0.0005,5.0,20000,1e-07,42,cuda,ok,,12.014157516183332,-0.9948462247926806,0,0.0,False,3,50,268
0.001,0.0002,0.001,0.5,20000,1e-07,42,cuda,ok,,11.966360829072073,-0.9948462247926806,0,0.0,False,1,50,273
0.001,0.0002,0.001,1.0,20000,1e-07,42,cuda,ok,,12.106037207180634,-0.9948462247926806,0,0.0,False,1,50,274
0.001,0.0002,0.001,2.0,20000,1e-07,42,cuda,ok,,12.034177723806351,-0.9948462247926806,0,0.0,False,2,50,275
0.001,0.0002,0.001,5.0,20000,1e-07,42,cuda,ok,,12.088487969012931,-0.9948462247926806,0,0.0,False,3,50,276
0.001,0.0002,0.003,0.5,20000,1e-07,42,cuda,ok,,12.079534800024703,-0.9948462247926806,0,0.0,False,1,50,281
0.001,0.0002,0.003,1.0,20000,1e-07,42,cuda,ok,,12.07219701888971,-0.9948462247926806,0,0.0,False,1,50,282
0.001,0.0002,0.003,2.0,20000,1e-07,42,cuda,ok,,12.227779840119183,-0.9948462247926806,0,0.0,False,2,50,283
0.001,0.0002,0.003,5.0,20000,1e-07,42,cuda,ok,,12.060491033131257,-0.9948462247926806,0,0.0,False,3,50,284
0.001,0.0005,0.0005,0.5,20000,1e-07,42,cuda,ok,,11.979652341920882,-0.9948462247926806,0,0.0,False,10,50,289
0.001,0.0005,0.0005,1.0,20000,1e-07,42,cuda,ok,,12.013974386965856,-0.9948462247926806,0,0.0,False,1,50,290
0.001,0.0005,0.0005,2.0,20000,1e-07,42,cuda,ok,,12.056298097129911,-0.9948462247926806,0,0.0,False,1,50,291
0.001,0.0005,0.0005,5.0,20000,1e-07,42,cuda,ok,,12.067033891100436,-0.9948462247926806,0,0.0,False,3,50,292
0.001,0.0005,0.001,0.5,20000,1e-07,42,cuda,ok,,12.17570561193861,-0.9948462247926806,0,0.0,False,10,50,297
0.001,0.0005,0.001,1.0,20000,1e-07,42,cuda,ok,,12.136580467922613,-0.9948462247926806,0,0.0,False,1,50,298
0.001,0.0005,0.001,2.0,20000,1e-07,42,cuda,ok,,12.097109704976901,-0.9948462247926806,0,0.0,False,1,50,299
0.001,0.0005,0.001,5.0,20000,1e-07,42,cuda,ok,,12.073411375051364,-0.9948462247926806,0,0.0,False,3,50,300
0.001,0.0005,0.003,0.5,20000,1e-07,42,cuda,ok,,12.08618921181187,-0.9948462247926806,0,0.0,False,10,50,305
0.001,0.0005,0.003,1.0,20000,1e-07,42,cuda,ok,,12.168010805966333,-0.9948462247926806,0,0.0,False,1,50,306
0.001,0.0005,0.003,2.0,20000,1e-07,42,cuda,ok,,12.260469334898517,-0.9948462247926806,0,0.0,False,1,50,307
0.001,0.0005,0.003,5.0,20000,1e-07,42,cuda,ok,,12.079672785010189,-0.9948462247926806,0,0.0,False,3,50,308
0.001,0.001,0.0005,0.5,20000,1e-07,42,cuda,ok,,12.033096758183092,-0.9948462247926806,0,0.0,False,10,50,313
0.001,0.001,0.0005,1.0,20000,1e-07,42,cuda,ok,,12.063966020010412,-0.9948462247926806,0,0.0,False,10,50,314
0.001,0.001,0.0005,2.0,20000,1e-07,42,cuda,ok,,12.092443781904876,-0.9948462247926806,0,0.0,False,20,50,315
0.001,0.001,0.0005,5.0,20000,1e-07,42,cuda,ok,,12.156124740839005,-0.9948462247926806,0,0.0,False,3,50,316
0.001,0.001,0.001,0.5,20000,1e-07,42,cuda,ok,,12.174144057091326,-0.9948462247926806,0,0.0,False,10,50,321
0.001,0.001,0.001,1.0,20000,1e-07,42,cuda,ok,,12.072690191213042,-0.9948462247926806,0,0.0,False,10,50,322
0.001,0.001,0.001,2.0,20000,1e-07,42,cuda,ok,,12.079879692057148,-0.9948462247926806,0,0.0,False,20,50,323
0.001,0.001,0.001,5.0,20000,1e-07,42,cuda,ok,,12.04271856090054,-0.9948462247926806,0,0.0,False,3,50,324
0.001,0.001,0.003,0.5,20000,1e-07,42,cuda,ok,,12.024677325040102,-0.9948462247926806,0,0.0,False,10,50,329
0.001,0.001,0.003,1.0,20000,1e-07,42,cuda,ok,,12.176261621061713,-0.9948462247926806,0,0.0,False,10,50,330
0.001,0.001,0.003,2.0,20000,1e-07,42,cuda,ok,,12.1370789851062,-0.9948462247926806,0,0.0,False,20,50,331
0.001,0.001,0.003,5.0,20000,1e-07,42,cuda,ok,,12.053577282931656,-0.9948462247926806,0,0.0,False,3,50,332
0.001,0.002,0.0005,0.5,20000,1e-07,42,cuda,ok,,12.022638492053375,-0.9948462247926806,0,0.0,False,10,50,337
0.001,0.002,0.0005,1.0,20000,1e-07,42,cuda,ok,,12.086002173135057,-0.9948462247926806,0,0.0,False,10,50,338
0.001,0.002,0.0005,2.0,20000,1e-07,42,cuda,ok,,12.072937128832564,-0.9948462247926806,0,0.0,False,20,50,339
0.001,0.002,0.0005,20.0,20000,1e-07,42,cuda,ok,,12.021361315157264,-0.9948462247926806,0,0.0,False,36,50,342
0.001,0.002,0.001,0.5,20000,1e-07,42,cuda,ok,,12.19902760302648,-0.9948462247926806,0,0.0,False,10,50,345
0.001,0.002,0.001,1.0,20000,1e-07,42,cuda,ok,,12.086950049037114,-0.9948462247926806,0,0.0,False,10,50,346
0.001,0.002,0.001,2.0,20000,1e-07,42,cuda,ok,,12.127086058957502,-0.9948462247926806,0,0.0,False,20,50,347
0.001,0.002,0.001,20.0,20000,1e-07,42,cuda,ok,,12.092839163960889,-0.9948462247926806,0,0.0,False,36,50,350
0.001,0.002,0.003,0.5,20000,1e-07,42,cuda,ok,,12.093589137075469,-0.9948462247926806,0,0.0,False,10,50,353
0.001,0.002,0.003,1.0,20000,1e-07,42,cuda,ok,,12.203800344839692,-0.9948462247926806,0,0.0,False,10,50,354
0.001,0.002,0.003,2.0,20000,1e-07,42,cuda,ok,,12.093056101119146,-0.9948462247926806,0,0.0,False,20,50,355
0.001,0.002,0.003,20.0,20000,1e-07,42,cuda,ok,,12.084310720907524,-0.9948462247926806,0,0.0,False,36,50,358
0.002,0.0001,0.0005,0.5,20000,1e-07,42,cuda,ok,,12.083994574146345,-0.9948462247926806,0,0.0,False,1,50,361
0.002,0.0001,0.0005,1.0,20000,1e-07,42,cuda,ok,,12.08170053199865,-0.9948462247926806,0,0.0,False,1,50,362
0.002,0.0001,0.0005,2.0,20000,1e-07,42,cuda,ok,,12.131704641040415,-0.9948462247926806,0,0.0,False,2,50,363
0.002,0.0001,0.0005,5.0,20000,1e-07,42,cuda,ok,,12.21231254702434,-0.9948462247926806,0,0.0,False,12,50,364
0.002,0.0001,0.001,0.5,20000,1e-07,42,cuda,ok,,12.060515132034197,-0.9948462247926806,0,0.0,False,1,50,369
0.002,0.0001,0.001,1.0,20000,1e-07,42,cuda,ok,,12.259278890909627,-0.9948462247926806,0,0.0,False,1,50,370
0.002,0.0001,0.001,2.0,20000,1e-07,42,cuda,ok,,12.09909525187686,-0.9948462247926806,0,0.0,False,2,50,371
0.002,0.0001,0.001,5.0,20000,1e-07,42,cuda,ok,,12.036453824024647,-0.9948462247926806,0,0.0,False,12,50,372
0.002,0.0001,0.003,0.5,20000,1e-07,42,cuda,ok,,12.049604549072683,-0.9948462247926806,0,0.0,False,1,50,377
0.002,0.0001,0.003,1.0,20000,1e-07,42,cuda,ok,,12.188365238020197,-0.9948462247926806,0,0.0,False,1,50,378
0.002,0.0001,0.003,2.0,20000,1e-07,42,cuda,ok,,12.10214053792879,-0.9948462247926806,0,0.0,False,2,50,379
0.002,0.0001,0.003,5.0,20000,1e-07,42,cuda,ok,,12.06540932203643,-0.9948462247926806,0,0.0,False,12,50,380
0.002,0.0002,0.0005,0.5,20000,1e-07,42,cuda,ok,,12.039773666998371,-0.9948462247926806,0,0.0,False,1,50,385
0.002,0.0002,0.0005,1.0,20000,1e-07,42,cuda,ok,,12.052075858227909,-0.9948462247926806,0,0.0,False,1,50,386
0.002,0.0002,0.0005,2.0,20000,1e-07,42,cuda,ok,,12.191033354960382,-0.9948462247926806,0,0.0,False,2,50,387
0.002,0.0002,0.0005,5.0,20000,1e-07,42,cuda,ok,,12.072292795870453,-0.9948462247926806,0,0.0,False,12,50,388
0.002,0.0002,0.001,0.5,20000,1e-07,42,cuda,ok,,12.017629034118727,-0.9948462247926806,0,0.0,False,1,50,393
0.002,0.0002,0.001,1.0,20000,1e-07,42,cuda,ok,,12.007613274035975,-0.9948462247926806,0,0.0,False,1,50,394
0.002,0.0002,0.001,2.0,20000,1e-07,42,cuda,ok,,12.071067536016926,-0.9948462247926806,0,0.0,False,2,50,395
0.002,0.0002,0.001,5.0,20000,1e-07,42,cuda,ok,,12.070964746875688,-0.9948462247926806,0,0.0,False,12,50,396
0.002,0.0002,0.003,0.5,20000,1e-07,42,cuda,ok,,12.188233077060431,-0.9948462247926806,0,0.0,False,1,50,401
0.002,0.0002,0.003,1.0,20000,1e-07,42,cuda,ok,,12.087146376958117,-0.9948462247926806,0,0.0,False,1,50,402
0.002,0.0002,0.003,2.0,20000,1e-07,42,cuda,ok,,12.126278802985325,-0.9948462247926806,0,0.0,False,2,50,403
0.002,0.0002,0.003,5.0,20000,1e-07,42,cuda,ok,,12.064491807948798,-0.9948462247926806,0,0.0,False,12,50,404
0.002,0.0005,0.0005,0.5,20000,1e-07,42,cuda,ok,,12.055648640030995,-0.9948462247926806,0,0.0,False,10,50,409
0.002,0.0005,0.0005,1.0,20000,1e-07,42,cuda,ok,,12.062245985958725,-0.9948462247926806,0,0.0,False,1,50,410
0.002,0.0005,0.0005,2.0,20000,1e-07,42,cuda,ok,,12.304290737956762,-0.9948462247926806,0,0.0,False,1,50,411
0.002,0.0005,0.0005,5.0,20000,1e-07,42,cuda,ok,,12.108457586960867,-0.9948462247926806,0,0.0,False,3,50,412
0.002,0.0005,0.001,0.5,20000,1e-07,42,cuda,ok,,12.078455487033352,-0.9948462247926806,0,0.0,False,10,50,417
0.002,0.0005,0.001,1.0,20000,1e-07,42,cuda,ok,,12.100679867900908,-0.9948462247926806,0,0.0,False,1,50,418
0.002,0.0005,0.001,2.0,20000,1e-07,42,cuda,ok,,12.073849583044648,-0.9948462247926806,0,0.0,False,1,50,419
0.002,0.0005,0.001,5.0,20000,1e-07,42,cuda,ok,,12.208966911071911,-0.9948462247926806,0,0.0,False,3,50,420
0.002,0.0005,0.003,0.5,20000,1e-07,42,cuda,ok,,12.173249959945679,-0.9948462247926806,0,0.0,False,10,50,425
0.002,0.0005,0.003,1.0,20000,1e-07,42,cuda,ok,,12.082643150119111,-0.9948462247926806,0,0.0,False,1,50,426
0.002,0.0005,0.003,2.0,20000,1e-07,42,cuda,ok,,12.105317567940801,-0.9948462247926806,0,0.0,False,1,50,427
0.002,0.0005,0.003,5.0,20000,1e-07,42,cuda,ok,,12.447801287984475,-0.9948462247926806,0,0.0,False,3,50,428
0.002,0.001,0.0005,0.5,20000,1e-07,42,cuda,ok,,12.055686555802822,-0.9948462247926806,0,0.0,False,10,50,433
0.002,0.001,0.0005,1.0,20000,1e-07,42,cuda,ok,,12.065503436839208,-0.9948462247926806,0,0.0,False,10,50,434
0.002,0.001,0.0005,2.0,20000,1e-07,42,cuda,ok,,12.197779218899086,-0.9948462247926806,0,0.0,False,20,50,435
0.002,0.001,0.0005,5.0,20000,1e-07,42,cuda,ok,,12.0889599500224,-0.9948462247926806,0,0.0,False,3,50,436
0.002,0.001,0.001,0.5,20000,1e-07,42,cuda,ok,,12.030517137143761,-0.9948462247926806,0,0.0,False,10,50,441
0.002,0.001,0.001,1.0,20000,1e-07,42,cuda,ok,,12.041936195921153,-0.9948462247926806,0,0.0,False,10,50,442
0.002,0.001,0.001,2.0,20000,1e-07,42,cuda,ok,,12.02298706700094,-0.9948462247926806,0,0.0,False,20,50,443
0.002,0.001,0.001,5.0,20000,1e-07,42,cuda,ok,,12.176843625959009,-0.9948462247926806,0,0.0,False,3,50,444
0.002,0.001,0.003,0.5,20000,1e-07,42,cuda,ok,,12.201093511888757,-0.9948462247926806,0,0.0,False,10,50,449
0.002,0.001,0.003,1.0,20000,1e-07,42,cuda,ok,,12.08590354397893,-0.9948462247926806,0,0.0,False,10,50,450
0.002,0.001,0.003,2.0,20000,1e-07,42,cuda,ok,,12.088273545028642,-0.9948462247926806,0,0.0,False,20,50,451
0.002,0.001,0.003,5.0,20000,1e-07,42,cuda,ok,,12.114118518074974,-0.9948462247926806,0,0.0,False,3,50,452
0.002,0.002,0.0005,0.5,20000,1e-07,42,cuda,ok,,12.051752676954493,-0.9948462247926806,0,0.0,False,10,50,457
0.002,0.002,0.0005,1.0,20000,1e-07,42,cuda,ok,,12.211483230115846,-0.9948462247926806,0,0.0,False,10,50,458
0.002,0.002,0.0005,2.0,20000,1e-07,42,cuda,ok,,12.060384997865185,-0.9948462247926806,0,0.0,False,20,50,459
0.002,0.002,0.001,0.5,20000,1e-07,42,cuda,ok,,12.097408561967313,-0.9948462247926806,0,0.0,False,10,50,465
0.002,0.002,0.001,1.0,20000,1e-07,42,cuda,ok,,12.201743817189708,-0.9948462247926806,0,0.0,False,10,50,466
0.002,0.002,0.001,2.0,20000,1e-07,42,cuda,ok,,12.071925606112927,-0.9948462247926806,0,0.0,False,20,50,467
0.002,0.002,0.003,0.5,20000,1e-07,42,cuda,ok,,12.101789586013183,-0.9948462247926806,0,0.0,False,10,50,473
0.002,0.002,0.003,1.0,20000,1e-07,42,cuda,ok,,12.104604733875021,-0.9948462247926806,0,0.0,False,10,50,474
0.002,0.002,0.003,2.0,20000,1e-07,42,cuda,ok,,12.068852010881528,-0.9948462247926806,0,0.0,False,20,50,475
0.003,0.0001,0.0005,0.5,20000,1e-07,42,cuda,ok,,12.093440513825044,-0.9948462247926806,0,0.0,False,1,50,481
0.003,0.0001,0.0005,1.0,20000,1e-07,42,cuda,ok,,12.222280621994287,-0.9948462247926806,0,0.0,False,1,50,482
0.003,0.0001,0.0005,2.0,20000,1e-07,42,cuda,ok,,12.10169803793542,-0.9948462247926806,0,0.0,False,2,50,483
0.003,0.0001,0.0005,5.0,20000,1e-07,42,cuda,ok,,12.063123955857009,-0.9948462247926806,0,0.0,False,12,50,484
0.003,0.0001,0.001,0.5,20000,1e-07,42,cuda,ok,,12.062504261964932,-0.9948462247926806,0,0.0,False,1,50,489
0.003,0.0001,0.001,1.0,20000,1e-07,42,cuda,ok,,12.072290812851861,-0.9948462247926806,0,0.0,False,1,50,490
0.003,0.0001,0.001,2.0,20000,1e-07,42,cuda,ok,,12.191577506950125,-0.9948462247926806,0,0.0,False,2,50,491
0.003,0.0001,0.001,5.0,20000,1e-07,42,cuda,ok,,12.058505002874881,-0.9948462247926806,0,0.0,False,12,50,492
0.003,0.0001,0.003,0.5,20000,1e-07,42,cuda,ok,,12.013058776035905,-0.9948462247926806,0,0.0,False,1,50,497
0.003,0.0001,0.003,1.0,20000,1e-07,42,cuda,ok,,12.57760871713981,-0.9948462247926806,0,0.0,False,1,50,498
0.003,0.0001,0.003,2.0,20000,1e-07,42,cuda,ok,,12.024024449987337,-0.9948462247926806,0,0.0,False,2,50,499
0.003,0.0001,0.003,5.0,20000,1e-07,42,cuda,ok,,11.999052769038826,-0.9948462247926806,0,0.0,False,12,50,500
0.003,0.0002,0.0005,0.5,20000,1e-07,42,cuda,ok,,12.04763335105963,-0.9948462247926806,0,0.0,False,1,50,505
0.003,0.0002,0.0005,1.0,20000,1e-07,42,cuda,ok,,12.162273442838341,-0.9948462247926806,0,0.0,False,1,50,506
0.003,0.0002,0.0005,2.0,20000,1e-07,42,cuda,ok,,11.98969150497578,-0.9948462247926806,0,0.0,False,2,50,507
0.003,0.0002,0.0005,5.0,20000,1e-07,42,cuda,ok,,12.01968563394621,-0.9948462247926806,0,0.0,False,12,50,508
0.003,0.0002,0.001,0.5,20000,1e-07,42,cuda,ok,,12.015565995126963,-0.9948462247926806,0,0.0,False,1,50,513
0.003,0.0002,0.001,1.0,20000,1e-07,42,cuda,ok,,11.995215008966625,-0.9948462247926806,0,0.0,False,1,50,514
0.003,0.0002,0.001,2.0,20000,1e-07,42,cuda,ok,,12.126392486970872,-0.9948462247926806,0,0.0,False,2,50,515
0.003,0.0002,0.001,5.0,20000,1e-07,42,cuda,ok,,12.012407210888341,-0.9948462247926806,0,0.0,False,12,50,516
0.003,0.0002,0.003,0.5,20000,1e-07,42,cuda,ok,,11.991165752056986,-0.9948462247926806,0,0.0,False,1,50,521
0.003,0.0002,0.003,1.0,20000,1e-07,42,cuda,ok,,12.033917299006134,-0.9948462247926806,0,0.0,False,1,50,522
0.003,0.0002,0.003,2.0,20000,1e-07,42,cuda,ok,,12.040026228874922,-0.9948462247926806,0,0.0,False,2,50,523
0.003,0.0002,0.003,5.0,20000,1e-07,42,cuda,ok,,11.997892548097298,-0.9948462247926806,0,0.0,False,12,50,524
0.003,0.0005,0.0005,0.5,20000,1e-07,42,cuda,ok,,12.094429792836308,-0.9948462247926806,0,0.0,False,10,50,529
0.003,0.0005,0.0005,1.0,20000,1e-07,42,cuda,ok,,12.002705788007006,-0.9948462247926806,0,0.0,False,1,50,530
0.003,0.0005,0.0005,2.0,20000,1e-07,42,cuda,ok,,12.001635468099266,-0.9948462247926806,0,0.0,False,1,50,531
0.003,0.0005,0.0005,5.0,20000,1e-07,42,cuda,ok,,12.006653586169705,-0.9948462247926806,0,0.0,False,12,50,532
0.003,0.0005,0.001,0.5,20000,1e-07,42,cuda,ok,,11.983171285130084,-0.9948462247926806,0,0.0,False,10,50,537
0.003,0.0005,0.001,1.0,20000,1e-07,42,cuda,ok,,12.115370275918394,-0.9948462247926806,0,0.0,False,1,50,538
0.003,0.0005,0.001,2.0,20000,1e-07,42,cuda,ok,,12.122160061029717,-0.9948462247926806,0,0.0,False,1,50,539
0.003,0.0005,0.001,5.0,20000,1e-07,42,cuda,ok,,11.999945651041344,-0.9948462247926806,0,0.0,False,12,50,540
0.003,0.0005,0.003,0.5,20000,1e-07,42,cuda,ok,,12.047313291113824,-0.9948462247926806,0,0.0,False,10,50,545
0.003,0.0005,0.003,1.0,20000,1e-07,42,cuda,ok,,11.980196727905422,-0.9948462247926806,0,0.0,False,1,50,546
0.003,0.0005,0.003,2.0,20000,1e-07,42,cuda,ok,,12.01602561189793,-0.9948462247926806,0,0.0,False,1,50,547
0.003,0.0005,0.003,5.0,20000,1e-07,42,cuda,ok,,12.15538327395916,-0.9948462247926806,0,0.0,False,12,50,548
0.003,0.001,0.0005,0.5,20000,1e-07,42,cuda,ok,,12.13670450495556,-0.9948462247926806,0,0.0,False,10,50,553
0.003,0.001,0.0005,1.0,20000,1e-07,42,cuda,ok,,11.998911228962243,-0.9948462247926806,0,0.0,False,10,50,554
0.003,0.001,0.0005,2.0,20000,1e-07,42,cuda,ok,,11.976576103130355,-0.9948462247926806,0,0.0,False,20,50,555
0.003,0.001,0.0005,5.0,20000,1e-07,42,cuda,ok,,11.994079736061394,-0.9948462247926806,0,0.0,False,3,50,556
0.003,0.001,0.001,0.5,20000,1e-07,42,cuda,ok,,11.977343550184742,-0.9948462247926806,0,0.0,False,10,50,561
0.003,0.001,0.001,1.0,20000,1e-07,42,cuda,ok,,12.143435860052705,-0.9948462247926806,0,0.0,False,10,50,562
0.003,0.001,0.001,2.0,20000,1e-07,42,cuda,ok,,12.017903607105836,-0.9948462247926806,0,0.0,False,20,50,563
0.003,0.001,0.001,5.0,20000,1e-07,42,cuda,ok,,12.044836990069598,-0.9948462247926806,0,0.0,False,3,50,564
0.003,0.001,0.003,0.5,20000,1e-07,42,cuda,ok,,12.359235811047256,-0.9948462247926806,0,0.0,False,10,50,569
0.003,0.001,0.003,1.0,20000,1e-07,42,cuda,ok,,12.106352286878973,-0.9948462247926806,0,0.0,False,10,50,570
0.003,0.001,0.003,2.0,20000,1e-07,42,cuda,ok,,12.056302668061107,-0.9948462247926806,0,0.0,False,20,50,571
0.003,0.001,0.003,5.0,20000,1e-07,42,cuda,ok,,12.201600563013926,-0.9948462247926806,0,0.0,False,3,50,572
0.003,0.002,0.0005,0.5,20000,1e-07,42,cuda,ok,,12.119594141142443,-0.9948462247926806,0,0.0,False,10,50,577
0.003,0.002,0.0005,1.0,20000,1e-07,42,cuda,ok,,12.038764308905229,-0.9948462247926806,0,0.0,False,10,50,578
0.003,0.002,0.0005,2.0,20000,1e-07,42,cuda,ok,,11.958467880962417,-0.9948462247926806,0,0.0,False,20,50,579
0.003,0.002,0.001,0.5,20000,1e-07,42,cuda,ok,,11.992479499196634,-0.9948462247926806,0,0.0,False,10,50,585
0.003,0.002,0.001,1.0,20000,1e-07,42,cuda,ok,,12.117800215026364,-0.9948462247926806,0,0.0,False,10,50,586
0.003,0.002,0.001,2.0,20000,1e-07,42,cuda,ok,,11.965106037911028,-0.9948462247926806,0,0.0,False,20,50,587
0.003,0.002,0.003,0.5,20000,1e-07,42,cuda,ok,,11.980455965036526,-0.9948462247926806,0,0.0,False,10,50,593
0.003,0.002,0.003,1.0,20000,1e-07,42,cuda,ok,,11.999987359158695,-0.9948462247926806,0,0.0,False,10,50,594
0.003,0.002,0.003,2.0,20000,1e-07,42,cuda,ok,,12.085927259875461,-0.9948462247926806,0,0.0,False,20,50,595
0.005,0.0001,0.0005,0.5,20000,1e-07,42,cuda,ok,,11.975940590025857,-0.9948462247926806,0,0.0,False,1,50,601
0.005,0.0001,0.0005,1.0,20000,1e-07,42,cuda,ok,,12.023118520854041,-0.9948462247926806,0,0.0,False,1,50,602
0.005,0.0001,0.0005,2.0,20000,1e-07,42,cuda,ok,,12.042637014994398,-0.9948462247926806,0,0.0,False,2,50,603
0.005,0.0001,0.0005,5.0,20000,1e-07,42,cuda,ok,,11.973678147885948,-0.9948462247926806,0,0.0,False,12,50,604
0.005,0.0001,0.001,0.5,20000,1e-07,42,cuda,ok,,11.994607790140435,-0.9948462247926806,0,0.0,False,1,50,609
0.005,0.0001,0.001,1.0,20000,1e-07,42,cuda,ok,,12.12110227602534,-0.9948462247926806,0,0.0,False,1,50,610
0.005,0.0001,0.001,2.0,20000,1e-07,42,cuda,ok,,11.98499301681295,-0.9948462247926806,0,0.0,False,2,50,611
0.005,0.0001,0.001,5.0,20000,1e-07,42,cuda,ok,,11.958022803999484,-0.9948462247926806,0,0.0,False,12,50,612
0.005,0.0001,0.003,0.5,20000,1e-07,42,cuda,ok,,11.969987678108737,-0.9948462247926806,0,0.0,False,1,50,617
0.005,0.0001,0.003,1.0,20000,1e-07,42,cuda,ok,,11.95629780786112,-0.9948462247926806,0,0.0,False,1,50,618
0.005,0.0001,0.003,2.0,20000,1e-07,42,cuda,ok,,12.100315721938387,-0.9948462247926806,0,0.0,False,2,50,619
0.005,0.0001,0.003,5.0,20000,1e-07,42,cuda,ok,,11.993716647149995,-0.9948462247926806,0,0.0,False,12,50,620
0.005,0.0002,0.0005,0.5,20000,1e-07,42,cuda,ok,,12.037704884074628,-0.9948462247926806,0,0.0,False,10,50,625
0.005,0.0002,0.0005,1.0,20000,1e-07,42,cuda,ok,,12.003313481109217,-0.9948462247926806,0,0.0,False,1,50,626
0.005,0.0002,0.0005,2.0,20000,1e-07,42,cuda,ok,,12.006184407975525,-0.9948462247926806,0,0.0,False,2,50,627
0.005,0.0002,0.0005,5.0,20000,1e-07,42,cuda,ok,,11.9608044330962,-0.9948462247926806,0,0.0,False,12,50,628
0.005,0.0002,0.001,0.5,20000,1e-07,42,cuda,ok,,12.087426646146923,-0.9948462247926806,0,0.0,False,10,50,633
0.005,0.0002,0.001,1.0,20000,1e-07,42,cuda,ok,,11.956762254005298,-0.9948462247926806,0,0.0,False,1,50,634
0.005,0.0002,0.001,2.0,20000,1e-07,42,cuda,ok,,11.991914130980149,-0.9948462247926806,0,0.0,False,2,50,635
0.005,0.0002,0.001,5.0,20000,1e-07,42,cuda,ok,,11.953760278178379,-0.9948462247926806,0,0.0,False,12,50,636
0.005,0.0002,0.003,0.5,20000,1e-07,42,cuda,ok,,11.944449961883947,-0.9948462247926806,0,0.0,False,10,50,641
0.005,0.0002,0.003,1.0,20000,1e-07,42,cuda,ok,,11.974076410057023,-0.9948462247926806,0,0.0,False,1,50,642
0.005,0.0002,0.003,2.0,20000,1e-07,42,cuda,ok,,12.314886909909546,-0.9948462247926806,0,0.0,False,2,50,643
0.005,0.0002,0.003,5.0,20000,1e-07,42,cuda,ok,,11.970575721003115,-0.9948462247926806,0,0.0,False,12,50,644
0.005,0.0005,0.0005,0.5,20000,1e-07,42,cuda,ok,,12.02330440795049,-0.9948462247926806,0,0.0,False,10,50,649
0.005,0.0005,0.0005,1.0,20000,1e-07,42,cuda,ok,,12.036375273950398,-0.9948462247926806,0,0.0,False,10,50,650
0.005,0.0005,0.0005,2.0,20000,1e-07,42,cuda,ok,,12.007911080960184,-0.9948462247926806,0,0.0,False,1,50,651
0.005,0.0005,0.0005,5.0,20000,1e-07,42,cuda,ok,,12.145143030909821,-0.9948462247926806,0,0.0,False,3,50,652
0.005,0.0005,0.001,0.5,20000,1e-07,42,cuda,ok,,12.12320182705298,-0.9948462247926806,0,0.0,False,10,50,657
0.005,0.0005,0.001,1.0,20000,1e-07,42,cuda,ok,,12.006877599051222,-0.9948462247926806,0,0.0,False,10,50,658
0.005,0.0005,0.001,2.0,20000,1e-07,42,cuda,ok,,12.027866771211848,-0.9948462247926806,0,0.0,False,1,50,659
0.005,0.0005,0.001,5.0,20000,1e-07,42,cuda,ok,,12.027232697000727,-0.9948462247926806,0,0.0,False,3,50,660
0.005,0.0005,0.003,0.5,20000,1e-07,42,cuda,ok,,11.97517931391485,-0.9948462247926806,0,0.0,False,10,50,665
0.005,0.0005,0.003,1.0,20000,1e-07,42,cuda,ok,,12.111169593874365,-0.9948462247926806,0,0.0,False,10,50,666
0.005,0.0005,0.003,2.0,20000,1e-07,42,cuda,ok,,11.978630467085168,-0.9948462247926806,0,0.0,False,1,50,667
0.005,0.0005,0.003,5.0,20000,1e-07,42,cuda,ok,,12.037129406817257,-0.9948462247926806,0,0.0,False,3,50,668
0.005,0.001,0.0005,0.5,20000,1e-07,42,cuda,ok,,11.97632085508667,-0.9948462247926806,0,0.0,False,10,50,673
0.005,0.001,0.0005,1.0,20000,1e-07,42,cuda,ok,,12.036589632043615,-0.9948462247926806,0,0.0,False,10,50,674
0.005,0.001,0.0005,2.0,20000,1e-07,42,cuda,ok,,12.008728625020012,-0.9948462247926806,0,0.0,False,20,50,675
0.005,0.001,0.0005,5.0,20000,1e-07,42,cuda,ok,,12.132062705932185,-0.9948462247926806,0,0.0,False,3,50,676
0.005,0.001,0.001,0.5,20000,1e-07,42,cuda,ok,,12.115004983032122,-0.9948462247926806,0,0.0,False,10,50,681
0.005,0.001,0.001,1.0,20000,1e-07,42,cuda,ok,,11.992232447955757,-0.9948462247926806,0,0.0,False,10,50,682
0.005,0.001,0.001,2.0,20000,1e-07,42,cuda,ok,,12.014559127856046,-0.9948462247926806,0,0.0,False,20,50,683
0.005,0.001,0.001,5.0,20000,1e-07,42,cuda,ok,,12.00849662697874,-0.9948462247926806,0,0.0,False,3,50,684
0.005,0.001,0.003,0.5,20000,1e-07,42,cuda,ok,,12.007498373044655,-0.9948462247926806,0,0.0,False,10,50,689
0.005,0.001,0.003,1.0,20000,1e-07,42,cuda,ok,,12.11836917186156,-0.9948462247926806,0,0.0,False,10,50,690
0.005,0.001,0.003,2.0,20000,1e-07,42,cuda,ok,,12.023757591843605,-0.9948462247926806,0,0.0,False,20,50,691
0.005,0.001,0.003,5.0,20000,1e-07,42,cuda,ok,,11.97523303097114,-0.9948462247926806,0,0.0,False,3,50,692
0.005,0.002,0.0005,0.5,20000,1e-07,42,cuda,ok,,11.997183773899451,-0.9948462247926806,0,0.0,False,10,50,697
0.005,0.002,0.0005,1.0,20000,1e-07,42,cuda,ok,,12.004698924021795,-0.9948462247926806,0,0.0,False,10,50,698
0.005,0.002,0.0005,2.0,20000,1e-07,42,cuda,ok,,12.06697282497771,-0.9948462247926806,0,0.0,False,20,50,699
0.005,0.002,0.001,0.5,20000,1e-07,42,cuda,ok,,12.025239779846743,-0.9948462247926806,0,0.0,False,10,50,705
0.005,0.002,0.001,1.0,20000,1e-07,42,cuda,ok,,11.977767830947414,-0.9948462247926806,0,0.0,False,10,50,706
0.005,0.002,0.001,2.0,20000,1e-07,42,cuda,ok,,12.028952449094504,-0.9948462247926806,0,0.0,False,20,50,707
0.005,0.002,0.003,0.5,20000,1e-07,42,cuda,ok,,12.014662155183032,-0.9948462247926806,0,0.0,False,10,50,713
0.005,0.002,0.003,1.0,20000,1e-07,42,cuda,ok,,12.109292424982414,-0.9948462247926806,0,0.0,False,10,50,714
0.005,0.002,0.003,2.0,20000,1e-07,42,cuda,ok,,12.040858004009351,-0.9948462247926806,0,0.0,False,20,50,715
